Symbol,Date,Open,High,Low,Close,Volume
005860,1996-07-01,70,70,70,71,0
005860,1996-07-02,70,70,70,71,0
005860,1996-07-03,70,70,70,71,0
005860,1996-07-04,70,70,70,71,0
005860,1996-07-05,70,70,70,71,0
005860,1996-07-06,70,70,70,71,0
005860,1996-07-08,70,70,70,71,0
005860,1996-07-09,70,70,70,71,0
005860,1996-07-10,70,70,70,71,0
005860,1996-07-11,70,70,70,71,0
005860,1996-07-12,70,70,70,71,0
005860,1996-07-13,70,70,70,71,0
005860,1996-07-15,70,70,70,71,0
005860,1996-07-16,70,70,70,71,0
005860,1996-07-18,70,70,70,71,0
005860,1996-07-19,70,70,70,71,0
005860,1996-07-20,70,70,70,71,0
005860,1996-07-22,70,70,70,71,0
005860,1996-07-23,70,70,70,71,0
005860,1996-07-24,70,70,70,71,0
005860,1996-07-25,70,70,70,71,2000
005860,1996-07-26,70,70,70,71,0
005860,1996-07-27,70,70,70,71,0
005860,1996-07-29,70,70,70,71,0
005860,1996-07-30,70,70,70,71,0
005860,1996-07-31,70,70,70,71,0
005860,1996-08-01,70,70,70,71,0
005860,1996-08-02,70,70,70,71,0
005860,1996-08-03,70,70,70,71,0
005860,1996-08-05,70,70,70,71,0
005860,1996-08-06,70,70,70,71,0
005860,1996-08-07,70,70,70,71,0
005860,1996-08-08,70,70,70,71,0
005860,1996-08-09,70,70,70,71,0
005860,1996-08-10,70,70,70,71,0
005860,1996-08-12,70,70,70,71,0
005860,1996-08-13,70,70,70,71,0
005860,1996-08-14,70,70,70,71,0
005860,1996-08-16,70,70,70,71,0
005860,1996-08-17,70,70,70,71,0
005860,1996-08-19,70,70,70,71,0
005860,1996-08-20,70,70,70,71,0
005860,1996-08-21,70,70,70,71,0
005860,1996-08-22,70,70,70,71,0
005860,1996-08-23,70,70,70,71,0
005860,1996-08-24,70,70,70,71,0
005860,1996-08-26,70,70,70,71,0
005860,1996-08-27,70,70,70,71,0
005860,1996-08-28,70,70,70,71,2000
005860,1996-08-29,72,72,72,72,2000
005860,1996-08-30,72,72,72,72,0
005860,1996-08-31,72,72,72,72,0
005860,1996-09-02,72,72,72,72,0
005860,1996-09-03,72,72,72,72,0
005860,1996-09-04,72,72,72,72,0
005860,1996-09-05,72,72,72,72,0
005860,1996-09-06,72,72,72,72,0
005860,1996-09-07,72,72,72,72,0
005860,1996-09-09,72,72,72,72,0
005860,1996-09-10,72,72,72,72,0
005860,1996-09-11,72,72,72,72,0
005860,1996-09-12,72,72,72,72,0
005860,1996-09-13,72,72,72,72,0
005860,1996-09-14,72,72,72,72,0
005860,1996-09-16,72,72,72,72,0
005860,1996-09-17,72,72,72,72,0
005860,1996-09-18,72,72,72,72,0
005860,1996-09-19,72,72,72,72,0
005860,1996-09-20,72,72,72,72,0
005860,1996-09-21,72,72,72,72,0
005860,1996-09-23,72,72,72,72,0
005860,1996-09-24,70,70,70,71,2000
005860,1996-09-25,70,70,70,71,0
005860,1996-09-30,70,70,70,71,0
005860,1996-10-01,70,70,70,71,0
005860,1996-10-02,70,70,70,71,0
005860,1996-10-04,70,70,70,71,0
005860,1996-10-05,70,70,70,71,0
005860,1996-10-07,70,70,70,71,0
005860,1996-10-08,70,70,70,71,0
005860,1996-10-09,70,70,70,71,0
005860,1996-10-10,70,70,70,71,0
005860,1996-10-11,70,70,70,71,0
005860,1996-10-12,70,70,70,71,0
005860,1996-10-14,70,70,70,71,0
005860,1996-10-15,70,70,70,71,0
005860,1996-10-16,70,70,70,71,0
005860,1996-10-17,70,70,70,71,0
005860,1996-10-18,70,70,70,71,0
005860,1996-10-19,70,70,70,71,0
005860,1996-10-21,70,70,70,71,0
005860,1996-10-22,70,70,70,71,0
005860,1996-10-23,70,70,70,71,0
005860,1996-10-24,70,70,70,71,0
005860,1996-10-25,70,70,70,71,0
005860,1996-10-26,75,75,75,74,0
005860,1996-10-28,75,75,75,74,0
005860,1996-10-29,78,78,78,77,0
005860,1996-10-30,80,80,80,80,0
005860,1996-10-31,84,84,84,85,0
005860,1996-11-01,84,84,84,85,0
005860,1996-11-02,84,84,84,85,0
005860,1996-11-04,84,84,84,85,0
005860,1996-11-05,84,84,84,85,0
005860,1996-11-06,84,84,84,85,0
005860,1996-11-07,84,84,84,85,0
005860,1996-11-08,84,84,84,85,0
005860,1996-11-09,84,84,84,85,0
005860,1996-11-11,84,84,84,85,0
005860,1996-11-12,84,84,84,85,0
005860,1996-11-13,84,84,84,85,0
005860,1996-11-14,84,84,84,85,0
005860,1996-11-15,84,84,84,85,0
005860,1996-11-16,84,84,84,85,0
005860,1996-11-18,84,84,84,85,0
005860,1996-11-19,84,84,84,85,0
005860,1996-11-20,84,84,84,85,0
005860,1996-11-21,91,91,91,92,2000
005860,1996-11-22,91,91,91,92,0
005860,1996-11-25,91,91,91,92,0
005860,1996-11-26,91,91,91,92,0
005860,1996-11-27,91,91,91,92,0
005860,1996-11-28,91,91,91,92,0
005860,1996-11-29,91,91,91,92,0
005860,1996-11-30,91,91,91,92,0
005860,1996-12-02,91,91,91,92,0
005860,1996-12-03,91,91,91,92,0
005860,1996-12-04,91,91,91,92,0
005860,1996-12-05,91,91,91,92,0
005860,1996-12-06,91,91,91,92,0
005860,1996-12-07,91,91,91,92,0
005860,1996-12-09,91,91,91,92,0
005860,1996-12-10,91,91,91,92,0
005860,1996-12-11,91,91,91,92,0
005860,1996-12-12,91,91,91,92,0
005860,1996-12-13,91,91,91,92,0
005860,1996-12-14,91,91,91,92,0
005860,1996-12-16,91,91,91,92,0
005860,1996-12-17,91,91,91,92,0
005860,1996-12-18,91,91,91,92,0
005860,1996-12-19,93,93,93,93,4000
005860,1996-12-20,100,100,100,99,0
005860,1996-12-21,106,106,106,107,0
005860,1996-12-23,116,116,116,115,0
005860,1996-12-24,116,116,116,115,0
005860,1996-12-26,123,123,123,124,0
005860,1996-12-27,133,133,133,134,0
005860,1997-01-03,144,144,144,144,0
005860,1997-01-04,144,144,144,144,0
005860,1997-01-06,144,144,144,144,0
005860,1997-01-07,144,144,144,144,0
005860,1997-01-08,144,144,144,144,0
005860,1997-01-09,144,144,144,144,0
005860,1997-01-10,144,144,144,144,0
005860,1997-01-11,144,144,144,144,0
005860,1997-01-13,155,155,155,155,0
005860,1997-01-14,155,155,155,155,0
005860,1997-01-15,155,155,155,155,0
005860,1997-01-16,168,168,168,168,0
005860,1997-01-17,182,182,182,181,0
005860,1997-01-18,182,182,182,181,0
005860,1997-01-20,182,182,182,181,0
005860,1997-01-21,182,182,182,181,0
005860,1997-01-22,196,196,196,196,0
005860,1997-01-23,196,196,196,196,0
005860,1997-01-24,210,210,210,211,0
005860,1997-01-25,228,228,228,228,0
005860,1997-01-27,247,247,247,246,0
005860,1997-01-28,265,265,265,265,0
005860,1997-01-29,286,286,286,286,0
005860,1997-01-30,286,286,286,286,2000
005860,1997-01-31,263,263,263,263,0
005860,1997-02-01,242,242,242,242,0
005860,1997-02-03,223,223,223,223,0
005860,1997-02-04,223,223,223,223,0
005860,1997-02-05,206,206,206,206,0
005860,1997-02-06,190,190,190,190,0
005860,1997-02-10,174,174,174,175,0
005860,1997-02-11,162,162,162,161,0
005860,1997-02-12,147,147,147,148,0
005860,1997-02-13,136,136,136,136,2000
005860,1997-02-14,126,126,126,126,1000
005860,1997-02-15,126,126,126,126,0
005860,1997-02-17,136,136,136,135,0
005860,1997-02-18,136,136,136,135,0
005860,1997-02-19,146,146,146,146,0
005860,1997-02-20,146,146,146,146,0
005860,1997-02-21,146,146,146,146,0
005860,1997-02-22,146,146,146,146,0
005860,1997-02-24,158,158,158,157,0
005860,1997-02-25,158,158,158,157,0
005860,1997-02-26,170,170,170,170,0
005860,1997-02-27,184,184,184,183,0
005860,1997-02-28,169,169,169,169,200
005860,1997-03-03,169,169,169,169,0
005860,1997-03-04,183,183,183,182,0
005860,1997-03-05,175,175,175,175,200
005860,1997-03-06,168,190,168,190,300
005860,1997-03-07,188,188,174,175,220
005860,1997-03-08,174,174,174,175,0
005860,1997-03-10,162,162,162,161,0
005860,1997-03-11,173,173,173,174,0
005860,1997-03-12,188,188,188,188,20
005860,1997-03-13,172,202,172,202,40
005860,1997-03-14,187,187,187,187,20
005860,1997-03-15,172,172,172,172,0
005860,1997-03-17,158,185,158,185,60
005860,1997-03-18,185,201,185,200,2120
005860,1997-03-19,184,184,184,184,1340
005860,1997-03-20,170,170,170,170,400
005860,1997-03-21,170,170,170,170,0
005860,1997-03-22,170,170,170,170,0
005860,1997-03-24,170,170,170,170,0
005860,1997-03-25,170,170,170,170,0
005860,1997-03-26,170,170,170,170,0
005860,1997-03-27,170,170,170,170,0
005860,1997-03-28,170,170,170,170,0
005860,1997-03-29,170,170,170,170,0
005860,1997-03-31,170,170,170,170,0
005860,1997-04-01,170,170,170,170,0
005860,1997-04-02,170,170,170,170,0
005860,1997-04-03,170,170,170,170,0
005860,1997-04-04,170,170,170,170,0
005860,1997-04-07,170,170,170,170,0
005860,1997-04-08,170,170,170,170,0
005860,1997-04-09,170,170,170,170,0
005860,1997-04-10,170,170,170,170,0
005860,1997-04-11,170,170,170,170,0
005860,1997-04-12,170,170,170,170,0
005860,1997-04-14,170,170,170,170,0
005860,1997-04-15,170,170,170,170,0
005860,1997-04-16,170,170,170,170,0
005860,1997-04-17,170,170,170,170,0
005860,1997-04-18,170,170,170,170,0
005860,1997-04-19,170,170,170,170,0
005860,1997-04-21,170,170,170,170,0
005860,1997-04-22,170,170,170,170,0
005860,1997-04-23,170,170,170,170,0
005860,1997-04-24,170,170,170,170,0
005860,1997-04-25,170,170,170,170,0
005860,1997-04-26,170,170,170,170,0
005860,1997-04-28,170,170,170,170,0
005860,1997-04-29,170,170,170,170,0
005860,1997-04-30,170,170,170,170,0
005860,1997-05-02,170,170,170,170,0
005860,1997-05-03,170,170,170,170,0
005860,1997-05-06,170,170,170,170,0
005860,1997-05-07,170,170,170,170,0
005860,1997-05-08,170,170,170,170,0
005860,1997-05-09,170,170,170,170,0
005860,1997-05-10,170,170,170,170,0
005860,1997-05-12,170,170,170,170,0
005860,1997-05-13,170,170,170,170,0
005860,1997-05-15,170,170,170,170,0
005860,1997-05-16,170,170,170,170,0
005860,1997-05-17,170,170,170,170,0
005860,1997-05-19,170,170,170,170,0
005860,1997-05-20,170,170,170,170,0
005860,1997-05-21,170,170,170,170,0
005860,1997-05-22,170,170,170,170,0
005860,1997-05-23,170,170,170,170,0
005860,1997-05-24,170,170,170,170,0
005860,1997-05-26,170,170,170,170,0
005860,1997-05-27,170,170,170,170,0
005860,1997-05-28,170,170,170,170,0
005860,1997-05-29,170,170,170,170,0
005860,1997-05-30,170,170,170,170,0
005860,1997-05-31,170,170,170,170,0
005860,1997-06-02,170,170,170,170,0
005860,1997-06-03,170,170,170,170,0
005860,1997-06-04,170,170,170,170,0
005860,1997-06-05,170,170,170,170,0
005860,1997-06-07,170,170,170,170,0
005860,1997-06-09,170,170,170,170,0
005860,1997-06-10,170,170,170,170,0
005860,1997-06-11,170,170,170,170,0
005860,1997-06-12,170,170,170,170,0
005860,1997-06-13,170,170,170,170,0
005860,1997-06-14,170,170,170,170,0
005860,1997-06-16,170,170,170,170,0
005860,1997-06-17,170,170,170,170,0
005860,1997-06-18,170,170,170,170,0
005860,1997-06-19,170,170,170,170,0
005860,1997-06-20,170,170,170,170,0
005860,1997-06-21,170,170,170,170,0
005860,1997-06-23,170,170,170,170,0
005860,1997-06-24,170,170,170,170,0
005860,1997-06-25,170,170,170,170,0
005860,1997-06-26,170,170,170,170,0
005860,1997-06-27,170,170,170,170,0
005860,1997-06-28,170,170,170,170,0
005860,1997-06-30,170,170,170,170,0
005860,1997-07-01,170,170,170,170,0
005860,1997-07-02,170,170,170,170,0
005860,1997-07-03,170,170,170,170,0
005860,1997-07-04,170,170,170,170,0
005860,1997-07-05,170,170,170,170,0
005860,1997-07-07,170,170,170,170,0
005860,1997-07-08,170,170,170,170,0
005860,1997-07-09,170,170,170,170,0
005860,1997-07-10,170,170,170,170,0
005860,1997-07-11,170,170,170,170,0
005860,1997-07-12,170,170,170,170,0
005860,1997-07-14,170,170,170,170,0
005860,1997-07-15,170,170,170,170,0
005860,1997-07-16,170,170,170,170,0
005860,1997-07-18,170,170,170,170,0
005860,1997-07-19,170,170,170,170,0
005860,1997-07-21,170,170,170,170,0
005860,1997-07-22,170,170,170,170,0
005860,1997-07-23,170,170,170,170,0
005860,1997-07-24,170,170,170,170,0
005860,1997-07-25,170,170,170,170,0
005860,1997-07-26,170,170,170,170,0
005860,1997-07-28,170,170,170,170,0
005860,1997-07-29,170,170,170,170,0
005860,1997-07-30,170,170,170,170,0
005860,1997-07-31,170,170,170,170,0
005860,1997-08-01,170,170,170,170,0
005860,1997-08-02,170,170,170,170,0
005860,1997-08-04,170,170,170,170,0
005860,1997-08-05,170,170,170,170,0
005860,1997-08-06,170,170,170,170,0
005860,1997-08-07,170,170,170,170,0
005860,1997-08-08,170,170,170,170,0
005860,1997-08-09,170,170,170,170,0
005860,1997-08-11,170,170,170,170,0
005860,1997-08-12,170,170,170,170,0
005860,1997-08-13,170,170,170,170,0
005860,1997-08-14,170,170,170,170,0
005860,1997-08-16,170,170,170,170,0
005860,1997-08-18,170,170,170,170,0
005860,1997-08-19,170,170,170,170,0
005860,1997-08-20,170,170,170,170,0
005860,1997-08-21,170,170,170,170,0
005860,1997-08-22,170,170,170,170,0
005860,1997-08-23,170,170,170,170,0
005860,1997-08-25,170,170,170,170,0
005860,1997-08-26,170,170,170,170,0
005860,1997-08-27,170,170,170,170,0
005860,1997-08-28,170,170,170,170,0
005860,1997-08-29,170,170,170,170,0
005860,1997-08-30,170,170,170,170,0
005860,1997-09-01,170,170,170,170,0
005860,1997-09-02,170,170,170,170,0
005860,1997-09-03,170,170,170,170,0
005860,1997-09-04,170,170,170,170,0
005860,1997-09-05,170,170,170,170,0
005860,1997-09-06,170,170,170,170,0
005860,1997-09-08,170,170,170,170,0
005860,1997-09-09,170,170,170,170,0
005860,1997-09-10,170,170,170,170,0
005860,1997-09-11,170,170,170,170,0
005860,1997-09-12,170,170,170,170,0
005860,1997-09-13,170,170,170,170,0
005860,1997-09-18,170,170,170,170,0
005860,1997-09-19,170,170,170,170,0
005860,1997-09-20,170,170,170,170,0
005860,1997-09-22,170,170,170,170,0
005860,1997-09-23,170,170,170,170,0
005860,1997-09-24,170,170,170,170,0
005860,1997-09-25,170,170,170,170,0
005860,1997-09-26,170,170,170,170,0
005860,1997-09-27,170,170,170,170,0
005860,1997-09-29,170,170,170,170,0
005860,1997-09-30,170,170,170,170,0
005860,1997-10-01,170,170,170,170,0
005860,1997-10-02,170,170,170,170,0
005860,1997-10-04,170,170,170,170,0
005860,1997-10-06,170,170,170,170,0
005860,1997-10-07,170,170,170,170,0
005860,1997-10-08,184,184,184,183,40
005860,1997-10-09,184,184,184,183,0
005860,1997-10-10,184,184,184,183,0
005860,1997-10-11,184,184,184,183,0
005860,1997-10-13,184,184,184,183,0
005860,1997-10-14,184,184,184,183,0
005860,1997-10-15,168,168,168,169,0
005860,1997-10-16,168,168,168,169,0
005860,1997-10-17,168,168,168,169,0
005860,1997-10-18,157,157,157,156,0
005860,1997-10-20,157,157,157,156,0
005860,1997-10-21,157,157,157,156,0
005860,1997-10-22,157,157,157,156,0
005860,1997-10-23,169,169,169,169,0
005860,1997-10-24,183,183,183,182,0
005860,1997-10-25,197,197,197,196,0
005860,1997-10-27,197,197,197,196,0
005860,1997-10-28,197,197,197,196,0
005860,1997-10-29,197,197,197,196,0
005860,1997-10-30,197,197,197,196,0
005860,1997-10-31,197,197,197,196,0
005860,1997-11-01,197,197,197,196,0
005860,1997-11-03,197,197,197,196,0
005860,1997-11-04,197,197,197,196,0
005860,1997-11-05,197,197,197,196,0
005860,1997-11-06,182,182,182,181,0
005860,1997-11-07,182,182,182,181,0
005860,1997-11-08,182,182,182,181,0
005860,1997-11-10,182,182,182,181,0
005860,1997-11-11,182,182,182,181,0
005860,1997-11-12,182,182,182,181,0
005860,1997-11-13,182,182,182,181,0
005860,1997-11-14,182,182,182,181,0
005860,1997-11-15,182,182,182,181,0
005860,1997-11-17,182,182,182,181,0
005860,1997-11-18,182,182,182,181,0
005860,1997-11-19,182,182,182,181,0
005860,1997-11-20,182,182,182,181,0
005860,1997-11-21,182,182,182,181,0
005860,1997-11-22,182,182,182,181,0
005860,1997-11-24,182,182,182,181,0
005860,1997-11-25,182,182,182,181,0
005860,1997-11-26,182,182,182,181,0
005860,1997-11-27,182,182,182,181,0
005860,1997-11-28,182,182,182,181,0
005860,1997-11-29,182,182,182,181,0
005860,1997-12-01,182,182,182,181,0
005860,1997-12-02,182,182,182,181,0
005860,1997-12-03,182,182,182,181,0
005860,1997-12-04,182,182,182,181,0
005860,1997-12-05,182,182,182,181,0
005860,1997-12-06,182,182,182,181,0
005860,1997-12-08,182,182,182,181,0
005860,1997-12-09,182,182,182,181,0
005860,1997-12-10,182,182,182,181,0
005860,1997-12-11,182,182,182,181,0
005860,1997-12-12,182,182,182,181,0
005860,1997-12-13,166,166,166,167,0
005860,1997-12-15,166,166,166,167,0
005860,1997-12-16,181,181,181,180,0
005860,1997-12-17,181,181,181,180,0
005860,1997-12-19,181,181,181,180,0
005860,1997-12-20,181,181,181,180,0
005860,1997-12-22,181,181,181,180,0
005860,1997-12-23,181,181,181,180,0
005860,1997-12-24,181,181,181,180,0
005860,1997-12-26,181,181,181,180,0
005860,1997-12-27,181,181,181,180,0
005860,1998-01-03,181,181,181,180,0
005860,1998-01-05,181,181,181,180,0
005860,1998-01-06,181,181,181,180,0
005860,1998-01-07,167,167,167,167,0
005860,1998-01-08,167,167,167,167,0
005860,1998-01-09,181,181,181,180,0
005860,1998-01-10,193,193,193,194,0
005860,1998-01-12,193,193,193,194,0
005860,1998-01-13,193,193,193,194,0
005860,1998-01-14,193,193,193,194,0
005860,1998-01-15,208,208,208,209,0
005860,1998-01-16,208,208,208,209,0
005860,1998-01-17,208,208,208,209,0
005860,1998-01-19,208,208,208,209,0
005860,1998-01-20,208,208,208,209,0
005860,1998-01-21,208,208,208,209,0
005860,1998-01-22,208,208,208,209,0
005860,1998-01-23,208,208,208,209,0
005860,1998-01-24,208,208,208,209,0
005860,1998-01-26,208,208,208,209,0
005860,1998-01-30,208,208,208,209,0
005860,1998-01-31,208,208,208,209,0
005860,1998-02-02,208,208,208,209,0
005860,1998-02-03,208,208,208,209,0
005860,1998-02-04,208,208,208,209,0
005860,1998-02-05,208,208,208,209,0
005860,1998-02-06,208,208,208,209,0
005860,1998-02-07,208,208,208,209,0
005860,1998-02-09,208,208,208,209,0
005860,1998-02-10,208,208,208,209,0
005860,1998-02-11,208,208,208,209,0
005860,1998-02-12,208,208,208,209,0
005860,1998-02-13,208,208,208,209,0
005860,1998-02-14,208,208,208,209,0
005860,1998-02-16,208,208,208,209,0
005860,1998-02-17,208,208,208,209,0
005860,1998-02-18,208,208,208,209,0
005860,1998-02-19,208,208,208,209,0
005860,1998-02-20,208,208,208,209,0
005860,1998-02-21,208,208,208,209,0
005860,1998-02-23,208,208,208,209,0
005860,1998-02-24,208,208,208,209,0
005860,1998-02-25,208,208,208,209,0
005860,1998-02-26,208,208,208,209,0
005860,1998-02-27,208,208,208,209,0
005860,1998-02-28,208,208,208,209,0
005860,1998-03-02,208,208,208,209,0
005860,1998-03-03,208,208,208,209,0
005860,1998-03-04,208,208,208,209,0
005860,1998-03-05,208,208,208,209,0
005860,1998-03-06,208,208,208,209,0
005860,1998-03-07,208,208,208,209,0
005860,1998-03-09,208,208,208,209,0
005860,1998-03-10,208,208,208,209,0
005860,1998-03-11,208,208,208,209,0
005860,1998-03-12,208,208,208,209,0
005860,1998-03-13,208,208,208,209,0
005860,1998-03-14,208,208,208,209,0
005860,1998-03-16,208,208,208,209,0
005860,1998-03-17,208,208,208,209,0
005860,1998-03-18,208,208,208,209,0
005860,1998-03-19,208,208,208,209,0
005860,1998-03-20,208,208,208,209,0
005860,1998-03-21,208,208,208,209,0
005860,1998-03-23,208,208,208,209,0
005860,1998-03-24,208,208,208,209,0
005860,1998-03-25,208,208,208,209,0
005860,1998-03-26,208,208,208,209,0
005860,1998-03-27,208,208,208,209,0
005860,1998-03-28,208,208,208,209,0
005860,1998-03-30,208,208,208,209,0
005860,1998-03-31,208,208,208,209,0
005860,1998-04-01,208,208,208,209,0
005860,1998-04-02,208,208,208,209,0
005860,1998-04-03,208,208,208,209,0
005860,1998-04-04,208,208,208,209,0
005860,1998-04-06,208,208,208,209,0
005860,1998-04-07,208,208,208,209,0
005860,1998-04-08,208,208,208,209,0
005860,1998-04-09,208,208,208,209,0
005860,1998-04-10,208,208,208,209,0
005860,1998-04-11,208,208,208,209,0
005860,1998-04-13,208,208,208,209,0
005860,1998-04-14,208,208,208,209,0
005860,1998-04-15,208,208,208,209,0
005860,1998-04-16,208,208,208,209,0
005860,1998-04-17,208,208,208,209,0
005860,1998-04-18,208,208,208,209,0
005860,1998-04-20,208,208,208,209,0
005860,1998-04-21,208,208,208,209,0
005860,1998-04-22,208,208,208,209,0
005860,1998-04-23,208,208,208,209,0
005860,1998-04-24,208,208,208,209,0
005860,1998-04-25,208,208,208,209,0
005860,1998-04-27,208,208,208,209,0
005860,1998-04-28,208,208,208,209,0
005860,1998-04-29,208,208,208,209,0
005860,1998-04-30,208,208,208,209,0
005860,1998-05-02,208,208,208,209,0
005860,1998-05-04,208,208,208,209,0
005860,1998-05-06,208,208,208,209,0
005860,1998-05-07,208,208,208,209,0
005860,1998-05-08,208,208,208,209,0
005860,1998-05-09,208,208,208,209,0
005860,1998-05-11,208,208,208,209,0
005860,1998-05-12,208,208,208,209,0
005860,1998-05-13,208,208,208,209,0
005860,1998-05-14,208,208,208,209,0
005860,1998-05-15,208,208,208,209,0
005860,1998-05-16,208,208,208,209,0
005860,1998-05-18,208,208,208,209,0
005860,1998-05-19,208,208,208,209,0
005860,1998-05-20,208,208,208,209,0
005860,1998-05-21,192,192,192,193,1400
005860,1998-05-22,177,177,177,177,200
005860,1998-05-23,177,177,177,177,0
005860,1998-05-25,177,177,177,177,0
005860,1998-05-26,177,177,177,177,0
005860,1998-05-27,157,157,157,156,200
005860,1998-05-28,157,157,157,156,0
005860,1998-05-29,157,157,157,156,0
005860,1998-05-30,157,157,157,156,0
005860,1998-06-01,157,157,157,156,0
005860,1998-06-02,157,157,157,156,0
005860,1998-06-03,157,157,157,156,0
005860,1998-06-05,157,157,157,156,0
005860,1998-06-08,139,139,139,138,200
005860,1998-06-09,139,139,139,138,0
005860,1998-06-10,139,139,139,138,0
005860,1998-06-11,139,139,139,138,0
005860,1998-06-12,139,139,139,138,0
005860,1998-06-13,139,139,139,138,0
005860,1998-06-15,139,139,139,138,0
005860,1998-06-16,139,139,139,138,0
005860,1998-06-17,139,139,139,138,0
005860,1998-06-18,139,139,139,138,0
005860,1998-06-19,139,139,139,138,0
005860,1998-06-20,139,139,139,138,0
005860,1998-06-22,139,139,139,138,0
005860,1998-06-23,139,139,139,138,0
005860,1998-06-24,139,139,139,138,0
005860,1998-06-25,139,139,139,138,0
005860,1998-06-26,139,139,139,138,0
005860,1998-06-27,139,139,139,138,0
005860,1998-06-29,139,139,139,138,0
005860,1998-06-30,139,139,139,138,0
005860,1998-07-01,121,121,121,121,100
005860,1998-07-02,121,121,121,121,0
005860,1998-07-03,121,121,121,121,0
005860,1998-07-04,121,121,121,121,0
005860,1998-07-06,106,106,106,107,100
005860,1998-07-07,106,106,106,107,0
005860,1998-07-08,106,106,106,107,0
005860,1998-07-09,106,106,106,107,0
005860,1998-07-10,106,106,94,94,300
005860,1998-07-11,94,94,94,94,0
005860,1998-07-13,94,94,94,94,0
005860,1998-07-14,84,84,84,84,200
005860,1998-07-15,84,84,84,84,0
005860,1998-07-16,84,84,84,84,0
005860,1998-07-18,84,84,84,84,0
005860,1998-07-20,73,73,73,73,200
005860,1998-07-21,64,64,64,65,200
005860,1998-07-22,64,64,64,65,0
005860,1998-07-23,64,64,64,65,0
005860,1998-07-24,64,64,64,65,0
005860,1998-07-25,59,59,59,58,400
005860,1998-07-27,59,59,59,58,0
005860,1998-07-28,59,59,59,58,0
005860,1998-07-29,59,59,59,58,0
005860,1998-07-30,52,52,52,51,200
005860,1998-07-31,52,52,52,51,0
005860,1998-08-01,52,52,52,51,0
005860,1998-08-03,52,52,52,51,0
005860,1998-08-04,52,52,52,51,0
005860,1998-08-05,52,52,52,51,0
005860,1998-08-06,52,52,52,51,0
005860,1998-08-07,52,52,52,51,0
005860,1998-08-08,52,52,52,51,0
005860,1998-08-10,52,52,52,51,0
005860,1998-08-11,52,52,52,51,0
005860,1998-08-12,52,52,52,51,0
005860,1998-08-13,52,52,52,51,0
005860,1998-08-14,52,52,52,51,0
005860,1998-08-17,52,52,52,51,0
005860,1998-08-18,52,52,52,51,0
005860,1998-08-19,52,52,52,51,0
005860,1998-08-20,52,52,52,51,0
005860,1998-08-21,52,52,52,51,0
005860,1998-08-22,52,52,52,51,0
005860,1998-08-24,52,52,52,51,0
005860,1998-08-25,52,52,52,51,0
005860,1998-08-26,52,52,52,51,0
005860,1998-08-27,52,52,52,51,0
005860,1998-08-28,52,52,52,51,0
005860,1998-08-29,52,52,52,51,0
005860,1998-08-31,52,52,52,51,0
005860,1998-09-01,52,52,52,51,0
005860,1998-09-02,52,52,52,51,0
005860,1998-09-03,52,52,52,51,0
005860,1998-09-04,52,52,52,51,0
005860,1998-09-05,52,52,52,51,0
005860,1998-09-07,52,52,52,51,0
005860,1998-09-08,52,52,52,51,0
005860,1998-09-09,52,52,52,51,0
005860,1998-09-10,52,52,52,51,0
005860,1998-09-11,52,52,52,51,0
005860,1998-09-12,52,52,52,51,0
005860,1998-09-14,52,52,52,51,0
005860,1998-09-15,52,52,52,51,0
005860,1998-09-16,52,52,52,51,0
005860,1998-09-17,52,52,52,51,0
005860,1998-09-18,52,52,52,51,0
005860,1998-09-19,52,52,52,51,0
005860,1998-09-21,52,52,52,51,0
005860,1998-09-22,52,52,52,51,0
005860,1998-09-23,52,52,52,51,0
005860,1998-09-24,52,52,52,51,0
005860,1998-09-25,52,52,52,51,0
005860,1998-09-26,52,52,52,51,0
005860,1998-09-28,52,52,52,51,0
005860,1998-09-29,52,52,52,51,0
005860,1998-09-30,52,52,52,51,0
005860,1998-10-01,52,52,52,51,0
005860,1998-10-02,52,52,52,51,0
005860,1998-10-07,52,52,52,51,0
005860,1998-10-08,52,52,52,51,0
005860,1998-10-09,52,52,52,51,0
005860,1998-10-10,52,52,52,51,0
005860,1998-10-12,52,52,52,51,0
005860,1998-10-13,52,52,52,51,0
005860,1998-10-14,52,52,52,51,0
005860,1998-10-15,52,52,52,51,0
005860,1998-10-16,52,52,52,51,0
005860,1998-10-17,52,52,52,51,0
005860,1998-10-19,52,52,52,51,0
005860,1998-10-20,52,52,52,51,0
005860,1998-10-21,52,52,52,51,0
005860,1998-10-22,52,52,52,51,0
005860,1998-10-23,52,52,52,51,0
005860,1998-10-24,52,52,52,51,0
005860,1998-10-26,52,52,52,51,0
005860,1998-10-27,52,52,52,51,0
005860,1998-10-28,52,52,52,51,0
005860,1998-10-29,52,52,52,51,0
005860,1998-10-30,52,52,52,51,0
005860,1998-10-31,52,52,52,51,0
005860,1998-11-02,52,52,52,51,0
005860,1998-11-03,52,52,52,51,0
005860,1998-11-04,52,52,52,51,0
005860,1998-11-05,52,52,52,51,0
005860,1998-11-06,52,52,52,51,0
005860,1998-11-07,52,52,52,51,0
005860,1998-11-09,52,52,52,51,0
005860,1998-11-10,52,52,52,51,0
005860,1998-11-11,52,52,52,51,0
005860,1998-11-12,52,52,52,51,0
005860,1998-11-13,52,52,52,51,0
005860,1998-11-14,52,52,52,51,0
005860,1998-11-16,52,52,52,51,0
005860,1998-11-17,52,52,52,51,0
005860,1998-11-18,52,52,52,51,0
005860,1998-11-19,52,52,52,51,0
005860,1998-11-20,52,52,52,51,0
005860,1998-11-21,52,52,52,51,0
005860,1998-11-23,52,52,52,51,0
005860,1998-11-24,52,52,52,51,0
005860,1998-11-25,52,52,52,51,0
005860,1998-11-26,52,52,52,51,0
005860,1998-11-27,52,52,52,51,0
005860,1998-11-28,52,52,52,51,0
005860,1998-11-30,52,52,52,51,0
005860,1998-12-01,52,52,52,51,0
005860,1998-12-02,52,52,52,51,0
005860,1998-12-03,52,52,52,51,0
005860,1998-12-04,52,52,52,51,0
005860,1998-12-05,52,52,52,51,0
005860,1998-12-07,52,52,52,51,0
005860,1998-12-08,52,52,52,51,0
005860,1998-12-09,52,52,52,51,0
005860,1998-12-10,52,52,52,51,0
005860,1998-12-11,52,52,52,51,0
005860,1998-12-14,44,44,44,45,200
005860,1998-12-15,51,51,51,51,3800
005860,1998-12-16,51,51,51,51,0
005860,1998-12-17,51,51,51,51,0
005860,1998-12-18,56,56,56,56,150700
005860,1998-12-21,56,56,56,56,0
005860,1998-12-22,56,56,56,56,0
005860,1998-12-23,56,56,56,56,0
005860,1998-12-24,56,56,56,56,0
005860,1998-12-28,56,56,56,56,0
005860,1999-01-04,57,57,57,57,0
005860,1999-01-05,57,57,57,57,0
005860,1999-01-06,57,57,57,57,0
005860,1999-01-07,57,57,57,57,0
005860,1999-01-08,57,57,57,57,0
005860,1999-01-11,57,57,57,57,0
005860,1999-01-12,57,57,57,57,0
005860,1999-01-13,57,57,57,57,0
005860,1999-01-14,57,57,57,57,0
005860,1999-01-15,57,57,57,57,0
005860,1999-01-18,57,57,57,57,0
005860,1999-01-19,57,57,57,57,0
005860,1999-01-20,57,57,57,57,0
005860,1999-01-21,57,57,57,57,0
005860,1999-01-22,57,57,57,57,0
005860,1999-01-25,57,57,57,57,0
005860,1999-01-26,57,57,57,57,0
005860,1999-01-27,57,57,57,57,0
005860,1999-01-28,57,57,57,57,0
005860,1999-01-29,57,57,57,57,0
005860,1999-02-01,57,57,57,57,0
005860,1999-02-02,58,58,58,58,0
005860,1999-02-03,58,58,58,58,0
005860,1999-02-04,58,58,58,58,0
005860,1999-02-05,58,58,58,58,0
005860,1999-02-08,60,60,60,60,0
005860,1999-02-09,60,60,60,60,0
005860,1999-02-10,60,60,60,60,0
005860,1999-02-11,60,60,60,60,0
005860,1999-02-12,60,60,60,60,0
005860,1999-02-18,60,60,60,60,0
005860,1999-02-19,60,60,60,60,0
005860,1999-02-22,63,63,63,63,0
005860,1999-02-23,63,63,63,63,0
005860,1999-02-24,63,63,63,63,0
005860,1999-02-25,63,63,63,63,0
005860,1999-02-26,63,63,63,63,0
005860,1999-03-02,63,63,63,63,0
005860,1999-03-03,63,63,63,63,0
005860,1999-03-04,63,63,63,63,0
005860,1999-03-05,63,63,63,63,0
005860,1999-03-08,63,63,63,63,0
005860,1999-03-09,63,63,63,63,0
005860,1999-03-10,63,63,63,63,0
005860,1999-03-11,63,63,63,63,0
005860,1999-03-12,63,63,63,63,0
005860,1999-03-15,63,63,63,63,0
005860,1999-03-16,63,63,63,63,0
005860,1999-03-17,63,63,63,63,0
005860,1999-03-18,63,63,63,63,0
005860,1999-03-19,63,63,63,63,0
005860,1999-03-22,63,63,63,63,0
005860,1999-03-23,63,63,63,63,0
005860,1999-03-24,63,63,63,63,0
005860,1999-03-25,63,63,63,63,0
005860,1999-03-26,63,63,63,63,0
005860,1999-03-29,69,69,69,69,0
005860,1999-03-30,69,69,69,69,0
005860,1999-03-31,69,69,69,69,0
005860,1999-04-01,69,69,69,69,0
005860,1999-04-02,69,69,69,69,0
005860,1999-04-06,69,69,69,69,0
005860,1999-04-07,69,69,69,69,0
005860,1999-04-08,69,69,69,69,0
005860,1999-04-09,69,69,69,69,0
005860,1999-04-12,69,69,69,69,0
005860,1999-04-13,69,69,69,69,0
005860,1999-04-14,69,69,69,69,0
005860,1999-04-15,69,69,69,69,0
005860,1999-04-16,69,69,69,69,0
005860,1999-04-19,69,69,69,69,0
005860,1999-04-20,69,69,69,69,0
005860,1999-04-21,69,69,69,69,0
005860,1999-04-22,69,69,69,69,0
005860,1999-04-23,69,69,69,69,0
005860,1999-04-26,76,76,76,76,0
005860,1999-04-27,76,76,76,76,0
005860,1999-04-28,76,76,76,76,0
005860,1999-04-29,76,76,76,76,0
005860,1999-04-30,76,76,76,76,0
005860,1999-05-03,76,76,76,76,0
005860,1999-05-04,76,76,76,76,0
005860,1999-05-06,76,76,76,76,0
005860,1999-05-07,76,76,76,76,0
005860,1999-05-10,76,76,76,76,0
005860,1999-05-11,84,84,84,85,0
005860,1999-05-12,84,84,84,85,0
005860,1999-05-13,84,84,84,85,0
005860,1999-05-14,84,84,84,85,0
005860,1999-05-17,84,84,84,85,0
005860,1999-05-18,84,84,84,85,0
005860,1999-05-19,84,84,84,85,0
005860,1999-05-20,84,84,84,85,0
005860,1999-05-21,84,84,84,85,0
005860,1999-05-24,84,84,84,85,0
005860,1999-05-25,84,84,84,85,0
005860,1999-05-26,96,96,96,95,0
005860,1999-05-27,96,96,96,95,0
005860,1999-05-28,96,96,96,95,0
005860,1999-05-31,105,105,105,106,0
005860,1999-06-01,118,118,118,118,0
005860,1999-06-02,132,132,132,133,0
005860,1999-06-03,149,149,149,149,0
005860,1999-06-04,149,149,149,149,0
005860,1999-06-07,149,149,149,149,0
005860,1999-06-08,167,167,167,167,0
005860,1999-06-09,167,167,167,167,0
005860,1999-06-10,167,167,167,167,0
005860,1999-06-11,167,167,167,167,0
005860,1999-06-14,185,185,185,186,0
005860,1999-06-15,209,209,209,209,0
005860,1999-06-16,234,234,234,234,0
005860,1999-06-17,262,262,262,261,0
005860,1999-06-18,293,293,293,293,0
005860,1999-06-21,326,326,326,326,0
005860,1999-06-22,364,364,364,364,0
005860,1999-06-23,408,408,408,408,0
005860,1999-06-24,457,457,457,457,0
005860,1999-06-25,457,457,457,457,0
005860,1999-06-28,457,457,457,457,0
005860,1999-06-29,457,457,457,457,0
005860,1999-06-30,457,457,457,457,0
005860,1999-07-01,457,457,457,457,0
005860,1999-07-02,457,457,457,457,0
005860,1999-07-05,457,457,457,457,0
005860,1999-07-06,457,457,457,457,0
005860,1999-07-07,457,457,457,457,0
005860,1999-07-08,457,457,457,457,0
005860,1999-07-09,457,457,457,457,0
005860,1999-07-12,457,457,457,457,0
005860,1999-07-13,457,457,457,457,0
005860,1999-07-14,458,458,458,459,6000
005860,1999-07-15,459,514,407,514,100060
005860,1999-07-16,576,576,576,575,404000
005860,1999-07-19,644,644,644,644,60020
005860,1999-07-20,720,720,720,720,412640
005860,1999-07-21,805,805,805,806,218300
005860,1999-07-22,903,903,903,902,225660
005860,1999-07-23,1008,1008,1008,1009,369420
005860,1999-07-26,1118,1131,889,1121,588280
005860,1999-07-27,1120,1196,1000,1112,403200
005860,1999-07-28,1092,1092,986,1011,174020
005860,1999-07-29,904,1066,904,1022,148880
005860,1999-07-30,1011,1058,944,984,61980
005860,1999-08-02,943,1038,865,954,68320
005860,1999-08-03,875,903,843,875,84080
005860,1999-08-04,862,951,828,875,172900
005860,1999-08-05,878,979,838,978,643680
005860,1999-08-06,1065,1093,1027,1094,239100
005860,1999-08-09,1226,1226,1225,1225,111420
005860,1999-08-10,1225,1355,1147,1257,286700
005860,1999-08-11,1258,1258,1107,1121,415540
005860,1999-08-12,1093,1134,1052,1121,133460
005860,1999-08-13,1121,1203,1066,1121,130580
005860,1999-08-16,998,1121,998,1082,33640
005860,1999-08-17,1082,1092,951,952,81960
005860,1999-08-18,847,875,840,853,82240
005860,1999-08-19,846,953,820,929,42180
005860,1999-08-20,819,1008,819,984,64760
005860,1999-08-23,957,1102,957,984,123820
005860,1999-08-24,985,985,932,943,36700
005860,1999-08-25,1033,1033,929,943,26000
005860,1999-08-26,891,968,891,943,63780
005860,1999-08-27,953,953,902,910,20840
005860,1999-08-30,902,915,891,910,101080
005860,1999-08-31,909,1008,902,1008,201920
005860,1999-09-01,986,1052,967,998,103340
005860,1999-09-02,879,929,879,878,137080
005860,1999-09-03,779,878,773,856,329960
005860,1999-09-06,873,941,857,918,231440
005860,1999-09-07,899,941,833,888,127440
005860,1999-09-08,847,873,793,793,86900
005860,1999-09-09,792,814,764,790,69580
005860,1999-09-10,789,803,741,803,33260
005860,1999-09-13,803,803,707,762,45720
005860,1999-09-14,752,853,673,779,115420
005860,1999-09-15,764,858,723,847,54860
005860,1999-09-16,871,874,833,847,70280
005860,1999-09-17,779,820,764,765,10540
005860,1999-09-20,779,779,673,765,26420
005860,1999-09-21,683,764,674,764,92000
005860,1999-09-22,783,783,710,733,4580
005860,1999-09-27,752,752,657,656,3700
005860,1999-09-28,636,698,629,656,8880
005860,1999-09-29,618,668,588,615,75880
005860,1999-09-30,625,641,540,601,21200
005860,1999-10-01,651,657,560,596,60800
005860,1999-10-04,641,644,600,627,23540
005860,1999-10-05,654,701,628,667,45900
005860,1999-10-06,635,702,635,697,18540
005860,1999-10-07,698,698,698,697,0
005860,1999-10-08,698,698,698,697,0
005860,1999-10-11,778,778,751,778,102917
005860,1999-10-12,870,870,870,871,192101
005860,1999-10-13,925,958,816,925,218127
005860,1999-10-14,893,981,839,898,103698
005860,1999-10-15,871,969,849,937,178927
005860,1999-10-18,871,926,861,882,81046
005860,1999-10-19,914,914,816,871,81570
005860,1999-10-20,921,975,871,975,238518
005860,1999-10-21,1090,1090,1090,1089,273958
005860,1999-10-22,1220,1220,1187,1220,379853
005860,1999-10-25,1360,1360,1360,1361,6658
005860,1999-10-26,1523,1523,1523,1524,20392
005860,1999-10-27,1705,1705,1705,1704,433084
005860,1999-10-28,1894,1894,1503,1693,1147330
005860,1999-10-29,1634,1895,1634,1895,637128
005860,1999-11-01,2119,2119,2020,2118,423577
005860,1999-11-02,2367,2367,2367,2368,108281
005860,1999-11-03,2652,2652,2461,2651,898292
005860,1999-11-04,2695,2966,2683,2967,281024
005860,1999-11-05,3320,3320,3129,3321,708120
005860,1999-11-08,3703,3719,3321,3718,529106
005860,1999-11-09,4160,4160,3703,3718,1301098
005860,1999-11-10,3539,3975,3277,3435,2298304
005860,1999-11-11,3429,3647,3053,3146,1461378
005860,1999-11-12,2995,3147,2772,2771,991037
005860,1999-11-15,2450,3104,2450,3103,1721391
005860,1999-11-16,3158,3311,2885,2934,966852
005860,1999-11-17,2884,2884,2585,2585,790012
005860,1999-11-18,2411,2738,2297,2613,795704
005860,1999-11-19,2679,2918,2479,2918,859489
005860,1999-11-22,3051,3261,3013,3262,292299
005860,1999-11-23,3652,3652,3147,3176,1102748
005860,1999-11-24,2985,3232,2861,2918,684619
005860,1999-11-25,2918,3099,2670,2756,717046
005860,1999-11-26,2584,2584,2431,2432,622117
005860,1999-11-29,2212,2479,2145,2146,811496
005860,1999-11-30,2002,2326,2002,2050,557094
005860,1999-12-01,1916,2002,1812,1812,512200
005860,1999-12-02,1869,2021,1869,2022,261901
005860,1999-12-03,2260,2260,2260,2260,72488
005860,1999-12-06,2527,2527,2527,2527,98512
005860,1999-12-07,2822,2822,2822,2823,64539
005860,1999-12-08,3156,3156,2489,2489,1947115
005860,1999-12-09,2260,2765,2193,2289,2163085
005860,1999-12-10,2403,2460,2203,2241,994584
005860,1999-12-13,2193,2355,2002,2098,471661
005860,1999-12-14,2241,2346,2002,2289,793344
005860,1999-12-15,2374,2517,2288,2432,866158
005860,1999-12-16,2422,2479,2145,2146,521309
005860,1999-12-17,2193,2193,1888,2003,446482
005860,1999-12-20,1812,2098,1812,1955,341648
005860,1999-12-21,1955,1983,1745,1802,375922
005860,1999-12-22,1907,1983,1592,1831,724028
005860,1999-12-23,1735,1907,1697,1888,524483
005860,1999-12-24,1773,1840,1668,1678,344858
005860,1999-12-27,1487,1611,1478,1478,262005
005860,1999-12-28,1306,1382,1306,1307,379505
005860,2000-01-04,1153,1430,1153,1421,166970
005860,2000-01-05,1420,1449,1258,1392,152703
005860,2000-01-06,1392,1459,1249,1287,193096
005860,2000-01-07,1239,1287,1134,1144,249608
005860,2000-01-10,1029,1096,1010,1011,363112
005860,2000-01-11,925,1125,915,1125,1527774
005860,2000-01-12,1049,1077,991,992,735354
005860,2000-01-13,953,972,877,877,608545
005860,2000-01-14,982,982,877,982,1028884
005860,2000-01-17,1039,1096,906,1097,809053
005860,2000-01-18,1220,1220,1163,1221,350898
005860,2000-01-19,1211,1363,1077,1078,1757793
005860,2000-01-20,982,1020,953,963,948837
005860,2000-01-21,963,1049,944,954,851428
005860,2000-01-24,963,1020,953,1001,640480
005860,2000-01-25,991,991,925,954,552183
005860,2000-01-26,953,982,925,954,329165
005860,2000-01-27,925,953,906,944,338262
005860,2000-01-28,915,1001,906,963,606492
005860,2000-01-31,953,1020,934,954,574203
005860,2000-02-01,963,1068,944,1068,1352653
005860,2000-02-02,1115,1192,1115,1192,1205982
005860,2000-02-03,1287,1297,1096,1106,2623678
005860,2000-02-07,1230,1230,1153,1230,996587
005860,2000-02-08,1239,1287,1087,1087,1222772
005860,2000-02-09,1106,1182,1068,1154,1300052
005860,2000-02-10,1020,1153,1020,1078,1074129
005860,2000-02-11,1096,1153,1029,1097,1567609
005860,2000-02-14,1077,1096,972,992,994959
005860,2000-02-15,982,1068,953,1001,1203511
005860,2000-02-16,982,1001,934,963,755920
005860,2000-02-17,982,1077,963,1078,1031870
005860,2000-02-18,1144,1182,1058,1068,1691146
005860,2000-02-21,1029,1096,972,1020,1090980
005860,2000-02-22,1039,1068,982,1020,1094990
005860,2000-02-23,1020,1134,982,1135,2454021
005860,2000-02-24,1173,1268,1125,1268,2830818
005860,2000-02-25,1335,1411,1287,1411,1501583
005860,2000-02-28,1573,1573,1573,1574,90572
005860,2000-02-29,1754,1754,1754,1755,186784
005860,2000-03-02,1964,1964,1783,1965,2556371
005860,2000-03-03,1888,2117,1735,1831,4811013
005860,2000-03-06,2040,2050,1926,2050,949228
005860,2000-03-07,2288,2288,1859,2289,4467295
005860,2000-03-08,2183,2555,2079,2556,3168996
005860,2000-03-09,2775,2861,2641,2861,318767
005860,2000-03-10,3204,3204,3109,3204,1364922
005860,2000-03-13,3528,3585,3290,3586,1370833
005860,2000-03-14,3490,3995,3156,3233,3906195
005860,2000-03-15,2870,3519,2851,2861,5989407
005860,2000-03-16,3013,3051,2517,2518,1811652
005860,2000-03-17,2298,2460,2222,2222,1067121
005860,2000-03-20,1964,2031,1964,1965,1686345
005860,2000-03-21,1735,1907,1735,1764,5092022
005860,2000-03-22,1878,1974,1812,1965,3215463
005860,2000-03-23,2002,2050,1735,1736,1758645
005860,2000-03-24,1668,1773,1535,1650,2430389
005860,2000-03-27,1707,1840,1630,1841,1847215
005860,2000-03-28,1983,2059,1859,2060,2995288
005860,2000-03-29,1964,2174,1821,1869,2596376
005860,2000-03-30,1649,1716,1649,1650,1147638
005860,2000-03-31,1525,1831,1487,1650,2310261
005860,2000-04-03,1459,1506,1459,1459,1054156
005860,2000-04-04,1287,1287,1287,1287,16786
005860,2000-04-06,1134,1363,1134,1202,4028308
005860,2000-04-07,1344,1344,1297,1345,394659
005860,2000-04-10,1497,1497,1497,1497,43868
005860,2000-04-11,1611,1668,1354,1669,3022827
005860,2000-04-12,1621,1840,1525,1659,2601802
005860,2000-04-14,1573,1745,1478,1545,1408103
005860,2000-04-17,1363,1392,1363,1364,288381
005860,2000-04-18,1430,1487,1287,1383,1009205
005860,2000-04-19,1440,1525,1373,1459,894887
005860,2000-04-20,1411,1525,1363,1450,1155157
005860,2000-04-21,1525,1621,1459,1621,1600242
005860,2000-04-24,1640,1668,1497,1507,1076093
005860,2000-04-25,1459,1554,1382,1497,1028060
005860,2000-04-26,1554,1592,1401,1440,732304
005860,2000-04-27,1363,1430,1297,1297,579937
005860,2000-04-28,1297,1363,1297,1345,477091
005860,2000-05-02,1363,1497,1363,1488,1338538
005860,2000-05-03,1430,1573,1382,1459,744516
005860,2000-05-04,1430,1497,1401,1431,732734
005860,2000-05-08,1449,1544,1430,1488,1215476
005860,2000-05-09,1478,1659,1382,1659,2160291
005860,2000-05-10,1668,1812,1544,1621,2876429
005860,2000-05-12,1621,1754,1573,1659,2525617
005860,2000-05-15,1621,1668,1468,1469,1129607
005860,2000-05-16,1430,1506,1363,1402,649531
005860,2000-05-17,1373,1487,1287,1335,819707
005860,2000-05-18,1287,1325,1192,1230,862115
005860,2000-05-19,1211,1268,1125,1221,664593
005860,2000-05-22,1173,1268,1077,1106,533309
005860,2000-05-23,1049,1134,1001,1059,454456
005860,2000-05-24,1058,1182,963,1183,1145727
005860,2000-05-25,1201,1306,1192,1278,937004
005860,2000-05-26,1287,1306,1125,1125,654294
005860,2000-05-29,1049,1163,1020,1135,387641
005860,2000-05-30,1144,1211,1144,1183,530143
005860,2000-05-31,1239,1316,1220,1287,1265998
005860,2000-06-01,1268,1277,1163,1163,602262
005860,2000-06-02,1220,1230,1096,1202,676672
005860,2000-06-05,1220,1325,1220,1307,1236979
005860,2000-06-07,1335,1459,1287,1459,1782453
005860,2000-06-08,1573,1630,1335,1469,2284227
005860,2000-06-09,1430,1430,1297,1345,796922
005860,2000-06-12,1420,1497,1382,1497,1419074
005860,2000-06-13,1430,1516,1344,1402,1335510
005860,2000-06-14,1392,1478,1335,1364,735809
005860,2000-06-15,1382,1411,1211,1240,446062
005860,2000-06-16,1192,1316,1153,1268,409334
005860,2000-06-19,1163,1277,1163,1230,447204
005860,2000-06-20,1249,1287,1192,1249,419111
005860,2000-06-21,1268,1277,1220,1240,500482
005860,2000-06-22,1277,1335,1201,1240,563319
005860,2000-06-23,1192,1220,1173,1221,370070
005860,2000-06-26,1220,1249,1201,1230,384441
005860,2000-06-27,1230,1239,1201,1221,330170
005860,2000-06-28,1220,1306,1201,1230,874120
005860,2000-06-29,1249,1249,1201,1230,335559
005860,2000-06-30,1230,1230,1201,1221,218123
005860,2000-07-03,1220,1220,1201,1221,343091
005860,2000-07-04,1220,1363,1211,1364,1998274
005860,2000-07-05,1354,1478,1201,1249,1673202
005860,2000-07-06,1277,1316,1192,1202,649839
005860,2000-07-07,1211,1344,1182,1307,1514237
005860,2000-07-10,1325,1373,1249,1278,1392850
005860,2000-07-11,1277,1306,1163,1221,900093
005860,2000-07-12,1192,1239,1182,1230,382423
005860,2000-07-13,1201,1230,1192,1202,425584
005860,2000-07-14,1182,1211,1182,1192,301175
005860,2000-07-18,1192,1211,1134,1173,555824
005860,2000-07-19,1153,1163,1096,1116,393824
005860,2000-07-20,1058,1115,1058,1106,305616
005860,2000-07-21,1096,1134,1077,1087,282832
005860,2000-07-24,1096,1115,1010,1020,369577
005860,2000-07-25,991,1125,972,1116,409400
005860,2000-07-26,1125,1201,1077,1163,1279680
005860,2000-07-27,1106,1268,1106,1230,1630455
005860,2000-07-28,1249,1297,1163,1202,1568584
005860,2000-07-31,1182,1220,1125,1154,723984
005860,2000-08-01,1163,1211,1144,1173,685672
005860,2000-08-02,1192,1306,1163,1278,2798137
005860,2000-08-03,1297,1392,1268,1307,3404766
005860,2000-08-04,1306,1335,1182,1211,1419047
005860,2000-08-07,1220,1258,1163,1173,814223
005860,2000-08-08,1182,1211,1144,1154,552352
005860,2000-08-09,1144,1173,1125,1163,517878
005860,2000-08-10,1163,1192,1134,1144,743686
005860,2000-08-11,1144,1163,1115,1125,334545
005860,2000-08-14,1125,1153,1106,1135,332198
005860,2000-08-16,1144,1163,1125,1154,347485
005860,2000-08-17,1144,1163,1125,1144,197053
005860,2000-08-18,1144,1153,1106,1125,207087
005860,2000-08-21,991,1153,991,1116,346375
005860,2000-08-22,1125,1144,1106,1116,235907
005860,2000-08-23,1096,1230,1096,1125,1725752
005860,2000-08-24,1134,1220,1125,1163,1017295
005860,2000-08-25,1163,1182,1115,1125,362216
005860,2000-08-28,1134,1192,1125,1163,1091334
005860,2000-08-29,1173,1182,1125,1144,393765
005860,2000-08-30,1134,1134,1115,1125,206095
005860,2000-08-31,1144,1144,1058,1097,408265
005860,2000-09-01,1096,1115,1077,1097,195426
005860,2000-09-04,1106,1115,1077,1078,226974
005860,2000-09-05,1049,1087,1049,1078,111427
005860,2000-09-06,1049,1087,1049,1068,130460
005860,2000-09-07,1058,1077,991,1040,350499
005860,2000-09-08,1010,1039,1001,1030,167583
005860,2000-09-14,1020,1020,982,1001,171613
005860,2000-09-15,1001,1029,982,1001,180565
005860,2000-09-18,972,972,886,887,208663
005860,2000-09-19,858,877,801,830,243087
005860,2000-09-20,858,886,858,877,203225
005860,2000-09-21,839,867,801,858,144311
005860,2000-09-22,829,848,762,763,220130
005860,2000-09-25,762,848,724,849,391948
005860,2000-09-26,848,934,829,925,499720
005860,2000-09-27,896,1001,877,963,545716
005860,2000-09-28,953,982,896,935,272660
005860,2000-09-29,934,944,896,944,274839
005860,2000-10-02,915,944,896,906,303994
005860,2000-10-04,886,972,886,925,501619
005860,2000-10-05,944,953,915,944,545279
005860,2000-10-06,925,1029,925,1030,1097716
005860,2000-10-09,1049,1077,953,1001,855003
005860,2000-10-10,963,1115,944,1001,3419835
005860,2000-10-11,1010,1029,886,954,710864
005860,2000-10-12,906,982,906,944,501924
005860,2000-10-13,877,896,839,868,386110
005860,2000-10-16,867,944,867,935,445214
005860,2000-10-17,906,972,858,877,485799
005860,2000-10-18,896,905,829,887,334271
005860,2000-10-19,858,915,858,896,230505
005860,2000-10-20,906,925,886,906,341567
005860,2000-10-23,925,925,877,896,272406
005860,2000-10-24,896,896,858,887,256056
005860,2000-10-25,896,896,848,868,218249
005860,2000-10-26,839,858,820,849,301451
005860,2000-10-27,839,858,829,830,228703
005860,2000-10-30,782,839,734,744,270866
005860,2000-10-31,705,734,658,725,259719
005860,2000-11-01,696,762,696,753,146034
005860,2000-11-02,715,782,715,753,191448
005860,2000-11-03,753,791,753,772,249934
005860,2000-11-06,762,791,762,792,323777
005860,2000-11-07,791,820,772,792,265346
005860,2000-11-08,791,791,753,772,140668
005860,2000-11-09,743,772,743,763,217674
005860,2000-11-10,762,762,743,763,96421
005860,2000-11-13,772,782,724,753,213421
005860,2000-11-14,734,791,734,772,318114
005860,2000-11-15,782,801,772,792,593763
005860,2000-11-16,801,877,801,877,1597096
005860,2000-11-17,925,934,829,849,1458666
005860,2000-11-20,848,906,829,839,654139
005860,2000-11-21,810,886,743,744,1860306
005860,2000-11-22,772,801,743,772,867900
005860,2000-11-23,715,753,696,706,539857
005860,2000-11-24,705,724,677,715,409780
005860,2000-11-27,734,743,724,744,336016
005860,2000-11-28,743,743,696,734,319063
005860,2000-11-29,696,724,686,706,335535
005860,2000-11-30,705,715,677,706,318428
005860,2000-12-01,696,705,677,696,286590
005860,2000-12-04,677,715,677,706,403309
005860,2000-12-05,705,724,686,715,275149
005860,2000-12-06,734,801,724,801,1007772
005860,2000-12-07,877,896,762,801,2942789
005860,2000-12-08,772,820,743,792,894095
005860,2000-12-11,810,810,753,763,413418
005860,2000-12-12,753,801,734,772,1184881
005860,2000-12-13,743,772,743,772,365195
005860,2000-12-14,772,772,743,753,522298
005860,2000-12-15,753,753,734,753,207112
005860,2000-12-18,734,820,734,820,373174
005860,2000-12-19,791,858,762,830,910751
005860,2000-12-20,810,810,762,801,231274
005860,2000-12-21,762,791,724,792,295335
005860,2000-12-22,772,801,753,772,208842
005860,2000-12-26,734,858,724,858,336530
005860,2001-01-02,839,896,782,858,442325
005860,2001-01-03,829,877,810,858,332139
005860,2001-01-04,886,915,858,868,2323326
005860,2001-01-05,858,867,810,820,947977
005860,2001-01-08,801,829,782,801,502680
005860,2001-01-09,801,896,801,868,2039243
005860,2001-01-10,896,915,772,772,3153414
005860,2001-01-11,782,810,753,792,1101325
005860,2001-01-12,810,839,791,820,1643494
005860,2001-01-15,829,886,820,830,2887037
005860,2001-01-16,848,858,801,801,1115093
005860,2001-01-17,782,829,772,782,912773
005860,2001-01-18,801,810,782,792,934045
005860,2001-01-19,801,810,782,792,490767
005860,2001-01-22,791,820,791,801,712104
005860,2001-01-26,801,810,772,772,481735
005860,2001-01-29,772,858,772,858,2385410
005860,2001-01-30,886,944,839,877,4094383
005860,2001-01-31,896,896,801,830,2055908
005860,2001-02-01,829,858,810,820,1241561
005860,2001-02-02,801,886,801,858,3131512
005860,2001-02-05,886,953,858,954,3257499
005860,2001-02-06,1068,1068,839,868,7720158
005860,2001-02-07,877,896,820,839,2430957
005860,2001-02-08,839,848,801,820,1554291
005860,2001-02-09,820,858,801,839,1805133
005860,2001-02-12,839,858,820,820,2541540
005860,2001-02-13,829,839,810,820,1315696
005860,2001-02-14,820,867,810,839,2060913
005860,2001-02-15,829,867,829,830,1467928
005860,2001-02-16,848,848,829,830,762513
005860,2001-02-19,810,915,810,877,2545691
005860,2001-02-20,896,982,877,896,7704739
005860,2001-02-21,915,934,877,887,2717578
005860,2001-02-22,886,886,801,820,1670439
005860,2001-02-23,848,906,839,868,2800578
005860,2001-02-26,858,877,839,858,929334
005860,2001-02-27,858,953,848,858,6524199
005860,2001-02-28,896,906,848,877,2385105
005860,2001-03-02,877,877,820,820,988407
005860,2001-03-05,772,829,772,811,1001201
005860,2001-03-06,810,829,791,801,1450143
005860,2001-03-07,810,820,791,801,1176458
005860,2001-03-08,801,820,791,820,797334
005860,2001-03-09,810,820,791,811,690960
005860,2001-03-12,791,801,762,772,669388
005860,2001-03-13,743,743,715,734,840880
005860,2001-03-14,753,810,753,811,1755872
005860,2001-03-15,762,896,762,801,6411256
005860,2001-03-16,810,820,772,792,2229491
005860,2001-03-19,801,810,782,792,893221
005860,2001-03-20,801,877,791,877,3097429
005860,2001-03-21,982,982,982,982,951306
005860,2001-03-22,1096,1096,1096,1097,870076
005860,2001-03-23,1220,1220,1115,1221,10655826
005860,2001-03-26,1192,1239,1077,1154,11238945
005860,2001-03-27,1230,1287,1020,1020,19854105
005860,2001-03-28,1020,1134,972,1135,7690600
005860,2001-03-29,1153,1268,1134,1268,14232391
005860,2001-03-30,1382,1382,1211,1297,24319050
005860,2001-04-02,1297,1325,1144,1144,13836850
005860,2001-04-03,1058,1077,1010,1011,7417297
005860,2001-04-04,972,1020,925,954,8142519
005860,2001-04-06,972,991,896,906,7405855
005860,2001-04-09,867,934,839,858,5844732
005860,2001-04-10,877,925,839,858,10348942
005860,2001-04-11,867,953,829,954,8631401
005860,2001-04-12,982,1068,953,1068,9243154
005860,2001-04-13,1077,1192,1068,1192,12494463
005860,2001-04-16,1211,1249,1173,1173,10855263
005860,2001-04-17,1201,1201,1173,1173,5313075
005860,2001-04-18,1192,1211,1173,1192,5427223
005860,2001-04-19,1192,1268,1192,1221,5835727
005860,2001-04-20,1230,1363,1153,1364,7309219
005860,2001-04-23,1411,1525,1411,1526,3410505
005860,2001-04-24,1621,1707,1573,1650,10715926
005860,2001-04-25,1697,1707,1544,1650,3998049
005860,2001-04-26,1678,1735,1611,1688,6874636
005860,2001-04-27,1678,1707,1592,1650,4493691
005860,2001-04-30,1668,1697,1611,1669,4502317
005860,2001-05-02,1668,1869,1649,1869,4586261
005860,2001-05-03,1916,1964,1850,1879,8041511
005860,2001-05-04,1888,1993,1840,1936,5302161
005860,2001-05-07,1945,1955,1773,1812,4041496
005860,2001-05-08,1659,1678,1602,1602,2107550
005860,2001-05-09,1411,1420,1411,1411,2585470
005860,2001-05-10,1297,1392,1249,1249,30684753
005860,2001-05-11,1211,1258,1153,1259,19780827
005860,2001-05-14,1287,1363,1220,1249,16797458
005860,2001-05-15,1249,1277,1106,1116,7392279
005860,2001-05-16,1115,1201,1115,1144,7579762
005860,2001-05-17,1153,1192,1125,1144,3968233
005860,2001-05-18,1115,1144,1049,1087,4216720
005860,2001-05-21,1087,1134,1077,1087,3826136
005860,2001-05-22,1087,1211,1068,1211,12691224
005860,2001-05-23,1220,1249,1106,1125,7539892
005860,2001-05-24,1125,1173,1106,1125,2768346
005860,2001-05-25,1115,1182,1115,1125,3734845
005860,2001-05-28,1125,1163,1115,1135,2245352
005860,2001-05-29,1134,1163,1115,1116,2249819
005860,2001-05-30,1106,1125,1096,1106,1791548
005860,2001-05-31,1096,1096,1068,1068,1348245
005860,2001-06-01,1077,1115,1068,1078,1762812
005860,2001-06-04,1077,1096,1049,1068,1382787
005860,2001-06-05,1058,1077,1020,1040,1238855
005860,2001-06-07,1010,1049,972,992,1483319
005860,2001-06-08,1001,1077,991,1030,3426919
005860,2001-06-11,1010,1049,1010,1020,927550
005860,2001-06-12,1020,1039,1001,1001,1086966
005860,2001-06-13,1029,1049,1010,1011,1260255
005860,2001-06-14,1010,1049,1010,1030,1856174
005860,2001-06-15,1029,1144,1020,1106,7541085
005860,2001-06-18,1125,1134,1077,1087,2233801
005860,2001-06-19,1087,1144,1049,1106,4808119
005860,2001-06-20,1087,1106,1001,1020,2296930
005860,2001-06-21,1020,1049,991,1001,1660452
005860,2001-06-22,1010,1039,991,992,1583937
005860,2001-06-25,991,1020,972,982,1567710
005860,2001-06-26,982,991,925,944,1520773
005860,2001-06-27,925,944,915,916,1145724
005860,2001-06-28,915,944,915,925,888216
005860,2001-06-29,934,963,934,954,1976749
005860,2001-07-02,953,972,944,954,1639110
005860,2001-07-03,944,963,925,935,1204256
005860,2001-07-04,944,991,944,963,1978613
005860,2001-07-05,953,1010,944,963,3381999
005860,2001-07-06,963,972,934,944,1357047
005860,2001-07-09,934,934,839,868,1372538
005860,2001-07-10,877,896,858,877,711294
005860,2001-07-11,801,848,801,820,1090133
005860,2001-07-12,829,896,829,887,1433823
005860,2001-07-13,906,915,829,830,1086372
005860,2001-07-16,829,858,820,839,484304
005860,2001-07-18,839,848,810,811,657780
005860,2001-07-19,782,810,772,811,579964
005860,2001-07-20,791,839,782,811,757432
005860,2001-07-23,801,810,753,753,863077
005860,2001-07-24,724,762,705,753,2045591
005860,2001-07-25,734,782,724,744,2832731
005860,2001-07-26,753,772,743,753,1103853
005860,2001-07-27,762,839,762,839,3484485
005860,2001-07-30,877,877,829,849,3663997
005860,2001-07-31,858,858,820,839,1857401
005860,2001-08-01,867,925,867,887,3149279
005860,2001-08-02,877,906,848,858,1765928
005860,2001-08-03,848,867,829,858,1016311
005860,2001-08-06,839,867,839,849,873312
005860,2001-08-07,839,848,829,839,549306
005860,2001-08-08,839,848,829,839,605699
005860,2001-08-09,848,925,839,868,4276558
005860,2001-08-10,877,886,839,849,1180344
005860,2001-08-13,858,867,829,849,521183
005860,2001-08-14,839,867,839,839,1062533
005860,2001-08-16,839,839,820,820,652814
005860,2001-08-17,820,839,810,820,380557
005860,2001-08-20,810,839,791,811,1331098
005860,2001-08-21,810,829,810,811,509513
005860,2001-08-22,801,810,782,801,611616
005860,2001-08-23,801,810,782,782,492888
005860,2001-08-24,782,791,762,782,425799
005860,2001-08-27,782,820,772,811,1381872
005860,2001-08-28,791,810,772,782,646319
005860,2001-08-29,762,782,743,753,610259
005860,2001-08-30,734,762,724,753,594988
005860,2001-08-31,743,743,724,734,418400
005860,2001-09-03,734,753,724,734,320583
005860,2001-09-04,734,753,724,753,451410
005860,2001-09-05,753,753,734,744,261380
005860,2001-09-06,743,772,734,753,725542
005860,2001-09-07,734,753,734,744,448665
005860,2001-09-10,734,753,724,734,488358
005860,2001-09-11,820,820,820,820,737281
005860,2001-09-12,753,886,724,734,14782484
005860,2001-09-13,782,820,762,820,5510095
005860,2001-09-14,829,829,724,725,4120451
005860,2001-09-17,677,715,638,639,3424153
005860,2001-09-18,648,696,648,668,1202995
005860,2001-09-19,648,705,648,677,1919757
005860,2001-09-20,677,705,638,658,2154014
005860,2001-09-21,638,638,600,620,800325
005860,2001-09-24,686,686,686,687,373989
005860,2001-09-25,705,715,638,639,1961577
005860,2001-09-26,648,667,638,658,897355
005860,2001-09-27,658,724,638,687,2705697
005860,2001-09-28,686,696,667,677,1230552
005860,2001-10-04,734,734,686,706,1867199
005860,2001-10-05,696,743,686,696,2390986
005860,2001-10-08,686,696,658,687,999306
005860,2001-10-09,686,724,686,715,1760895
005860,2001-10-10,715,801,696,801,7527262
005860,2001-10-11,820,877,782,811,6141808
005860,2001-10-12,820,896,782,868,11651657
005860,2001-10-15,839,896,810,868,5709702
005860,2001-10-16,886,886,829,839,3023479
005860,2001-10-17,848,915,839,877,6836953
005860,2001-10-18,858,953,839,935,8349438
005860,2001-10-19,934,963,877,887,5690565
005860,2001-10-22,896,925,877,896,3729125
005860,2001-10-23,906,925,877,877,2589997
005860,2001-10-24,867,886,848,858,1593977
005860,2001-10-25,858,877,839,839,1178190
005860,2001-10-26,829,858,820,830,1536201
005860,2001-10-29,820,848,820,820,855292
005860,2001-10-30,820,820,782,792,878727
005860,2001-10-31,782,801,782,801,787238
005860,2001-11-01,801,829,791,830,1243941
005860,2001-11-02,829,925,829,906,8428241
005860,2001-11-05,906,915,858,877,4348123
005860,2001-11-06,886,896,858,877,1545170
005860,2001-11-07,886,886,839,839,1454683
005860,2001-11-08,829,867,829,839,1232780
005860,2001-11-09,829,848,829,839,716736
005860,2001-11-12,839,877,839,868,1018247
005860,2001-11-13,858,867,839,849,1242607
005860,2001-11-14,858,877,848,868,1176318
005860,2001-11-15,877,915,867,877,3096248
005860,2001-11-16,867,886,858,868,718287
005860,2001-11-19,867,886,858,868,955431
005860,2001-11-20,867,906,858,877,1858855
005860,2001-11-21,867,934,858,896,7230451
005860,2001-11-22,925,934,867,877,2185922
005860,2001-11-23,877,886,858,858,1319403
005860,2001-11-26,858,867,839,849,987695
005860,2001-11-27,839,858,829,839,908449
005860,2001-11-28,839,877,810,820,2092283
005860,2001-11-29,801,820,791,820,627091
005860,2001-11-30,810,839,810,811,534913
005860,2001-12-03,820,848,820,820,978066
005860,2001-12-04,829,829,801,820,798961
005860,2001-12-05,820,829,801,811,1064240
005860,2001-12-06,810,858,801,820,2548362
005860,2001-12-07,829,867,820,830,5255289
005860,2001-12-10,829,839,801,811,1236359
005860,2001-12-11,820,839,801,811,1349744
005860,2001-12-12,810,829,801,811,1153720
005860,2001-12-13,810,820,801,811,663987
005860,2001-12-14,810,829,801,820,664458
005860,2001-12-17,810,820,791,792,712867
005860,2001-12-18,791,801,772,772,709625
005860,2001-12-19,772,772,696,734,1003625
005860,2001-12-20,724,762,724,744,388511
005860,2001-12-21,743,743,715,725,392697
005860,2001-12-24,724,753,724,744,319329
005860,2001-12-26,753,762,734,744,288145
005860,2001-12-27,724,743,724,734,537258
005860,2001-12-28,734,753,734,744,422050
005860,2002-01-02,753,782,753,772,656948
005860,2002-01-03,772,782,753,763,333593
005860,2002-01-04,762,782,753,782,311644
005860,2002-01-07,762,791,762,782,415412
005860,2002-01-08,772,791,772,782,426956
005860,2002-01-09,782,801,762,763,474086
005860,2002-01-10,762,820,753,782,2339639
005860,2002-01-11,791,791,762,772,528316
005860,2002-01-14,762,782,753,753,793046
005860,2002-01-15,743,801,743,753,1967883
005860,2002-01-16,753,762,743,753,471539
005860,2002-01-17,753,753,734,744,259968
005860,2002-01-18,743,753,734,753,404831
005860,2002-01-21,743,753,734,744,280273
005860,2002-01-22,734,753,734,744,230616
005860,2002-01-23,734,753,734,734,422975
005860,2002-01-24,743,743,724,744,366088
005860,2002-01-25,743,743,724,734,406585
005860,2002-01-28,743,772,734,763,818996
005860,2002-01-29,772,772,743,753,429305
005860,2002-01-30,753,762,734,744,440015
005860,2002-01-31,734,772,734,763,576397
005860,2002-02-01,762,782,762,772,528500
005860,2002-02-04,782,829,772,811,1789901
005860,2002-02-05,801,801,772,801,592776
005860,2002-02-06,801,820,791,811,749589
005860,2002-02-07,801,858,801,820,1396957
005860,2002-02-08,810,915,810,916,3034098
005860,2002-02-14,953,1020,925,1020,3701385
005860,2002-02-15,1068,1134,972,1030,5425837
005860,2002-02-18,1029,1068,934,1001,4447009
005860,2002-02-19,991,1039,963,973,2302769
005860,2002-02-20,944,1001,944,944,1661972
005860,2002-02-21,953,972,886,887,2128989
005860,2002-02-22,896,915,858,877,1401969
005860,2002-02-25,896,982,896,982,2512876
005860,2002-02-26,972,1049,953,973,4558310
005860,2002-02-27,953,1020,944,963,2108551
005860,2002-02-28,963,991,925,963,1558334
005860,2002-03-04,982,1010,953,982,1779394
005860,2002-03-05,1010,1020,953,982,1810062
005860,2002-03-06,991,1096,972,1059,3721025
005860,2002-03-07,1068,1077,1020,1020,1430436
005860,2002-03-08,1020,1049,991,992,1276653
005860,2002-03-11,1001,1020,982,992,1226131
005860,2002-03-12,1001,1010,963,992,893501
005860,2002-03-13,991,1010,963,973,907537
005860,2002-03-14,972,991,934,954,1375375
005860,2002-03-15,953,1010,953,1001,1420650
005860,2002-03-18,1010,1115,1010,1087,2131711
005860,2002-03-19,1087,1106,1020,1087,1636156
005860,2002-03-20,1087,1115,1049,1078,1193775
005860,2002-03-21,1058,1163,1058,1135,2435628
005860,2002-03-22,1163,1173,1096,1116,1039899
005860,2002-03-25,1096,1115,1049,1078,960796
005860,2002-03-26,1068,1068,1010,1049,1192485
005860,2002-03-27,1049,1087,1039,1040,777356
005860,2002-03-28,1039,1068,1039,1040,910539
005860,2002-03-29,1029,1068,1029,1040,678642
005860,2002-04-01,1029,1049,963,963,747078
005860,2002-04-02,963,991,953,973,635899
005860,2002-04-03,953,1010,953,963,1227551
005860,2002-04-04,972,991,963,963,654749
005860,2002-04-08,972,1010,963,982,976379
005860,2002-04-09,991,991,944,973,755212
005860,2002-04-10,991,991,906,906,1040527
005860,2002-04-11,905,934,905,935,507331
005860,2002-04-12,915,944,906,944,1078060
005860,2002-04-15,953,963,925,954,791100
005860,2002-04-16,934,1001,934,954,2512752
005860,2002-04-17,963,972,944,944,958452
005860,2002-04-18,934,972,934,935,1306248
005860,2002-04-19,925,944,905,916,878434
005860,2002-04-22,915,925,848,858,855863
005860,2002-04-23,839,867,829,830,777602
005860,2002-04-24,810,839,810,811,650058
005860,2002-04-25,810,858,810,830,1625275
005860,2002-04-26,839,848,820,820,699495
005860,2002-04-29,810,820,782,792,702105
005860,2002-04-30,791,810,782,782,303143
005860,2002-05-02,801,829,791,811,575132
005860,2002-05-03,801,896,801,868,1919127
005860,2002-05-06,867,877,820,820,780568
005860,2002-05-07,820,820,791,801,797432
005860,2002-05-08,801,820,801,801,518439
005860,2002-05-09,810,839,801,820,492417
005860,2002-05-10,801,848,801,811,378216
005860,2002-05-13,858,896,848,868,1785927
005860,2002-05-14,848,858,820,820,818766
005860,2002-05-15,829,829,801,820,493382
005860,2002-05-16,829,829,801,811,404696
005860,2002-05-17,801,858,801,830,1062526
005860,2002-05-20,829,848,820,830,441584
005860,2002-05-21,839,839,810,820,496185
005860,2002-05-22,810,829,801,820,497218
005860,2002-05-23,820,848,810,820,630033
005860,2002-05-24,810,829,810,820,549061
005860,2002-05-27,810,820,801,811,272731
005860,2002-05-28,810,820,801,811,325691
005860,2002-05-29,810,810,791,801,413311
005860,2002-05-30,791,801,772,792,297443
005860,2002-05-31,782,810,782,792,249203
005860,2002-06-03,782,810,782,792,169025
005860,2002-06-04,782,801,772,782,57675
005860,2002-06-05,782,801,782,801,105154
005860,2002-06-07,782,801,782,801,38629
005860,2002-06-10,791,820,782,801,391547
005860,2002-06-11,801,810,791,801,130984
005860,2002-06-12,810,848,791,839,582570
005860,2002-06-14,829,858,801,858,688744
005860,2002-06-17,867,867,820,839,728001
005860,2002-06-18,839,839,820,820,155991
005860,2002-06-19,810,839,782,792,270840
005860,2002-06-20,762,801,762,792,165278
005860,2002-06-21,782,801,782,792,63907
005860,2002-06-24,791,858,782,792,592114
005860,2002-06-25,772,801,772,782,153644
005860,2002-06-26,762,782,715,725,367510
005860,2002-06-27,705,762,705,763,136241
005860,2002-06-28,753,801,753,753,231312
005860,2002-07-02,734,782,724,753,169966
005860,2002-07-03,743,772,743,763,101890
005860,2002-07-04,782,782,772,772,98453
005860,2002-07-05,762,801,762,792,176900
005860,2002-07-08,791,801,772,782,133239
005860,2002-07-09,791,791,772,792,173829
005860,2002-07-10,791,810,782,792,192796
005860,2002-07-11,782,791,772,782,205556
005860,2002-07-12,782,801,782,782,370445
005860,2002-07-15,782,801,782,792,118258
005860,2002-07-16,791,791,772,772,280081
005860,2002-07-18,762,782,762,772,127589
005860,2002-07-19,772,772,753,763,123698
005860,2002-07-22,743,772,724,725,206944
005860,2002-07-23,715,743,715,744,120571
005860,2002-07-24,734,743,715,734,87118
005860,2002-07-25,743,762,715,715,119266
005860,2002-07-26,715,734,705,715,49378
005860,2002-07-29,724,724,705,715,76585
005860,2002-07-30,724,734,715,725,76964
005860,2002-07-31,734,734,705,725,36522
005860,2002-08-01,743,753,715,734,285169
005860,2002-08-02,715,743,715,744,196438
005860,2002-08-05,734,743,715,715,139880
005860,2002-08-06,705,715,696,706,97063
005860,2002-08-07,705,724,705,706,120663
005860,2002-08-08,715,724,705,706,64801
005860,2002-08-09,715,734,705,715,182979
005860,2002-08-12,734,772,724,753,486675
005860,2002-08-13,772,772,715,753,127446
005860,2002-08-14,743,743,724,734,76781
005860,2002-08-16,734,762,724,753,166036
005860,2002-08-19,734,762,715,734,159252
005860,2002-08-20,734,743,715,734,153142
005860,2002-08-21,734,753,724,753,126711
005860,2002-08-22,753,782,743,763,255677
005860,2002-08-23,791,791,743,763,86465
005860,2002-08-26,743,753,734,734,106549
005860,2002-08-27,734,743,724,744,108690
005860,2002-08-28,734,743,724,725,79489
005860,2002-08-29,734,743,715,744,135681
005860,2002-08-30,762,772,743,744,200155
005860,2002-09-02,743,762,724,744,175298
005860,2002-09-03,734,753,734,744,70414
005860,2002-09-04,724,743,715,715,128834
005860,2002-09-05,715,734,715,734,20454
005860,2002-09-06,724,753,715,725,383201
005860,2002-09-09,724,734,715,715,80879
005860,2002-09-10,724,734,715,725,77022
005860,2002-09-11,724,724,705,725,63509
005860,2002-09-12,715,724,705,715,105557
005860,2002-09-13,715,724,696,706,97451
005860,2002-09-16,705,724,705,715,104566
005860,2002-09-17,715,724,705,725,52082
005860,2002-09-18,705,724,705,706,140758
005860,2002-09-19,705,715,696,706,22503
005860,2002-09-23,696,705,686,687,50080
005860,2002-09-24,686,705,677,706,69488
005860,2002-09-25,696,696,677,687,76095
005860,2002-09-26,696,705,677,687,73215
005860,2002-09-27,696,696,658,696,36951
005860,2002-09-30,677,724,667,725,136210
005860,2002-10-01,696,715,686,706,85590
005860,2002-10-02,724,724,696,715,36332
005860,2002-10-04,705,715,686,706,158374
005860,2002-10-07,686,705,686,706,78553
005860,2002-10-08,696,705,696,706,53957
005860,2002-10-09,705,772,696,744,274397
005860,2002-10-10,724,724,696,715,149068
005860,2002-10-11,715,724,696,696,54053
005860,2002-10-14,715,715,696,706,51466
005860,2002-10-15,705,715,696,715,58099
005860,2002-10-16,705,724,705,706,33307
005860,2002-10-17,696,715,696,715,26390
005860,2002-10-18,715,724,705,725,177814
005860,2002-10-21,715,724,705,715,60092
005860,2002-10-22,705,715,696,706,31473
005860,2002-10-23,705,734,705,725,102040
005860,2002-10-24,724,724,696,706,43260
005860,2002-10-25,705,715,696,715,43943
005860,2002-10-28,705,724,705,715,53979
005860,2002-10-29,715,724,705,706,88435
005860,2002-10-30,715,724,705,725,77916
005860,2002-10-31,715,772,715,753,312221
005860,2002-11-01,762,772,734,744,169105
005860,2002-11-04,734,743,715,725,147949
005860,2002-11-05,724,734,724,734,33000
005860,2002-11-06,715,734,715,715,80604
005860,2002-11-07,715,734,715,715,160815
005860,2002-11-08,715,753,715,725,193402
005860,2002-11-11,715,743,715,715,40063
005860,2002-11-12,715,724,705,725,80211
005860,2002-11-13,724,753,696,696,413730
005860,2002-11-14,705,715,696,706,44453
005860,2002-11-15,705,715,696,696,118024
005860,2002-11-18,696,705,696,696,49868
005860,2002-11-19,686,705,686,696,61680
005860,2002-11-20,696,705,696,706,38655
005860,2002-11-21,696,715,696,706,66134
005860,2002-11-22,715,734,705,715,106815
005860,2002-11-25,724,724,705,715,28183
005860,2002-11-26,715,715,696,696,38093
005860,2002-11-27,696,715,696,706,28409
005860,2002-11-28,715,724,705,725,164788
005860,2002-11-29,715,734,705,715,28594
005860,2002-12-02,724,734,715,734,62253
005860,2002-12-03,734,753,724,744,218790
005860,2002-12-04,734,762,724,753,414032
005860,2002-12-05,753,762,734,753,170135
005860,2002-12-06,753,753,734,753,84773
005860,2002-12-09,753,839,743,839,1015683
005860,2002-12-10,858,858,782,811,841741
005860,2002-12-11,820,829,791,820,656179
005860,2002-12-12,829,886,734,734,3914977
005860,2002-12-13,762,820,753,763,1175157
005860,2002-12-16,791,791,743,772,345958
005860,2002-12-17,762,762,743,753,158590
005860,2002-12-18,734,772,734,763,291922
005860,2002-12-20,753,772,734,753,142747
005860,2002-12-23,762,762,734,763,172059
005860,2002-12-24,743,762,724,744,122687
005860,2002-12-26,743,743,715,734,262313
005860,2002-12-27,696,715,686,706,124005
005860,2002-12-30,677,705,648,696,81522
005860,2003-01-02,696,705,677,696,99753
005860,2003-01-03,696,724,696,715,173922
005860,2003-01-06,715,715,696,706,65880
005860,2003-01-07,715,715,686,706,197595
005860,2003-01-08,696,705,696,696,115477
005860,2003-01-09,686,686,667,687,191224
005860,2003-01-10,677,696,677,687,139804
005860,2003-01-13,677,696,677,696,45278
005860,2003-01-14,686,696,677,677,101005
005860,2003-01-15,686,696,677,687,53842
005860,2003-01-16,686,696,677,696,64979
005860,2003-01-17,696,705,686,706,315980
005860,2003-01-20,705,724,696,696,199979
005860,2003-01-21,696,696,677,677,59677
005860,2003-01-22,677,677,658,658,200520
005860,2003-01-23,667,677,658,658,59946
005860,2003-01-24,658,677,648,649,119521
005860,2003-01-27,619,648,619,639,94312
005860,2003-01-28,619,648,619,639,36218
005860,2003-01-29,638,638,619,629,57822
005860,2003-01-30,648,648,629,629,27993
005860,2003-02-03,619,638,619,629,26268
005860,2003-02-04,629,667,629,658,60459
005860,2003-02-05,658,667,638,649,29333
005860,2003-02-06,658,658,638,649,61160
005860,2003-02-07,638,658,638,649,16976
005860,2003-02-10,648,648,638,639,6347
005860,2003-02-11,648,658,638,639,32592
005860,2003-02-12,638,648,629,639,11945
005860,2003-02-13,629,638,619,639,20779
005860,2003-02-14,629,648,629,639,69550
005860,2003-02-17,638,658,638,658,42175
005860,2003-02-18,648,658,629,649,61073
005860,2003-02-19,658,658,648,649,66385
005860,2003-02-20,658,658,638,649,40167
005860,2003-02-21,658,667,648,658,66257
005860,2003-02-24,658,667,658,668,87208
005860,2003-02-25,648,667,638,668,40299
005860,2003-02-26,667,667,648,658,11239
005860,2003-02-27,648,658,648,658,14235
005860,2003-02-28,648,667,648,668,21996
005860,2003-03-03,658,667,648,668,61190
005860,2003-03-04,667,667,648,658,45142
005860,2003-03-05,648,696,629,639,550898
005860,2003-03-06,648,648,591,610,134393
005860,2003-03-07,619,619,600,610,44446
005860,2003-03-10,581,600,581,591,61170
005860,2003-03-11,562,591,553,572,80638
005860,2003-03-12,553,591,543,591,38119
005860,2003-03-13,591,600,581,591,8693
005860,2003-03-14,600,619,591,620,70487
005860,2003-03-17,610,610,581,591,67768
005860,2003-03-18,591,610,562,601,25777
005860,2003-03-19,610,629,591,601,82818
005860,2003-03-20,600,667,591,658,125420
005860,2003-03-21,648,658,629,649,37508
005860,2003-03-24,648,648,629,629,35081
005860,2003-03-25,610,629,581,610,42132
005860,2003-03-26,600,619,600,610,44575
005860,2003-03-27,600,619,591,610,18459
005860,2003-03-28,610,610,600,601,10538
005860,2003-03-31,619,619,591,610,5005
005860,2003-04-01,600,619,600,620,6420
005860,2003-04-02,619,629,610,620,21321
005860,2003-04-03,629,638,619,629,69701
005860,2003-04-04,610,629,610,629,6185
005860,2003-04-07,629,638,619,639,52529
005860,2003-04-08,638,638,610,629,36358
005860,2003-04-09,619,629,610,610,79338
005860,2003-04-10,610,638,610,620,92659
005860,2003-04-11,629,629,619,620,12656
005860,2003-04-14,619,638,610,629,65648
005860,2003-04-15,619,638,619,639,56056
005860,2003-04-16,638,648,638,649,87626
005860,2003-04-17,648,658,638,649,33837
005860,2003-04-18,648,648,638,649,49375
005860,2003-04-21,648,648,629,639,18856
005860,2003-04-22,638,638,619,639,94341
005860,2003-04-23,638,648,629,639,99030
005860,2003-04-24,638,638,619,620,57767
005860,2003-04-25,619,619,591,610,82784
005860,2003-04-28,600,619,591,610,23842
005860,2003-04-29,600,619,600,610,37127
005860,2003-04-30,610,619,600,601,33095
005860,2003-05-02,591,610,591,610,115690
005860,2003-05-06,610,610,600,601,56971
005860,2003-05-07,610,610,591,601,101974
005860,2003-05-09,600,638,600,629,285905
005860,2003-05-12,648,648,610,629,199573
005860,2003-05-13,629,629,600,610,142171
005860,2003-05-14,600,610,600,601,77980
005860,2003-05-15,600,610,591,601,83903
005860,2003-05-16,600,610,591,610,75245
005860,2003-05-19,600,600,591,601,49028
005860,2003-05-20,581,600,581,591,168085
005860,2003-05-21,591,638,591,610,463830
005860,2003-05-22,600,610,600,610,88345
005860,2003-05-23,600,619,600,610,78543
005860,2003-05-26,600,610,600,601,82802
005860,2003-05-27,600,619,600,601,45707
005860,2003-05-28,600,619,600,601,76843
005860,2003-05-29,600,610,600,601,48002
005860,2003-05-30,600,619,600,610,114264
005860,2003-06-02,600,610,600,610,116687
005860,2003-06-03,610,629,600,620,356060
005860,2003-06-04,619,619,600,610,89394
005860,2003-06-05,610,610,600,610,89536
005860,2003-06-09,600,610,600,601,84800
005860,2003-06-10,600,610,600,601,51402
005860,2003-06-11,600,610,591,601,116762
005860,2003-06-12,610,610,600,610,62246
005860,2003-06-13,600,610,591,610,96133
005860,2003-06-16,600,677,591,620,2708537
005860,2003-06-17,619,629,610,610,209591
005860,2003-06-18,610,629,610,610,155754
005860,2003-06-19,619,629,610,620,138383
005860,2003-06-20,619,629,610,629,79026
005860,2003-06-23,629,629,610,610,65200
005860,2003-06-24,610,629,610,620,73903
005860,2003-06-25,610,619,600,610,90460
005860,2003-06-26,600,619,600,610,48379
005860,2003-06-27,610,619,600,610,85624
005860,2003-06-30,600,619,600,610,41398
005860,2003-07-01,610,619,600,610,91637
005860,2003-07-02,610,619,600,620,64610
005860,2003-07-03,619,629,610,620,149486
005860,2003-07-04,610,667,610,629,475479
005860,2003-07-07,629,658,629,639,211235
005860,2003-07-08,648,658,629,639,184174
005860,2003-07-09,629,638,619,629,121128
005860,2003-07-10,619,638,619,620,161376
005860,2003-07-11,619,629,610,610,89127
005860,2003-07-14,610,629,610,620,164536
005860,2003-07-15,619,629,600,610,146489
005860,2003-07-16,610,619,610,610,102130
005860,2003-07-18,619,667,619,639,618695
005860,2003-07-21,667,667,629,639,531926
005860,2003-07-22,643,643,610,625,329447
005860,2003-07-23,624,634,610,610,136289
005860,2003-07-24,605,610,605,610,137118
005860,2003-07-25,605,615,600,610,125954
005860,2003-07-28,605,619,605,610,154751
005860,2003-07-29,610,615,600,606,104867
005860,2003-07-30,600,610,600,606,159426
005860,2003-07-31,605,610,600,601,65743
005860,2003-08-01,605,610,600,610,195179
005860,2003-08-04,600,610,596,601,41758
005860,2003-08-05,600,605,596,606,61902
005860,2003-08-06,600,605,591,601,111771
005860,2003-08-07,600,600,591,596,52972
005860,2003-08-08,596,600,596,601,27986
005860,2003-08-11,596,596,586,596,88104
005860,2003-08-12,591,596,586,596,19212
005860,2003-08-13,591,596,586,591,36652
005860,2003-08-14,596,596,581,591,22217
005860,2003-08-18,581,591,576,577,114511
005860,2003-08-19,586,586,576,582,52588
005860,2003-08-20,586,586,572,582,58530
005860,2003-08-21,576,586,572,582,98696
005860,2003-08-22,581,586,572,577,47668
005860,2003-08-25,572,576,572,572,100351
005860,2003-08-26,572,576,567,572,69671
005860,2003-08-27,562,572,557,563,224098
005860,2003-08-28,557,562,553,563,182285
005860,2003-08-29,562,562,553,563,154771
005860,2003-09-01,553,567,553,563,53703
005860,2003-09-02,562,572,562,567,31691
005860,2003-09-03,567,572,562,567,71544
005860,2003-09-04,567,586,562,582,136049
005860,2003-09-05,581,586,562,567,97588
005860,2003-09-08,572,572,562,572,7353
005860,2003-09-09,567,572,562,567,10230
005860,2003-09-15,572,572,557,563,42403
005860,2003-09-16,562,567,557,567,54612
005860,2003-09-17,567,567,562,563,27857
005860,2003-09-18,557,567,557,567,33405
005860,2003-09-19,562,572,562,567,36186
005860,2003-09-22,567,567,557,558,56931
005860,2003-09-23,562,562,557,563,22189
005860,2003-09-24,557,562,548,558,20303
005860,2003-09-25,553,562,548,553,34972
005860,2003-09-26,548,553,534,544,76494
005860,2003-09-29,534,548,529,534,114723
005860,2003-09-30,534,543,529,534,79175
005860,2003-10-01,534,534,495,515,100215
005860,2003-10-02,514,524,510,525,38118
005860,2003-10-06,514,514,510,515,41867
005860,2003-10-07,510,514,505,515,62770
005860,2003-10-08,514,514,505,510,32217
005860,2003-10-09,510,514,505,515,16624
005860,2003-10-10,510,519,510,520,31473
005860,2003-10-13,510,519,505,515,51120
005860,2003-10-14,510,514,505,510,34392
005860,2003-10-15,505,510,505,510,47341
005860,2003-10-16,505,514,505,515,31820
005860,2003-10-17,510,514,500,510,24590
005860,2003-10-20,505,505,495,505,64155
005860,2003-10-21,495,505,495,501,17115
005860,2003-10-22,495,500,491,501,19704
005860,2003-10-23,495,500,491,496,18787
005860,2003-10-24,486,500,486,491,22302
005860,2003-10-27,486,491,472,482,123982
005860,2003-10-28,476,476,467,472,58204
005860,2003-10-29,472,476,462,463,137061
005860,2003-10-30,462,472,462,467,35500
005860,2003-10-31,462,472,462,463,33702
005860,2003-11-03,462,514,462,515,482931
005860,2003-11-04,510,548,500,525,398565
005860,2003-11-05,524,543,519,529,213543
005860,2003-11-06,529,529,472,496,123993
005860,2003-11-07,481,538,481,529,160187
005860,2003-11-10,529,557,529,534,36296
005860,2003-11-11,543,543,524,539,30133
005860,2003-11-12,538,548,524,544,46024
005860,2003-11-13,553,567,553,553,68233
005860,2003-11-14,538,562,538,558,8155
005860,2003-11-17,567,567,538,558,25976
005860,2003-11-18,557,567,534,567,12304
005860,2003-11-19,553,567,543,563,47583
005860,2003-11-20,543,567,514,563,27824
005860,2003-11-21,562,605,553,563,23756
005860,2003-11-24,572,572,548,553,61894
005860,2003-11-25,553,567,553,563,54320
005860,2003-11-26,562,576,557,558,32200
005860,2003-11-27,534,572,519,567,24099
005860,2003-11-28,572,576,567,577,6370
005860,2003-12-01,586,591,576,582,38706
005860,2003-12-02,591,591,572,582,23442
005860,2003-12-03,581,591,581,587,24025
005860,2003-12-04,576,596,576,591,21135
005860,2003-12-05,596,600,596,596,13829
005860,2003-12-08,600,605,591,606,24887
005860,2003-12-09,610,619,605,615,11430
005860,2003-12-10,605,634,605,620,53053
005860,2003-12-11,634,634,619,625,9346
005860,2003-12-12,619,638,572,625,46763
005860,2003-12-15,638,638,605,629,11302
005860,2003-12-16,619,619,596,615,19206
005860,2003-12-17,591,615,591,615,15616
005860,2003-12-18,629,629,553,553,53514
005860,2003-12-19,557,605,553,606,39438
005860,2003-12-22,596,610,557,601,63507
005860,2003-12-23,600,629,572,615,207814
005860,2003-12-24,615,619,581,601,56635
005860,2003-12-26,591,605,538,606,24526
005860,2003-12-29,581,605,581,606,24377
005860,2003-12-30,591,605,576,606,22301
005860,2004-01-02,605,610,591,601,16487
005860,2004-01-05,600,605,576,596,21028
005860,2004-01-06,576,591,562,577,36118
005860,2004-01-07,567,591,557,591,14909
005860,2004-01-08,557,600,557,591,1367
005860,2004-01-09,572,586,567,582,33907
005860,2004-01-12,576,576,557,577,11141
005860,2004-01-13,567,567,543,544,29430
005860,2004-01-14,581,581,543,544,5982
005860,2004-01-15,543,562,514,515,22310
005860,2004-01-16,514,529,495,525,8360
005860,2004-01-19,534,534,486,515,27756
005860,2004-01-20,510,524,495,525,11022
005860,2004-01-26,514,529,491,525,5616
005860,2004-01-27,524,534,524,529,8511
005860,2004-01-28,534,534,500,534,15195
005860,2004-01-29,534,534,514,525,41223
005860,2004-01-30,514,538,505,534,27060
005860,2004-02-02,524,529,514,515,12596
005860,2004-02-03,514,538,505,505,3679
005860,2004-02-04,524,548,495,520,46774
005860,2004-02-05,524,529,500,501,31347
005860,2004-02-06,519,524,495,520,25667
005860,2004-02-09,505,519,500,505,17384
005860,2004-02-10,500,510,472,472,30737
005860,2004-02-11,476,495,472,491,16707
005860,2004-02-12,481,491,472,486,61443
005860,2004-02-13,486,491,476,491,18957
005860,2004-02-16,491,514,481,510,31493
005860,2004-02-17,505,524,486,520,47721
005860,2004-02-18,510,538,500,529,43633
005860,2004-02-19,543,553,534,548,42025
005860,2004-02-20,543,553,543,553,33571
005860,2004-02-23,553,557,491,553,36560
005860,2004-02-24,519,557,519,553,24021
005860,2004-02-25,514,538,495,510,40306
005860,2004-02-26,538,538,510,510,14415
005860,2004-02-27,500,524,500,525,5154
005860,2004-03-02,514,524,510,520,1261
005860,2004-03-03,510,514,476,486,34471
005860,2004-03-04,505,505,472,482,68139
005860,2004-03-05,491,500,481,496,18091
005860,2004-03-08,491,491,438,467,67083
005860,2004-03-09,467,486,467,482,25253
005860,2004-03-10,476,491,472,486,29259
005860,2004-03-11,486,491,476,491,11420
005860,2004-03-12,467,491,462,486,26582
005860,2004-03-15,495,495,476,486,17685
005860,2004-03-16,476,486,476,482,24610
005860,2004-03-17,486,486,476,482,10447
005860,2004-03-18,481,486,472,482,20956
005860,2004-03-19,481,481,467,482,36114
005860,2004-03-22,486,486,476,482,10278
005860,2004-03-23,467,481,467,472,20068
005860,2004-03-24,472,481,462,482,45088
005860,2004-03-25,472,481,467,472,18513
005860,2004-03-26,476,481,467,477,24525
005860,2004-03-29,472,476,467,467,25881
005860,2004-03-30,467,476,467,472,10945
005860,2004-03-31,476,476,462,467,20702
005860,2004-04-01,462,472,462,467,8288
005860,2004-04-02,462,476,462,463,26653
005860,2004-04-06,467,491,467,491,7538
005860,2004-04-07,481,495,472,491,33604
005860,2004-04-08,486,491,472,486,37112
005860,2004-04-09,486,491,476,486,38789
005860,2004-04-12,476,495,476,482,27949
005860,2004-04-13,486,491,476,491,9070
005860,2004-04-14,481,491,462,486,22724
005860,2004-04-16,481,505,476,505,38289
005860,2004-04-19,510,510,448,501,71862
005860,2004-04-20,500,529,486,525,45152
005860,2004-04-21,495,524,495,525,19744
005860,2004-04-22,519,538,510,534,24447
005860,2004-04-23,548,553,514,548,58039
005860,2004-04-26,538,538,510,515,37529
005860,2004-04-27,524,524,491,505,16539
005860,2004-04-28,505,519,491,515,18748
005860,2004-04-29,505,519,500,520,5845
005860,2004-04-30,510,514,481,482,7630
005860,2004-05-03,476,495,476,482,45432
005860,2004-05-04,486,491,486,491,10620
005860,2004-05-06,543,548,543,548,205313
005860,2004-05-07,596,596,491,505,550585
005860,2004-05-10,505,505,457,467,150125
005860,2004-05-11,472,472,453,467,19775
005860,2004-05-12,462,491,462,477,122679
005860,2004-05-13,467,476,467,467,43668
005860,2004-05-14,467,472,462,472,31627
005860,2004-05-17,467,472,448,453,49625
005860,2004-05-18,443,453,438,448,9268
005860,2004-05-19,438,457,438,448,27524
005860,2004-05-20,448,453,433,443,31081
005860,2004-05-21,438,495,438,496,182063
005860,2004-05-24,481,495,438,448,306869
005860,2004-05-25,448,448,438,439,43382
005860,2004-05-27,448,453,443,443,24368
005860,2004-05-28,443,448,438,439,11147
005860,2004-05-31,438,443,438,443,10653
005860,2004-06-01,443,448,438,448,31834
005860,2004-06-02,438,453,438,443,30801
005860,2004-06-03,443,457,443,458,43205
005860,2004-06-04,448,457,448,453,7613
005860,2004-06-07,448,457,443,448,2641
005860,2004-06-08,457,457,438,448,16184
005860,2004-06-09,448,457,438,448,16460
005860,2004-06-10,443,448,438,448,8579
005860,2004-06-11,448,448,443,443,3230
005860,2004-06-14,443,443,429,439,15456
005860,2004-06-15,438,448,429,434,61568
005860,2004-06-16,438,443,419,429,64226
005860,2004-06-17,424,429,419,429,11818
005860,2004-06-18,419,429,419,429,33506
005860,2004-06-21,429,433,424,434,20071
005860,2004-06-22,424,429,419,424,14685
005860,2004-06-23,424,424,419,420,28708
005860,2004-06-24,424,429,419,424,8471
005860,2004-06-25,419,424,419,424,8792
005860,2004-06-28,419,424,419,420,7076
005860,2004-06-29,424,424,419,424,10076
005860,2004-06-30,424,429,419,429,14130
005860,2004-07-01,433,433,424,434,22277
005860,2004-07-02,429,429,391,415,27048
005860,2004-07-05,400,414,400,410,45848
005860,2004-07-06,414,429,410,424,17933
005860,2004-07-07,419,419,410,415,6494
005860,2004-07-08,414,419,410,410,27804
005860,2004-07-09,414,419,410,415,6851
005860,2004-07-12,419,419,405,415,6310
005860,2004-07-13,414,419,405,415,19247
005860,2004-07-14,414,414,405,415,10702
005860,2004-07-15,405,414,405,415,23031
005860,2004-07-16,410,419,410,420,1190
005860,2004-07-19,414,414,410,415,3274
005860,2004-07-20,410,414,410,415,7821
005860,2004-07-21,410,414,410,415,6448
005860,2004-07-22,410,414,410,415,12389
005860,2004-07-23,410,414,405,410,19361
005860,2004-07-26,410,410,391,405,117347
005860,2004-07-27,400,400,386,386,39036
005860,2004-07-28,391,391,376,377,62023
005860,2004-07-29,381,381,362,362,40115
005860,2004-07-30,362,371,362,372,14769
005860,2004-08-02,362,367,357,367,18652
005860,2004-08-03,362,371,357,358,36553
005860,2004-08-04,357,362,352,362,12007
005860,2004-08-05,357,367,357,367,34184
005860,2004-08-06,367,367,357,367,12164
005860,2004-08-09,362,371,362,367,3612
005860,2004-08-10,371,371,362,372,3051
005860,2004-08-11,381,381,367,377,1613
005860,2004-08-12,376,381,367,381,6242
005860,2004-08-13,367,391,367,391,35020
005860,2004-08-16,391,395,391,396,32514
005860,2004-08-17,395,405,395,405,49732
005860,2004-08-18,400,414,395,410,39107
005860,2004-08-19,410,410,400,410,4262
005860,2004-08-20,400,410,391,410,18269
005860,2004-08-23,405,405,386,401,14794
005860,2004-08-24,391,400,391,401,299
005860,2004-08-25,400,400,391,391,4044
005860,2004-08-26,386,405,386,401,16095
005860,2004-08-27,410,410,391,405,2031
005860,2004-08-30,405,405,391,401,6674
005860,2004-08-31,400,405,391,401,6659
005860,2004-09-01,395,400,386,401,22504
005860,2004-09-02,391,400,391,396,1572
005860,2004-09-03,395,395,386,396,28083
005860,2004-09-06,391,395,391,396,522
005860,2004-09-07,395,395,381,391,19622
005860,2004-09-08,386,391,381,386,29656
005860,2004-09-09,386,395,386,386,16113
005860,2004-09-10,391,400,381,396,17623
005860,2004-09-13,386,400,386,391,24287
005860,2004-09-14,395,395,381,386,39216
005860,2004-09-15,381,391,381,391,9222
005860,2004-09-16,391,395,386,396,5364
005860,2004-09-17,395,395,386,396,3051
005860,2004-09-20,400,400,381,391,48365
005860,2004-09-21,381,391,381,391,17742
005860,2004-09-22,381,391,381,391,11990
005860,2004-09-23,381,391,381,386,13451
005860,2004-09-24,381,386,381,381,18170
005860,2004-09-30,381,381,376,381,1975
005860,2004-10-01,376,386,376,386,10790
005860,2004-10-04,381,386,376,386,9780
005860,2004-10-05,381,395,381,396,12072
005860,2004-10-06,381,391,381,391,59689
005860,2004-10-07,386,386,381,386,5756
005860,2004-10-08,386,386,376,386,2521
005860,2004-10-11,376,386,376,386,2013
005860,2004-10-12,376,386,376,386,3908
005860,2004-10-13,386,386,376,386,1364
005860,2004-10-14,386,386,381,386,16136
005860,2004-10-15,381,386,376,386,5232
005860,2004-10-18,381,386,381,386,11282
005860,2004-10-19,381,386,376,381,8546
005860,2004-10-20,381,381,376,381,18426
005860,2004-10-21,376,391,376,386,20234
005860,2004-10-22,386,386,376,386,7012
005860,2004-10-25,376,386,376,386,10301
005860,2004-10-26,386,391,386,386,39033
005860,2004-10-27,381,391,381,391,27833
005860,2004-10-28,391,433,386,429,114794
005860,2004-10-29,429,429,400,410,24678
005860,2004-11-01,419,429,410,424,48999
005860,2004-11-02,410,424,410,420,25763
005860,2004-11-03,410,414,400,401,20850
005860,2004-11-04,400,410,395,396,13742
005860,2004-11-05,405,405,395,401,13241
005860,2004-11-08,400,400,391,401,5842
005860,2004-11-09,400,410,395,410,12630
005860,2004-11-10,410,410,400,410,18720
005860,2004-11-11,405,433,400,429,83796
005860,2004-11-12,429,443,419,429,8705
005860,2004-11-15,410,424,410,410,22386
005860,2004-11-16,400,424,400,420,44806
005860,2004-11-17,410,424,400,424,12826
005860,2004-11-18,429,429,410,429,46110
005860,2004-11-19,429,433,414,434,36531
005860,2004-11-22,429,429,419,420,5280
005860,2004-11-23,414,433,414,429,27433
005860,2004-11-24,419,433,419,429,4814
005860,2004-11-25,419,429,405,410,14005
005860,2004-11-26,405,419,395,396,65523
005860,2004-11-29,400,405,395,405,6751
005860,2004-11-30,405,405,395,401,23390
005860,2004-12-01,395,419,395,420,27161
005860,2004-12-02,419,419,419,420,1412
005860,2004-12-03,419,419,410,420,1906
005860,2004-12-06,419,419,405,420,6701
005860,2004-12-07,405,419,405,420,3010
005860,2004-12-08,414,419,410,420,2200
005860,2004-12-09,410,419,400,415,15294
005860,2004-12-10,410,419,400,420,6966
005860,2004-12-13,419,419,405,415,507
005860,2004-12-14,414,414,400,410,6518
005860,2004-12-15,410,410,400,410,30400
005860,2004-12-16,410,414,400,410,18837
005860,2004-12-17,410,410,400,410,10965
005860,2004-12-20,410,414,400,410,28043
005860,2004-12-21,410,410,395,401,81331
005860,2004-12-22,400,405,395,396,6185
005860,2004-12-23,395,405,395,401,23151
005860,2004-12-24,391,400,386,391,68426
005860,2004-12-27,391,395,386,391,20137
005860,2004-12-28,395,400,386,401,63774
005860,2004-12-29,391,400,381,381,43296
005860,2004-12-30,376,386,376,386,3596
005860,2005-01-03,376,391,376,386,26998
005860,2005-01-04,381,391,376,386,18349
005860,2005-01-05,381,395,381,396,30745
005860,2005-01-06,395,424,391,396,186955
005860,2005-01-07,405,405,386,386,114727
005860,2005-01-10,395,400,386,386,59428
005860,2005-01-11,391,395,386,391,61501
005860,2005-01-12,391,391,381,386,81671
005860,2005-01-13,386,391,381,391,26034
005860,2005-01-14,391,400,391,391,159697
005860,2005-01-17,391,414,391,415,189511
005860,2005-01-18,410,414,400,410,69944
005860,2005-01-19,414,424,410,420,100197
005860,2005-01-20,424,429,410,420,25738
005860,2005-01-21,419,419,400,415,162252
005860,2005-01-24,414,419,410,420,58834
005860,2005-01-25,419,424,405,415,72348
005860,2005-01-26,414,457,414,453,392392
005860,2005-01-27,453,457,419,429,57296
005860,2005-01-28,424,443,410,443,91619
005860,2005-01-31,453,486,453,472,220513
005860,2005-02-01,476,524,472,525,778329
005860,2005-02-02,543,586,543,572,1939685
005860,2005-02-03,576,581,514,548,708694
005860,2005-02-04,543,548,505,505,106605
005860,2005-02-07,491,529,476,529,527217
005860,2005-02-11,510,524,500,510,95754
005860,2005-02-14,529,567,529,567,648645
005860,2005-02-15,576,634,562,634,1473104
005860,2005-02-16,672,705,619,663,2280691
005860,2005-02-17,643,720,629,701,1187964
005860,2005-02-18,686,782,686,782,2144890
005860,2005-02-21,872,872,867,873,1230991
005860,2005-02-22,972,972,972,973,536075
005860,2005-02-23,1006,1087,858,873,6787967
005860,2005-02-24,872,972,872,973,3659905
005860,2005-02-25,991,1039,858,858,2699050
005860,2005-02-28,782,820,758,758,549620
005860,2005-03-02,667,715,667,668,1169877
005860,2005-03-03,610,638,596,634,4307646
005860,2005-03-04,638,677,624,629,1528632
005860,2005-03-07,634,648,557,558,2116583
005860,2005-03-08,557,581,505,529,1482565
005860,2005-03-09,524,586,519,553,2253984
005860,2005-03-10,538,562,529,539,874033
005860,2005-03-11,529,591,529,567,3048890
005860,2005-03-14,557,591,557,582,1164561
005860,2005-03-15,581,600,524,539,1591647
005860,2005-03-16,524,538,486,505,835463
005860,2005-03-17,500,514,486,501,383624
005860,2005-03-18,495,519,476,486,702368
005860,2005-03-21,491,491,462,472,560548
005860,2005-03-22,472,524,467,525,749005
005860,2005-03-23,548,548,500,529,486032
005860,2005-03-24,529,538,500,505,201410
005860,2005-03-25,510,548,495,529,321528
005860,2005-03-28,534,538,510,525,368221
005860,2005-03-29,519,524,500,505,439493
005860,2005-03-30,495,576,495,577,1498736
005860,2005-03-31,591,605,548,577,1321347
005860,2005-04-01,591,662,581,663,1572670
005860,2005-04-04,724,758,710,758,4446787
005860,2005-04-06,786,848,720,758,4496027
005860,2005-04-07,777,782,648,649,2615755
005860,2005-04-08,658,686,605,687,2621856
005860,2005-04-11,681,696,638,644,1400495
005860,2005-04-12,629,643,600,610,1264911
005860,2005-04-13,619,700,610,649,5259096
005860,2005-04-14,643,643,600,620,1117299
005860,2005-04-15,610,681,605,629,2073423
005860,2005-04-18,605,672,605,668,3976689
005860,2005-04-19,681,748,667,734,5367723
005860,2005-04-20,743,748,700,744,3022154
005860,2005-04-21,743,853,720,854,7101099
005860,2005-04-22,877,967,753,777,7374878
005860,2005-04-25,777,815,691,706,4660259
005860,2005-04-26,720,739,691,706,3232856
005860,2005-04-27,700,753,691,734,5180009
005860,2005-04-28,739,762,624,625,3865415
005860,2005-04-29,586,615,548,615,2729830
005860,2005-05-02,600,624,581,587,1241649
005860,2005-05-03,586,658,586,625,2925662
005860,2005-05-04,624,662,610,625,2072272
005860,2005-05-06,629,648,615,625,871296
005860,2005-05-09,619,629,591,591,888192
005860,2005-05-10,600,643,596,596,1452765
005860,2005-05-11,605,672,591,610,4869803
005860,2005-05-12,610,658,610,653,1429980
005860,2005-05-13,648,691,629,639,1275098
005860,2005-05-16,643,681,643,672,1242063
005860,2005-05-17,686,724,672,682,1892112
005860,2005-05-18,696,710,677,682,1048258
005860,2005-05-19,686,748,662,715,2936351
005860,2005-05-20,691,705,658,663,1549598
005860,2005-05-23,667,758,658,758,2049070
005860,2005-05-24,810,867,705,725,12146992
005860,2005-05-25,743,829,734,768,6205914
005860,2005-05-26,805,834,739,772,2936824
005860,2005-05-27,767,772,691,715,2348965
005860,2005-05-30,700,743,691,715,1647264
005860,2005-05-31,715,801,696,782,4818866
005860,2005-06-01,782,824,762,782,2694112
005860,2005-06-02,786,863,786,801,5209717
005860,2005-06-03,820,848,796,806,2634837
005860,2005-06-07,810,820,777,811,1914337
005860,2005-06-08,815,844,691,696,4835647
005860,2005-06-09,705,753,700,734,2206443
005860,2005-06-10,724,743,696,715,1239602
005860,2005-06-13,705,805,705,768,3153459
005860,2005-06-14,877,882,815,815,16088866
005860,2005-06-15,772,815,767,787,5390493
005860,2005-06-16,805,829,772,820,3313903
005860,2005-06-17,810,910,796,830,6767368
005860,2005-06-20,824,953,824,954,8953677
005860,2005-06-21,1010,1096,925,949,14185392
005860,2005-06-22,967,1006,905,1006,5413385
005860,2005-06-23,1010,1125,967,1078,7974488
005860,2005-06-24,1044,1096,991,1082,4089242
005860,2005-06-27,1082,1192,1044,1044,4674200
005860,2005-06-28,1044,1096,953,954,4109918
005860,2005-06-29,963,987,910,925,3452351
005860,2005-06-30,934,958,906,906,3771876
005860,2005-07-01,901,934,901,916,2755957
005860,2005-07-04,906,1025,906,987,5638558
005860,2005-07-05,1006,1082,991,1035,5507235
005860,2005-07-06,1049,1096,1025,1097,4563270
005860,2005-07-07,1106,1163,1068,1092,4586642
005860,2005-07-08,1130,1254,1091,1187,8434316
005860,2005-07-11,1239,1363,1220,1364,9241582
005860,2005-07-12,1401,1459,1282,1421,5996046
005860,2005-07-13,1397,1459,1325,1345,2987224
005860,2005-07-14,1325,1392,1173,1268,3955440
005860,2005-07-15,1249,1277,1182,1273,2708661
005860,2005-07-18,1273,1349,1263,1278,3471359
005860,2005-07-19,1249,1320,1182,1197,3096791
005860,2005-07-20,1196,1254,1020,1087,2735521
005860,2005-07-21,1087,1125,991,1011,2736099
005860,2005-07-22,1020,1158,1010,1159,4610425
005860,2005-07-25,1177,1282,1173,1240,3409713
005860,2005-07-26,1192,1268,1149,1149,1724434
005860,2005-07-27,1149,1215,1149,1173,1773285
005860,2005-07-28,1187,1316,1187,1225,4993527
005860,2005-07-29,1249,1249,1144,1163,2747876
005860,2005-08-01,1163,1220,1125,1183,3170645
005860,2005-08-02,1192,1220,1153,1154,3061414
005860,2005-08-03,1134,1163,1068,1073,2813058
005860,2005-08-04,1115,1153,1025,1078,2369964
005860,2005-08-05,1053,1120,996,1006,1609937
005860,2005-08-08,991,1044,967,978,1316284
005860,2005-08-09,972,1015,972,1006,1304574
005860,2005-08-10,1006,1029,987,992,1357815
005860,2005-08-11,1001,1034,1001,1035,1609120
005860,2005-08-12,1058,1068,1010,1011,1235409
005860,2005-08-16,1010,1020,944,954,1109558
005860,2005-08-17,929,963,905,935,1389553
005860,2005-08-18,934,948,867,873,1414203
005860,2005-08-19,867,886,829,863,1681292
005860,2005-08-22,863,906,863,882,1352090
005860,2005-08-23,882,896,863,863,1347600
005860,2005-08-24,858,915,834,892,1462526
005860,2005-08-25,891,896,863,868,1046134
005860,2005-08-26,863,882,834,849,1478111
005860,2005-08-29,848,848,724,730,1393498
005860,2005-08-30,739,758,691,701,1325960
005860,2005-08-31,686,700,672,687,1191792
005860,2005-09-01,705,786,700,787,3886977
005860,2005-09-02,791,848,786,801,2963727
005860,2005-09-05,810,829,791,806,924637
005860,2005-09-06,810,820,786,787,1058705
005860,2005-09-07,791,901,791,901,4553504
005860,2005-09-08,953,953,844,863,3261854
005860,2005-09-09,877,991,858,939,7402757
005860,2005-09-12,939,948,886,911,1519772
005860,2005-09-13,901,967,896,901,2632283
005860,2005-09-14,877,915,853,868,1658043
005860,2005-09-15,848,877,839,849,1241417
005860,2005-09-16,839,877,839,858,1445072
005860,2005-09-20,867,901,867,873,1901742
005860,2005-09-21,877,896,863,873,1511760
005860,2005-09-22,863,872,839,844,1272345
005860,2005-09-23,839,853,805,815,958621
005860,2005-09-26,801,829,801,811,721653
005860,2005-09-27,824,872,824,830,1498786
005860,2005-09-28,824,858,820,849,1589290
005860,2005-09-29,858,863,829,830,918072
005860,2005-09-30,844,853,824,839,1017280
005860,2005-10-04,848,872,834,868,2446592
005860,2005-10-05,882,948,877,925,5038358
005860,2005-10-06,925,948,877,906,3800785
005860,2005-10-07,905,934,891,935,1827558
005860,2005-10-10,939,1072,934,1073,7504063
005860,2005-10-11,1072,1125,1006,1054,7037630
005860,2005-10-12,1072,1072,972,992,2224890
005860,2005-10-13,967,1010,953,992,2086639
005860,2005-10-14,977,1087,977,1020,5534568
005860,2005-10-17,1010,1087,934,963,2928750
005860,2005-10-18,982,982,915,916,1497430
005860,2005-10-19,920,929,820,844,2048131
005860,2005-10-20,844,872,834,839,1263267
005860,2005-10-21,810,863,810,839,1150021
005860,2005-10-24,839,948,839,925,3337393
005860,2005-10-25,934,934,891,896,1205523
005860,2005-10-26,910,915,877,916,1077712
005860,2005-10-27,915,972,906,930,2147256
005860,2005-10-28,920,967,906,920,1883834
005860,2005-10-31,929,953,915,916,1185752
005860,2005-11-01,906,934,882,882,1338095
005860,2005-11-02,877,915,877,901,1271827
005860,2005-11-03,915,944,886,887,1848492
005860,2005-11-04,896,910,886,896,784301
005860,2005-11-07,896,925,886,892,3128116
005860,2005-11-08,901,905,891,892,1056524
005860,2005-11-09,896,925,886,925,1592841
005860,2005-11-10,934,1034,934,958,6086000
005860,2005-11-11,972,982,920,958,2752894
005860,2005-11-14,982,1006,944,963,1801803
005860,2005-11-15,953,972,920,930,1280002
005860,2005-11-16,925,972,920,973,2314971
005860,2005-11-17,958,982,939,939,1174176
005860,2005-11-18,939,982,929,939,2252119
005860,2005-11-21,944,977,939,978,2055177
005860,2005-11-22,977,991,944,982,2172393
005860,2005-11-23,982,1020,972,973,3301134
005860,2005-11-24,977,987,934,935,2049202
005860,2005-11-25,934,948,920,935,836105
005860,2005-11-28,939,948,934,944,1241913
005860,2005-11-29,929,958,915,920,2483836
005860,2005-11-30,925,944,920,920,1475316
005860,2005-12-01,915,939,915,935,2264381
005860,2005-12-02,939,939,910,911,1380900
005860,2005-12-05,920,929,910,925,1233536
005860,2005-12-06,925,958,915,954,1771195
005860,2005-12-07,982,1006,944,949,3026905
005860,2005-12-08,944,953,920,930,1768509
005860,2005-12-09,915,929,910,916,1176112
005860,2005-12-12,910,929,896,901,1371092
005860,2005-12-13,896,915,882,892,1144149
005860,2005-12-14,896,1025,896,973,8126298
005860,2005-12-15,958,972,925,930,1788658
005860,2005-12-16,896,896,796,825,2296573
005860,2005-12-19,810,844,810,825,1103030
005860,2005-12-20,824,867,820,830,1956865
005860,2005-12-21,834,848,824,834,788171
005860,2005-12-22,839,877,796,796,2388773
005860,2005-12-23,786,820,748,782,2508482
005860,2005-12-26,782,801,782,782,876534
005860,2005-12-27,791,810,782,811,1096818
005860,2005-12-28,796,810,782,796,360581
005860,2005-12-29,791,805,782,787,611513
005860,2006-01-02,791,805,782,806,723585
005860,2006-01-03,810,839,805,825,961635
005860,2006-01-04,824,863,820,844,1260706
005860,2006-01-05,848,867,834,849,1164312
005860,2006-01-06,863,863,829,839,559466
005860,2006-01-09,834,858,829,839,899385
005860,2006-01-10,858,858,824,844,806944
005860,2006-01-11,839,844,815,820,676799
005860,2006-01-12,820,839,805,820,1326596
005860,2006-01-13,815,820,796,796,837534
005860,2006-01-16,801,834,801,830,849232
005860,2006-01-17,839,877,824,825,1119660
005860,2006-01-18,829,839,743,811,735845
005860,2006-01-19,791,810,767,787,756896
005860,2006-01-20,801,810,720,725,1394328
005860,2006-01-23,696,710,619,620,846291
005860,2006-01-24,600,638,562,629,747398
005860,2006-01-25,624,691,624,658,872458
005860,2006-01-26,653,672,648,668,251201
005860,2006-01-27,677,686,672,677,530358
005860,2006-01-31,681,724,681,710,556361
005860,2006-02-01,700,705,638,663,525364
005860,2006-02-02,672,681,658,663,446588
005860,2006-02-03,643,653,638,653,445715
005860,2006-02-06,629,667,629,668,346716
005860,2006-02-07,662,677,662,668,384259
005860,2006-02-08,681,686,653,653,417013
005860,2006-02-09,658,672,658,658,464970
005860,2006-02-10,662,691,662,672,648525
005860,2006-02-13,681,710,672,687,924971
005860,2006-02-14,677,686,672,677,397918
005860,2006-02-15,681,686,662,663,569994
005860,2006-02-16,658,667,658,668,286938
005860,2006-02-17,667,672,658,658,300724
005860,2006-02-20,658,667,653,663,435583
005860,2006-02-21,662,705,662,682,1033908
005860,2006-02-22,677,686,672,682,334333
005860,2006-02-23,700,720,681,691,701981
005860,2006-02-24,686,700,677,682,763394
005860,2006-02-27,686,686,672,672,418494
005860,2006-02-28,677,686,672,687,515458
005860,2006-03-02,686,710,677,682,682637
005860,2006-03-03,677,681,658,663,496695
005860,2006-03-06,662,667,653,658,353355
005860,2006-03-07,653,658,638,649,585677
005860,2006-03-08,634,648,629,629,607262
005860,2006-03-09,634,648,634,644,303203
005860,2006-03-10,653,715,648,668,1142926
005860,2006-03-13,677,696,672,677,407518
005860,2006-03-14,677,681,662,663,385342
005860,2006-03-15,667,672,662,668,368321
005860,2006-03-16,672,758,667,715,3862374
005860,2006-03-17,729,729,677,687,928552
005860,2006-03-20,691,705,672,682,1015818
005860,2006-03-21,677,710,672,706,907470
005860,2006-03-22,705,753,681,687,2261950
005860,2006-03-23,700,700,672,682,646380
005860,2006-03-24,677,686,643,653,864704
005860,2006-03-27,653,662,653,653,365638
005860,2006-03-28,653,662,648,649,374774
005860,2006-03-29,648,672,638,653,690472
005860,2006-03-30,658,672,658,672,446329
005860,2006-03-31,672,696,667,691,465024
005860,2006-04-03,691,710,686,691,1018383
005860,2006-04-04,691,696,677,687,666299
005860,2006-04-05,691,715,686,691,700254
005860,2006-04-06,700,710,686,691,545831
005860,2006-04-07,691,705,681,706,486385
005860,2006-04-10,700,705,696,696,543465
005860,2006-04-11,696,748,696,715,1072119
005860,2006-04-12,710,734,696,720,551879
005860,2006-04-13,724,739,710,720,559310
005860,2006-04-14,720,739,720,734,435509
005860,2006-04-17,734,748,724,734,307974
005860,2006-04-18,734,734,715,715,258935
005860,2006-04-19,715,729,700,701,472033
005860,2006-04-20,700,705,686,691,415533
005860,2006-04-21,691,710,691,706,430822
005860,2006-04-24,696,710,686,706,388370
005860,2006-04-25,715,724,705,715,429987
005860,2006-04-26,724,772,720,744,1376540
005860,2006-04-27,758,853,743,854,3555700
005860,2006-04-28,877,877,815,854,1668025
005860,2006-05-02,858,891,729,734,2787443
005860,2006-05-03,739,767,724,730,1154851
005860,2006-05-04,734,748,710,720,965595
005860,2006-05-08,724,743,720,730,693600
005860,2006-05-09,729,767,729,739,1010956
005860,2006-05-10,748,801,748,787,1385037
005860,2006-05-11,786,820,772,792,736237
005860,2006-05-12,796,815,767,811,420604
005860,2006-05-15,782,824,782,825,938420
005860,2006-05-16,829,848,772,772,1132009
005860,2006-05-17,772,786,686,687,2041836
005860,2006-05-18,672,672,619,649,1288585
005860,2006-05-19,634,672,634,658,754804
005860,2006-05-22,662,691,662,668,650473
005860,2006-05-23,662,667,653,653,258635
005860,2006-05-24,653,662,643,653,309040
005860,2006-05-25,658,691,648,653,436548
005860,2006-05-26,658,672,648,663,276136
005860,2006-05-29,662,667,648,663,232252
005860,2006-05-30,662,696,653,672,319651
005860,2006-06-01,677,686,643,644,207036
005860,2006-06-02,653,658,634,644,174400
005860,2006-06-05,648,658,638,639,124232
005860,2006-06-07,615,643,576,591,242010
005860,2006-06-08,581,605,576,601,138989
005860,2006-06-09,600,667,600,625,152859
005860,2006-06-12,624,648,624,644,47370
005860,2006-06-13,634,638,619,625,60507
005860,2006-06-14,638,653,619,639,76416
005860,2006-06-15,643,658,624,644,77605
005860,2006-06-16,658,658,643,653,86139
005860,2006-06-19,643,667,629,634,115724
005860,2006-06-20,619,653,615,615,44559
005860,2006-06-21,619,629,600,606,149371
005860,2006-06-22,615,638,615,615,39842
005860,2006-06-23,658,658,615,629,82677
005860,2006-06-26,619,634,615,625,106901
005860,2006-06-27,619,634,619,625,62453
005860,2006-06-28,610,615,605,606,66612
005860,2006-06-29,610,619,605,610,87222
005860,2006-06-30,624,634,615,634,149935
005860,2006-07-03,624,634,619,634,97458
005860,2006-07-04,629,634,619,620,79144
005860,2006-07-05,605,624,600,620,114331
005860,2006-07-06,619,619,605,606,50251
005860,2006-07-07,610,629,605,610,99118
005860,2006-07-10,615,615,600,610,117851
005860,2006-07-11,610,610,600,606,67180
005860,2006-07-12,605,615,600,606,64332
005860,2006-07-13,605,634,605,625,155800
005860,2006-07-14,624,624,586,601,125243
005860,2006-07-18,605,605,576,587,128352
005860,2006-07-19,586,596,572,577,167901
005860,2006-07-20,581,591,576,582,147919
005860,2006-07-21,576,581,567,577,68936
005860,2006-07-24,562,576,562,563,104288
005860,2006-07-25,572,576,562,563,113511
005860,2006-07-26,567,572,553,563,149472
005860,2006-07-27,567,586,548,572,343278
005860,2006-07-28,572,576,562,563,298363
005860,2006-07-31,567,634,562,587,1093847
005860,2006-08-01,586,586,567,572,155435
005860,2006-08-02,567,581,562,567,156940
005860,2006-08-03,572,576,567,572,62983
005860,2006-08-04,572,576,567,567,144033
005860,2006-08-07,567,581,562,572,222736
005860,2006-08-08,576,596,567,582,474614
005860,2006-08-09,576,591,576,591,116741
005860,2006-08-10,586,591,576,582,120375
005860,2006-08-11,581,586,572,572,151538
005860,2006-08-14,572,576,567,577,118085
005860,2006-08-16,581,586,572,577,68271
005860,2006-08-17,576,586,567,577,125891
005860,2006-08-18,576,576,567,572,55388
005860,2006-08-21,572,576,562,572,90641
005860,2006-08-22,567,572,562,563,40042
005860,2006-08-23,562,576,562,567,89658
005860,2006-08-24,576,576,557,563,94889
005860,2006-08-25,572,572,562,563,149556
005860,2006-08-28,562,572,557,567,168158
005860,2006-08-29,567,576,562,572,99016
005860,2006-08-30,572,576,567,572,163408
005860,2006-08-31,572,591,572,591,436956
005860,2006-09-01,586,591,581,582,130314
005860,2006-09-04,581,586,572,577,111827
005860,2006-09-05,581,586,572,582,163123
005860,2006-09-06,586,596,581,591,277224
005860,2006-09-07,591,591,581,587,159370
005860,2006-09-08,581,600,581,601,245839
005860,2006-09-11,600,600,581,587,257534
005860,2006-09-12,586,586,572,577,268743
005860,2006-09-13,581,586,572,582,169727
005860,2006-09-14,576,586,576,582,155692
005860,2006-09-15,581,586,576,582,80277
005860,2006-09-18,581,600,581,591,243908
005860,2006-09-19,596,615,586,591,304591
005860,2006-09-20,596,600,586,587,253120
005860,2006-09-21,591,596,581,587,131760
005860,2006-09-22,581,586,576,582,248436
005860,2006-09-25,576,581,562,572,425518
005860,2006-09-26,572,576,567,572,220307
005860,2006-09-27,572,576,562,572,128218
005860,2006-09-28,567,572,562,572,151369
005860,2006-09-29,576,576,557,558,297897
005860,2006-10-02,562,567,557,563,165958
005860,2006-10-04,557,562,543,558,223209
005860,2006-10-09,553,557,476,482,456473
005860,2006-10-10,481,514,481,505,266748
005860,2006-10-11,505,510,491,501,152873
005860,2006-10-12,500,519,500,515,203046
005860,2006-10-13,524,557,514,539,1024631
005860,2006-10-16,548,548,529,548,149754
005860,2006-10-17,548,572,519,525,399727
005860,2006-10-18,514,534,514,515,125804
005860,2006-10-19,514,524,514,515,245795
005860,2006-10-20,514,529,514,525,167424
005860,2006-10-23,529,534,524,529,185051
005860,2006-10-24,534,534,524,525,205564
005860,2006-10-25,524,534,524,525,171543
005860,2006-10-26,524,534,524,529,217126
005860,2006-10-27,534,534,519,525,158339
005860,2006-10-30,524,524,514,515,113374
005860,2006-10-31,514,534,514,529,170331
005860,2006-11-01,534,543,529,529,69534
005860,2006-11-02,534,543,529,529,105883
005860,2006-11-03,529,538,524,534,144098
005860,2006-11-06,534,600,524,553,686892
005860,2006-11-07,572,572,543,553,273375
005860,2006-11-08,553,562,553,553,160440
005860,2006-11-09,553,567,553,558,99895
005860,2006-11-10,553,562,553,563,85096
005860,2006-11-13,567,581,567,577,132855
005860,2006-11-14,572,576,567,577,142378
005860,2006-11-15,572,572,553,558,91646
005860,2006-11-16,553,557,548,558,53070
005860,2006-11-17,557,562,553,553,99074
005860,2006-11-20,562,562,553,563,90137
005860,2006-11-21,562,591,562,577,118871
005860,2006-11-22,581,581,553,553,77519
005860,2006-11-23,557,562,548,558,70975
005860,2006-11-24,557,572,557,567,124545
005860,2006-11-27,567,600,562,601,494218
005860,2006-11-28,600,629,576,582,569034
005860,2006-11-29,591,591,572,582,141378
005860,2006-11-30,581,591,572,582,174473
005860,2006-12-01,581,586,572,582,87263
005860,2006-12-04,581,581,572,577,79174
005860,2006-12-05,591,610,581,596,125625
005860,2006-12-06,600,605,572,582,83782
005860,2006-12-07,591,596,572,582,63518
005860,2006-12-08,576,576,543,548,179885
005860,2006-12-11,553,557,543,548,123086
005860,2006-12-12,553,553,534,544,118629
005860,2006-12-13,543,548,534,544,126319
005860,2006-12-14,538,567,538,563,81205
005860,2006-12-15,567,643,557,644,2203233
005860,2006-12-18,653,729,653,672,4045018
005860,2006-12-19,681,762,629,744,1703647
005860,2006-12-20,734,801,734,796,2113061
005860,2006-12-21,791,820,782,796,1579589
005860,2006-12-22,796,810,762,792,1466917
005860,2006-12-26,810,906,801,906,4142631
005860,2006-12-27,925,929,777,811,3408967
005860,2006-12-28,815,858,805,839,1800045
005860,2007-01-02,844,848,801,849,1274007
005860,2007-01-03,858,901,829,844,2242836
005860,2007-01-04,829,829,720,720,2532746
005860,2007-01-05,729,743,638,668,2039491
005860,2007-01-08,667,696,658,677,1071742
005860,2007-01-09,677,686,615,634,1406730
005860,2007-01-10,634,686,615,672,1567236
005860,2007-01-11,677,691,648,677,1106173
005860,2007-01-12,677,677,634,639,1113244
005860,2007-01-15,638,686,624,682,1049377
005860,2007-01-16,672,739,667,691,1670098
005860,2007-01-17,686,791,681,749,2707768
005860,2007-01-18,739,767,705,739,1021593
005860,2007-01-19,729,748,710,725,637918
005860,2007-01-22,715,772,710,753,812418
005860,2007-01-23,739,839,739,801,1471689
005860,2007-01-24,820,834,791,830,1031513
005860,2007-01-25,839,848,796,811,776044
005860,2007-01-26,786,824,772,801,687771
005860,2007-01-29,801,810,762,787,471836
005860,2007-01-30,782,796,720,734,477722
005860,2007-01-31,734,743,691,710,542088
005860,2007-02-01,705,720,677,691,550181
005860,2007-02-02,691,720,686,720,315338
005860,2007-02-05,715,724,691,706,445794
005860,2007-02-06,700,720,686,701,401237
005860,2007-02-07,696,715,672,677,681034
005860,2007-02-08,677,720,658,710,1790821
005860,2007-02-09,710,734,696,710,791387
005860,2007-02-12,705,762,700,763,1442085
005860,2007-02-13,762,782,748,768,678775
005860,2007-02-14,762,772,710,715,728061
005860,2007-02-15,705,715,696,706,482224
005860,2007-02-16,705,739,700,706,802606
005860,2007-02-20,705,710,686,701,355917
005860,2007-02-21,700,734,696,710,1537261
005860,2007-02-22,724,767,724,758,1386118
005860,2007-02-23,772,772,734,744,692151
005860,2007-02-26,753,753,710,725,891370
005860,2007-02-27,729,743,691,706,1122966
005860,2007-02-28,681,743,667,710,718148
005860,2007-03-02,700,720,696,696,428218
005860,2007-03-05,691,724,681,715,780244
005860,2007-03-06,705,820,705,820,4321193
005860,2007-03-07,839,863,782,787,1742273
005860,2007-03-08,791,810,777,806,1045720
005860,2007-03-09,829,906,801,858,3786717
005860,2007-03-12,844,877,839,863,1523136
005860,2007-03-13,886,977,786,806,5163455
005860,2007-03-14,805,882,782,849,2103275
005860,2007-03-15,848,882,810,839,1178138
005860,2007-03-16,824,963,815,963,3697819
005860,2007-03-19,991,1106,991,1106,5079770
005860,2007-03-20,1182,1211,953,992,9480218
005860,2007-03-21,1020,1077,858,877,8526016
005860,2007-03-22,906,925,858,882,3653611
005860,2007-03-23,882,896,834,849,2223159
005860,2007-03-26,853,877,853,868,1780909
005860,2007-03-27,867,891,829,892,3139032
005860,2007-03-28,886,996,882,939,6475628
005860,2007-03-29,934,1063,915,1035,7019190
005860,2007-03-30,1029,1125,991,1025,6136102
005860,2007-04-02,1177,1177,1111,1178,12189877
005860,2007-04-03,1196,1339,1077,1225,24793898
005860,2007-04-04,1225,1406,1201,1407,18184522
005860,2007-04-05,1411,1597,1359,1421,18631944
005860,2007-04-06,1440,1482,1268,1316,8723584
005860,2007-04-09,1287,1306,1211,1278,6046442
005860,2007-04-10,1282,1468,1282,1469,10410296
005860,2007-04-11,1473,1668,1444,1493,13943581
005860,2007-04-12,1459,1511,1406,1421,3915687
005860,2007-04-13,1430,1573,1430,1493,7004694
005860,2007-04-16,1530,1711,1511,1707,10024711
005860,2007-04-17,1568,1587,1454,1454,3892815
005860,2007-04-18,1239,1239,1239,1240,178433
005860,2007-04-19,1153,1311,1134,1135,8217637
005860,2007-04-20,1196,1301,1196,1302,3713683
005860,2007-04-23,1354,1387,1149,1202,4006608
005860,2007-04-24,1206,1258,1144,1240,2012982
005860,2007-04-25,1258,1277,1182,1221,1638693
005860,2007-04-26,1244,1287,1201,1206,1487628
005860,2007-04-27,1220,1235,1134,1202,1472878
005860,2007-04-30,1211,1225,1134,1135,1032011
005860,2007-05-02,1134,1149,1053,1059,1617217
005860,2007-05-03,1106,1139,1068,1140,1148670
005860,2007-05-04,1177,1177,1115,1121,1213618
005860,2007-05-07,1111,1235,1101,1135,1644302
005860,2007-05-08,1144,1182,1072,1106,1064374
005860,2007-05-09,1120,1120,1049,1059,1100703
005860,2007-05-10,1068,1096,1049,1059,943601
005860,2007-05-11,1044,1063,1006,1025,893988
005860,2007-05-14,1025,1039,1001,1001,891736
005860,2007-05-15,1034,1049,987,1001,537278
005860,2007-05-16,1001,1020,944,954,803551
005860,2007-05-17,982,1029,953,997,878948
005860,2007-05-18,1001,1006,958,973,444799
005860,2007-05-21,963,1034,953,1011,734003
005860,2007-05-22,1025,1063,982,1049,1438678
005860,2007-05-23,1106,1182,1096,1097,2117721
005860,2007-05-25,1091,1182,1068,1078,740210
005860,2007-05-28,1111,1125,1082,1097,618153
005860,2007-05-29,1082,1101,1025,1049,961883
005860,2007-05-30,1049,1087,991,1020,818445
005860,2007-05-31,1029,1029,991,1001,640291
005860,2007-06-01,1001,1044,982,982,611720
005860,2007-06-04,982,982,944,963,967564
005860,2007-06-05,963,977,944,968,623133
005860,2007-06-07,967,987,953,978,534603
005860,2007-06-08,963,991,953,954,662616
005860,2007-06-11,967,977,953,958,518500
005860,2007-06-12,963,963,944,954,555300
005860,2007-06-13,948,958,944,954,493371
005860,2007-06-14,963,996,963,982,758098
005860,2007-06-15,996,996,958,963,647465
005860,2007-06-18,967,982,948,973,776745
005860,2007-06-19,967,972,944,954,741079
005860,2007-06-20,958,963,915,930,903970
005860,2007-06-21,925,948,910,920,614576
005860,2007-06-22,929,953,920,939,974031
005860,2007-06-25,934,948,925,935,435013
005860,2007-06-26,925,934,872,896,534323
005860,2007-06-27,896,905,886,887,311919
005860,2007-06-28,891,906,891,906,184901
005860,2007-06-29,905,920,891,892,323646
005860,2007-07-02,891,891,839,844,627850
005860,2007-07-03,848,863,848,849,369878
005860,2007-07-04,848,858,815,820,784956
005860,2007-07-05,820,834,796,811,489819
005860,2007-07-06,810,815,801,815,311527
005860,2007-07-09,820,853,815,839,878296
005860,2007-07-10,848,963,848,963,3012039
005860,2007-07-11,958,1044,934,949,3924024
005860,2007-07-12,963,996,939,944,1179642
005860,2007-07-13,963,982,872,887,1053586
005860,2007-07-16,905,915,877,887,561947
005860,2007-07-18,920,1015,920,1016,2900650
005860,2007-07-19,1115,1163,1087,1163,2019284
005860,2007-07-20,1282,1335,1206,1240,7825042
005860,2007-07-23,1277,1425,1277,1426,5542608
005860,2007-07-24,1573,1635,1544,1636,6340212
005860,2007-07-25,1554,1807,1406,1678,7726569
005860,2007-07-26,1621,1683,1449,1545,4404971
005860,2007-07-27,1440,1506,1316,1383,3005645
005860,2007-07-30,1363,1468,1349,1402,1957763
005860,2007-07-31,1401,1435,1249,1297,1886082
005860,2007-08-01,1311,1487,1301,1488,2265798
005860,2007-08-02,1444,1707,1444,1707,19116456
005860,2007-08-03,1716,1921,1535,1602,12663462
005860,2007-08-06,1645,1840,1606,1841,5290530
005860,2007-08-07,2021,2112,1916,2112,3992895
005860,2007-08-08,2288,2379,1897,1917,12221500
005860,2007-08-09,1974,2203,1721,2203,10536784
005860,2007-08-10,2145,2422,2012,2241,9412449
005860,2007-08-13,2365,2574,2326,2575,10930075
005860,2007-08-14,2632,2651,2326,2518,6993128
005860,2007-08-16,2336,2384,2141,2141,2370025
005860,2007-08-17,2002,2417,1859,2141,9019931
005860,2007-08-20,2298,2379,2136,2241,6154017
005860,2007-08-21,2336,2574,2255,2575,6911932
005860,2007-08-22,2670,2961,2603,2961,7595857
005860,2007-08-23,3194,3404,2617,2866,13130866
005860,2007-08-24,3290,3294,3151,3295,3197454
005860,2007-08-27,3294,3562,3080,3238,10169559
005860,2007-08-28,3066,3285,2765,2790,5502733
005860,2007-08-29,2670,3070,2450,2966,6012799
005860,2007-08-30,3080,3142,2851,2852,2056316
005860,2007-08-31,2899,3042,2794,2861,3288244
005860,2007-09-03,3023,3027,2799,2804,2015709
005860,2007-09-04,2861,2861,2460,2575,4334174
005860,2007-09-05,2603,2870,2584,2756,3552915
005860,2007-09-06,2718,2756,2603,2675,1378740
005860,2007-09-07,2722,2756,2498,2623,1492133
005860,2007-09-10,2527,2765,2460,2604,2345988
005860,2007-09-11,2775,2989,2708,2708,6182252
005860,2007-09-12,2574,2794,2517,2518,2195867
005860,2007-09-13,2465,2479,2331,2399,1515181
005860,2007-09-14,2479,2503,2365,2399,973280
005860,2007-09-17,2408,2522,2379,2422,1211365
005860,2007-09-18,2470,2470,2212,2222,1125510
005860,2007-09-19,2288,2298,1921,1993,1702113
005860,2007-09-20,2031,2131,1983,2108,1284727
005860,2007-09-21,2164,2164,1964,2041,592406
005860,2007-09-27,2145,2317,2079,2232,1710133
005860,2007-09-28,2231,2231,2083,2141,687458
005860,2007-10-01,2131,2217,2012,2084,1218679
005860,2007-10-02,2083,2098,1964,1998,1083887
005860,2007-10-04,2045,2193,2021,2179,1462687
005860,2007-10-05,2179,2222,1869,1922,2536836
005860,2007-10-08,1831,1854,1745,1760,1344659
005860,2007-10-09,1759,1859,1640,1798,1082966
005860,2007-10-10,1926,2064,1912,2065,2957837
005860,2007-10-11,2107,2307,2055,2146,3281209
005860,2007-10-12,2107,2265,1955,2136,1761484
005860,2007-10-15,1955,2131,1955,2060,1070879
005860,2007-10-16,2012,2021,1840,1912,878857
005860,2007-10-17,1893,2079,1888,2050,912507
005860,2007-10-18,2017,2031,1926,1936,531709
005860,2007-10-19,1945,1983,1854,1936,464970
005860,2007-10-22,1764,1840,1716,1783,608386
005860,2007-10-23,1869,1897,1764,1783,510744
005860,2007-10-24,1792,1840,1716,1726,683539
005860,2007-10-25,1735,1783,1688,1707,385214
005860,2007-10-26,1750,1750,1645,1698,432977
005860,2007-10-29,1726,1926,1716,1869,823258
005860,2007-10-30,1869,1869,1773,1836,328326
005860,2007-10-31,1997,2002,1864,1879,554736
005860,2007-11-01,1878,2069,1816,1931,883446
005860,2007-11-02,1916,2026,1854,1998,770801
005860,2007-11-05,2079,2079,1926,1950,515338
005860,2007-11-06,1916,1955,1845,1850,591738
005860,2007-11-07,1821,1893,1773,1812,447417
005860,2007-11-08,1859,2050,1792,2022,1212386
005860,2007-11-09,2017,2021,1883,1893,704931
005860,2007-11-12,1893,1893,1769,1817,324018
005860,2007-11-13,1812,2050,1764,1793,1326500
005860,2007-11-14,1831,1888,1792,1817,368785
005860,2007-11-15,1864,1916,1802,1822,523527
005860,2007-11-16,1859,1864,1792,1812,282351
005860,2007-11-19,1812,1850,1773,1817,317538
005860,2007-11-20,1802,1802,1711,1750,360472
005860,2007-11-21,1769,1769,1630,1631,322797
005860,2007-11-22,1583,1583,1459,1469,630313
005860,2007-11-23,1454,1468,1249,1292,911513
005860,2007-11-26,1325,1449,1268,1383,569125
005860,2007-11-27,1297,1368,1277,1335,322960
005860,2007-11-28,1378,1401,1292,1292,260692
005860,2007-11-29,1325,1378,1311,1316,235609
005860,2007-11-30,1378,1406,1339,1407,313309
005860,2007-12-03,1382,1497,1382,1435,347165
005860,2007-12-04,1463,1649,1444,1650,877654
005860,2007-12-05,1649,1840,1621,1621,1208528
005860,2007-12-06,1621,1802,1554,1736,916815
005860,2007-12-07,1735,1745,1645,1655,329013
005860,2007-12-10,1697,1711,1525,1626,398792
005860,2007-12-11,1683,1683,1559,1583,279997
005860,2007-12-12,1564,1583,1468,1516,304672
005860,2007-12-13,1521,1602,1502,1545,208308
005860,2007-12-14,1544,1597,1535,1564,127063
005860,2007-12-17,1540,1540,1459,1464,229804
005860,2007-12-18,1440,1544,1401,1483,193486
005860,2007-12-20,1525,1688,1430,1659,482233
005860,2007-12-21,1707,1721,1549,1588,352843
005860,2007-12-24,1630,1630,1511,1526,209638
005860,2007-12-26,1497,1559,1487,1502,298976
005860,2007-12-27,1478,1525,1478,1497,230591
005860,2007-12-28,1468,1502,1430,1483,184479
005860,2008-01-02,1525,1616,1492,1583,351374
005860,2008-01-03,1549,1587,1511,1564,202465
005860,2008-01-04,1587,1597,1525,1597,214233
005860,2008-01-07,1578,1835,1554,1826,1193931
005860,2008-01-08,1878,2050,1792,2027,1457270
005860,2008-01-09,2031,2207,1811,2027,1899821
005860,2008-01-10,2040,2303,2040,2160,2998187
005860,2008-01-11,2193,2269,2055,2098,1801919
005860,2008-01-14,2174,2231,2098,2146,976988
005860,2008-01-15,2150,2150,1883,1907,1297624
005860,2008-01-16,1859,2007,1792,2003,673947
005860,2008-01-17,2098,2303,2036,2241,3022135
005860,2008-01-18,2155,2284,2121,2246,1525316
005860,2008-01-21,2579,2579,2579,2580,246679
005860,2008-01-22,2665,2908,2245,2737,9689816
005860,2008-01-23,2803,2846,2484,2508,3359908
005860,2008-01-24,2527,2603,2317,2418,3172243
005860,2008-01-25,2384,2727,2365,2589,3018323
005860,2008-01-28,2517,2613,2398,2427,1098700
005860,2008-01-29,2465,2555,2265,2356,1385006
005860,2008-01-30,2360,2379,2002,2003,1888330
005860,2008-01-31,1950,2036,1807,1922,1129495
005860,2008-02-01,1935,2136,1888,2003,1207774
005860,2008-02-04,2241,2303,2121,2303,1696960
005860,2008-02-05,2107,2455,2074,2346,3515937
005860,2008-02-11,2336,2493,2241,2265,2303088
005860,2008-02-12,2265,2384,2126,2346,1627496
005860,2008-02-13,2431,2574,2126,2203,3674527
005860,2008-02-14,2241,2269,2098,2136,1478978
005860,2008-02-15,2050,2150,2050,2151,736898
005860,2008-02-18,2236,2470,2193,2389,2055225
005860,2008-02-19,2317,2341,2245,2270,1487022
005860,2008-02-20,2250,2365,2174,2351,1178987
005860,2008-02-21,2288,2288,2141,2141,1430352
005860,2008-02-22,2088,2174,2036,2146,520957
005860,2008-02-25,2145,2193,2098,2108,499876
005860,2008-02-26,2136,2174,2021,2084,647332
005860,2008-02-27,2288,2393,2145,2184,4474109
005860,2008-02-28,2203,2288,2126,2289,932601
005860,2008-02-29,2279,2408,2236,2403,1133649
005860,2008-03-03,2312,2470,2312,2403,1522537
005860,2008-03-04,2431,2508,2355,2413,924000
005860,2008-03-05,2431,2479,2307,2308,747864
005860,2008-03-06,2326,2384,2284,2370,446782
005860,2008-03-07,2341,2675,2322,2527,3751077
005860,2008-03-10,2527,2665,2460,2666,1501337
005860,2008-03-11,2636,2708,2527,2618,1685304
005860,2008-03-12,2670,2808,2598,2670,2733422
005860,2008-03-13,2718,3070,2675,3066,7320176
005860,2008-03-14,3147,3290,2965,3257,6551923
005860,2008-03-17,3180,3500,3175,3243,4522820
005860,2008-03-18,3290,3418,2756,2756,9146153
005860,2008-03-19,2846,2851,2598,2852,6667974
005860,2008-03-20,2799,2927,2746,2890,2679997
005860,2008-03-21,2899,2913,2684,2708,2071052
005860,2008-03-24,2675,2789,2646,2785,1735958
005860,2008-03-25,2794,3066,2765,2990,4674519
005860,2008-03-26,2975,3023,2741,2847,2308224
005860,2008-03-27,2880,3008,2822,2890,3715186
005860,2008-03-28,2870,2923,2794,2837,1408773
005860,2008-03-31,2861,3080,2832,2980,3608341
005860,2008-04-01,2999,3042,2918,2942,1543111
005860,2008-04-02,2965,3042,2918,2942,1391762
005860,2008-04-03,2951,3080,2937,3037,2280056
005860,2008-04-04,3061,3070,2918,2947,1220347
005860,2008-04-07,2951,2985,2789,2885,1343380
005860,2008-04-08,2908,3132,2841,3095,2437750
005860,2008-04-10,3128,3557,3113,3395,4718448
005860,2008-04-11,3523,3585,3051,3109,4049006
005860,2008-04-14,3242,3452,3056,3061,3064249
005860,2008-04-15,3213,3232,3061,3090,2112122
005860,2008-04-16,3104,3147,2956,3014,1396158
005860,2008-04-17,3094,3385,3066,3243,4084819
005860,2008-04-18,3280,3471,2756,2780,9023010
005860,2008-04-21,2851,2927,2622,2642,3435048
005860,2008-04-22,2679,2698,2336,2346,4220529
005860,2008-04-23,2293,2431,2284,2375,2757875
005860,2008-04-24,2350,2412,2203,2203,1813963
005860,2008-04-25,2203,2274,2141,2170,1823200
005860,2008-04-28,2212,2226,2069,2069,986451
005860,2008-04-29,2079,2083,1935,2050,1246348
005860,2008-04-30,2050,2174,2017,2146,992207
005860,2008-05-02,2145,2164,2036,2041,953258
005860,2008-05-06,1988,2102,1912,2060,1297692
005860,2008-05-07,2059,2255,2036,2198,2120841
005860,2008-05-08,2193,2226,2126,2136,659381
005860,2008-05-09,2136,2207,2102,2146,575199
005860,2008-05-13,2107,2107,2026,2050,639730
005860,2008-05-14,2002,2069,1959,2003,681754
005860,2008-05-15,2050,2098,2021,2060,365957
005860,2008-05-16,2074,2093,2012,2093,403891
005860,2008-05-19,2093,2207,2064,2193,1244640
005860,2008-05-20,2198,2241,2145,2155,681288
005860,2008-05-21,2107,2126,2036,2093,609103
005860,2008-05-22,2107,2169,2074,2093,604230
005860,2008-05-23,2136,2212,2107,2179,863019
005860,2008-05-26,2174,2293,2150,2160,1225633
005860,2008-05-27,2174,2198,2040,2041,755398
005860,2008-05-28,2050,2088,2002,2050,505296
005860,2008-05-29,2055,2269,2055,2155,2447878
005860,2008-05-30,2203,2207,2026,2074,775175
005860,2008-06-02,2002,2031,1955,2022,714189
005860,2008-06-03,1916,2040,1916,1974,519484
005860,2008-06-04,1964,1997,1955,1998,357712
005860,2008-06-05,2002,2036,1955,1960,606284
005860,2008-06-09,1926,2017,1897,2008,417647
005860,2008-06-10,2002,2007,1935,1936,370479
005860,2008-06-11,1921,1997,1912,1984,315540
005860,2008-06-12,1940,2040,1940,1955,525449
005860,2008-06-13,1959,2145,1955,2146,1024940
005860,2008-06-16,2164,2164,1964,2027,1358164
005860,2008-06-17,2045,2179,2045,2093,1895385
005860,2008-06-18,2126,2241,2050,2146,1764101
005860,2008-06-19,2207,2231,2117,2122,1579689
005860,2008-06-20,2236,2241,2083,2089,2055817
005860,2008-06-23,1993,2045,1935,2046,832630
005860,2008-06-24,2059,2274,2050,2251,2843863
005860,2008-06-25,2260,2322,2150,2151,2052530
005860,2008-06-26,2212,2312,2055,2060,1900089
005860,2008-06-27,2002,2112,1983,2069,546405
005860,2008-06-30,2040,2164,2040,2046,582485
005860,2008-07-01,2045,2088,1926,1926,763101
005860,2008-07-02,1945,2193,1945,2089,3284187
005860,2008-07-03,2055,2155,1997,2008,1204022
005860,2008-07-04,2069,2141,2040,2089,1141400
005860,2008-07-07,2150,2398,2117,2399,7115973
005860,2008-07-08,2474,2560,2193,2337,6845811
005860,2008-07-09,2417,2422,2222,2232,2992454
005860,2008-07-10,2193,2212,1969,2003,2739797
005860,2008-07-11,2064,2107,2002,2027,1630015
005860,2008-07-14,2021,2107,2007,2050,1298864
005860,2008-07-15,2083,2107,1969,1984,1161857
005860,2008-07-16,1983,2145,1978,1993,1830585
005860,2008-07-17,2021,2107,2002,2008,793210
005860,2008-07-18,2021,2045,1864,1903,917825
005860,2008-07-21,1864,1955,1854,1912,879947
005860,2008-07-22,1912,1978,1902,1912,517150
005860,2008-07-23,1926,1964,1902,1907,631019
005860,2008-07-24,1926,2045,1916,2022,1256373
005860,2008-07-25,2040,2088,1988,2031,1301025
005860,2008-07-28,2093,2117,2017,2022,712542
005860,2008-07-29,1964,2002,1921,1936,582650
005860,2008-07-30,1959,1993,1935,1955,403162
005860,2008-07-31,1964,2002,1926,1936,357729
005860,2008-08-01,1935,1945,1902,1922,239406
005860,2008-08-04,1907,1950,1893,1898,375096
005860,2008-08-05,1888,2002,1888,1926,879390
005860,2008-08-06,1950,1955,1859,1884,587908
005860,2008-08-07,1883,1897,1764,1769,846649
005860,2008-08-08,1769,1769,1640,1664,986985
005860,2008-08-11,1664,1716,1616,1621,741669
005860,2008-08-12,1626,1654,1554,1602,491013
005860,2008-08-13,1606,1668,1583,1640,556619
005860,2008-08-14,1649,1697,1630,1688,293378
005860,2008-08-18,1668,1702,1659,1698,353158
005860,2008-08-19,1673,1697,1578,1631,422299
005860,2008-08-20,1611,1659,1597,1607,286044
005860,2008-08-21,1597,1621,1449,1478,571195
005860,2008-08-22,1454,1478,1258,1278,776579
005860,2008-08-25,1306,1373,1277,1316,462523
005860,2008-08-26,1297,1349,1287,1316,287305
005860,2008-08-27,1301,1354,1301,1321,305632
005860,2008-08-28,1325,1359,1153,1225,503794
005860,2008-08-29,1244,1268,1115,1230,750800
005860,2008-09-01,1215,1254,1077,1092,474761
005860,2008-09-02,1049,1115,944,973,862136
005860,2008-09-03,1001,1039,963,1006,558780
005860,2008-09-04,1010,1153,1010,1154,894360
005860,2008-09-05,1220,1316,1201,1240,2483421
005860,2008-09-08,1230,1335,1201,1302,1531359
005860,2008-09-09,1316,1420,1254,1283,1789840
005860,2008-09-10,1239,1373,1225,1278,552891
005860,2008-09-11,1292,1316,1230,1240,334909
005860,2008-09-12,1254,1263,1201,1221,451989
005860,2008-09-16,1049,1115,1039,1040,688628
005860,2008-09-17,1068,1144,1068,1121,766415
005860,2008-09-18,1068,1091,1010,1087,767619
005860,2008-09-19,1153,1173,1111,1116,617056
005860,2008-09-22,1144,1144,1106,1106,336204
005860,2008-09-23,1106,1144,1087,1144,337664
005860,2008-09-24,1153,1254,1130,1192,1097849
005860,2008-09-25,1196,1225,1182,1187,364732
005860,2008-09-26,1230,1363,1211,1364,4963273
005860,2008-09-29,1392,1411,1263,1316,3230209
005860,2008-09-30,1144,1235,1125,1230,1153904
005860,2008-10-01,1263,1273,1187,1187,641237
005860,2008-10-02,1211,1211,1120,1125,648220
005860,2008-10-06,1087,1158,1020,1049,569259
005860,2008-10-07,991,1039,953,1011,599189
005860,2008-10-08,953,987,872,873,511581
005860,2008-10-09,877,939,867,906,512896
005860,2008-10-10,858,867,782,858,426767
005860,2008-10-13,820,934,820,935,305955
005860,2008-10-14,1001,1015,972,1006,420043
005860,2008-10-15,963,996,953,973,275040
005860,2008-10-16,877,910,829,834,429459
005860,2008-10-17,882,886,801,844,276136
005860,2008-10-20,844,867,810,849,179313
005860,2008-10-21,877,877,829,844,138917
005860,2008-10-22,839,853,786,796,198049
005860,2008-10-23,753,753,677,677,485252
005860,2008-10-24,634,686,576,577,684923
005860,2008-10-27,505,662,505,563,1877387
005860,2008-10-28,514,610,500,610,696480
005860,2008-10-29,662,696,534,591,675799
005860,2008-10-30,629,677,624,677,679394
005860,2008-10-31,710,748,677,730,622807
005860,2008-11-03,734,801,734,801,501571
005860,2008-11-04,801,820,734,806,502290
005860,2008-11-05,839,920,805,849,848992
005860,2008-11-06,782,805,724,739,524120
005860,2008-11-07,677,801,648,777,692391
005860,2008-11-10,786,824,762,796,362979
005860,2008-11-11,762,801,762,792,217888
005860,2008-11-12,777,791,762,763,216177
005860,2008-11-13,724,734,681,720,150023
005860,2008-11-14,762,777,743,758,164060
005860,2008-11-17,762,767,715,753,104540
005860,2008-11-18,739,762,700,706,107428
005860,2008-11-19,710,729,667,682,199559
005860,2008-11-20,667,667,586,587,313888
005860,2008-11-21,538,629,538,615,284443
005860,2008-11-24,638,696,600,639,370983
005860,2008-11-25,667,734,643,734,739360
005860,2008-11-26,844,844,844,844,69485
005860,2008-11-27,967,967,944,968,1178861
005860,2008-11-28,1087,1111,1058,1111,1098127
005860,2008-12-01,1273,1273,1111,1140,8105687
005860,2008-12-02,1068,1153,1020,1054,3007404
005860,2008-12-03,1087,1087,948,1020,3830411
005860,2008-12-04,1025,1106,972,1068,5070877
005860,2008-12-05,1068,1096,982,987,1473211
005860,2008-12-08,1010,1053,958,1020,1538919
005860,2008-12-09,1029,1034,972,1001,946847
005860,2008-12-10,996,1039,972,992,1000017
005860,2008-12-11,996,1139,967,1140,3146797
005860,2008-12-12,1163,1177,991,1054,2536929
005860,2008-12-15,1058,1106,1053,1073,1213013
005860,2008-12-16,1077,1096,1034,1049,759263
005860,2008-12-17,1068,1082,1001,1001,841367
005860,2008-12-18,1039,1149,1020,1063,3894750
005860,2008-12-19,1091,1096,1029,1049,908434
005860,2008-12-22,1077,1106,1049,1078,628248
005860,2008-12-23,1087,1235,1058,1235,2942641
005860,2008-12-24,1230,1235,1096,1097,1690367
005860,2008-12-26,1125,1173,1015,1016,2200153
005860,2008-12-29,1072,1163,1072,1130,2188478
005860,2008-12-30,1125,1125,1049,1073,935275
005860,2009-01-02,1072,1120,1049,1078,668140
005860,2009-01-05,1087,1115,1077,1078,618368
005860,2009-01-06,1087,1158,1068,1144,1490754
005860,2009-01-07,1182,1182,1091,1106,1238577
005860,2009-01-08,1125,1168,1101,1135,707431
005860,2009-01-09,1149,1249,1130,1225,2955414
005860,2009-01-12,1196,1344,1187,1202,3286439
005860,2009-01-13,1211,1244,1192,1202,933863
005860,2009-01-14,1220,1306,1211,1245,2481244
005860,2009-01-15,1215,1292,1115,1159,2304330
005860,2009-01-16,1182,1235,1144,1168,1220266
005860,2009-01-19,1201,1211,1158,1163,1015753
005860,2009-01-20,1168,1177,1039,1068,1213217
005860,2009-01-21,972,1063,972,1006,1127227
005860,2009-01-22,1025,1096,1010,1011,1221044
005860,2009-01-23,1010,1034,915,925,746022
005860,2009-01-28,929,982,929,944,832456
005860,2009-01-29,972,982,944,954,628408
005860,2009-01-30,944,963,929,944,385758
005860,2009-02-02,944,963,929,930,453625
005860,2009-02-03,944,944,915,920,470512
005860,2009-02-04,944,1053,944,1054,4994009
005860,2009-02-05,1068,1082,972,987,3234573
005860,2009-02-06,1006,1034,987,997,1114037
005860,2009-02-09,1006,1015,977,978,684912
005860,2009-02-10,996,1001,958,963,593043
005860,2009-02-11,953,1006,915,978,768450
005860,2009-02-12,977,987,953,963,469041
005860,2009-02-13,963,1020,953,978,690551
005860,2009-02-16,996,1010,977,978,711987
005860,2009-02-17,982,987,929,935,578346
005860,2009-02-18,925,925,834,896,354452
005860,2009-02-19,920,925,882,887,314146
005860,2009-02-20,867,891,820,834,626025
005860,2009-02-23,829,853,801,854,337029
005860,2009-02-24,820,824,767,806,396819
005860,2009-02-25,829,844,805,811,337595
005860,2009-02-26,820,858,791,792,396032
005860,2009-02-27,810,834,786,792,728521
005860,2009-03-02,791,801,729,744,428616
005860,2009-03-03,705,729,667,715,334428
005860,2009-03-04,720,782,720,768,394158
005860,2009-03-05,801,844,762,787,482480
005860,2009-03-06,839,901,801,801,3286436
005860,2009-03-09,805,824,786,806,577601
005860,2009-03-10,801,820,791,806,424623
005860,2009-03-11,824,844,815,830,473668
005860,2009-03-12,839,872,824,858,518206
005860,2009-03-13,891,891,834,849,308422
005860,2009-03-16,848,858,834,839,331695
005860,2009-03-17,839,867,839,863,396921
005860,2009-03-18,891,891,863,863,419351
005860,2009-03-19,867,872,858,863,404692
005860,2009-03-20,867,872,848,858,332911
005860,2009-03-23,853,877,853,868,283439
005860,2009-03-24,891,891,858,863,295267
005860,2009-03-25,877,944,867,916,1706428
005860,2009-03-26,925,939,896,925,615133
005860,2009-03-27,953,1063,953,992,3240880
005860,2009-03-30,1015,1015,920,935,897205
005860,2009-03-31,939,967,915,963,471455
005860,2009-04-01,987,1049,972,1001,1408549
005860,2009-04-02,1029,1130,1006,1130,2872696
005860,2009-04-03,1130,1130,1049,1068,3351927
005860,2009-04-06,1068,1077,1039,1040,1201688
005860,2009-04-07,1020,1087,972,1049,1945422
005860,2009-04-08,1034,1063,972,1011,964061
005860,2009-04-09,1039,1077,1020,1030,1242297
005860,2009-04-10,1068,1163,1053,1116,4142773
005860,2009-04-13,1153,1206,1134,1163,2226154
005860,2009-04-14,1201,1225,1111,1144,1267621
005860,2009-04-15,1120,1139,1029,1073,1340240
005860,2009-04-16,1096,1106,1049,1049,945745
005860,2009-04-17,1068,1072,1010,1030,771782
005860,2009-04-20,1044,1063,1001,1054,480492
005860,2009-04-21,1025,1139,1010,1130,1598162
005860,2009-04-22,1144,1144,1077,1092,1097873
005860,2009-04-23,1096,1177,1096,1106,1668344
005860,2009-04-24,1125,1139,1063,1068,606418
005860,2009-04-27,1163,1225,1144,1225,4812736
005860,2009-04-28,1344,1354,1044,1049,5424097
005860,2009-04-29,1058,1063,953,1030,1500452
005860,2009-04-30,1049,1063,1006,1020,830535
005860,2009-05-04,1029,1173,1025,1173,3442740
005860,2009-05-06,1187,1239,1134,1159,1979280
005860,2009-05-07,1153,1173,1130,1149,833689
005860,2009-05-08,1168,1206,1149,1183,1095979
005860,2009-05-11,1215,1282,1192,1235,2566702
005860,2009-05-12,1239,1273,1230,1254,1255571
005860,2009-05-13,1249,1268,1211,1245,1238679
005860,2009-05-14,1220,1235,1187,1197,931151
005860,2009-05-15,1206,1220,1158,1183,918542
005860,2009-05-18,1187,1306,1187,1292,2544324
005860,2009-05-19,1292,1382,1244,1330,2787477
005860,2009-05-20,1335,1354,1297,1321,964944
005860,2009-05-21,1311,1368,1306,1335,1318497
005860,2009-05-22,1330,1487,1306,1431,3979335
005860,2009-05-25,1411,1411,1215,1268,3063349
005860,2009-05-26,1273,1406,1249,1321,3524334
005860,2009-05-27,1349,1354,1158,1240,2032467
005860,2009-05-28,1211,1254,1101,1225,1092661
005860,2009-05-29,1225,1239,1187,1221,408319
005860,2009-06-01,1220,1287,1211,1254,786206
005860,2009-06-02,1282,1297,1225,1225,664745
005860,2009-06-03,1239,1311,1225,1297,751278
005860,2009-06-04,1297,1349,1201,1221,1139225
005860,2009-06-05,1239,1311,1173,1307,1447908
005860,2009-06-08,1339,1363,1292,1311,2084687
005860,2009-06-09,1306,1330,1235,1264,1232581
005860,2009-06-10,1263,1301,1258,1273,683693
005860,2009-06-11,1254,1282,1249,1268,563839
005860,2009-06-12,1268,1277,1225,1249,794742
005860,2009-06-15,1244,1325,1244,1249,1309369
005860,2009-06-16,1230,1239,1192,1206,764434
005860,2009-06-17,1177,1206,1149,1163,1100346
005860,2009-06-18,1168,1192,1077,1102,996415
005860,2009-06-19,1111,1130,1068,1082,530251
005860,2009-06-22,1082,1111,1039,1078,731931
005860,2009-06-23,1034,1058,934,973,1109664
005860,2009-06-24,987,991,934,954,514749
005860,2009-06-25,953,1015,953,1016,534705
005860,2009-06-26,1029,1029,991,992,299530
005860,2009-06-29,991,1006,953,968,434036
005860,2009-06-30,982,982,915,930,721532
005860,2009-07-01,939,958,929,949,256891
005860,2009-07-02,958,967,948,954,162046
005860,2009-07-03,920,967,920,963,272576
005860,2009-07-06,991,991,953,982,247250
005860,2009-07-07,982,1029,967,973,931366
005860,2009-07-08,958,996,958,963,539983
005860,2009-07-09,972,987,948,949,320965
005860,2009-07-10,963,1020,948,973,814792
005860,2009-07-13,1077,1115,1044,1116,4055927
005860,2009-07-14,1068,1091,948,954,3473365
005860,2009-07-15,967,982,944,949,1404609
005860,2009-07-16,958,958,944,944,566870
005860,2009-07-17,934,953,934,954,388912
005860,2009-07-20,963,963,948,954,371694
005860,2009-07-21,963,967,953,954,405421
005860,2009-07-22,963,1001,948,978,1004615
005860,2009-07-23,982,982,963,963,315827
005860,2009-07-24,977,977,963,963,230272
005860,2009-07-27,958,977,958,963,300908
005860,2009-07-28,967,987,967,987,402525
005860,2009-07-29,991,1068,987,1025,1398399
005860,2009-07-30,1010,1034,977,982,508465
005860,2009-07-31,996,996,967,978,343804
005860,2009-08-03,977,991,963,963,379777
005860,2009-08-04,977,982,963,963,310442
005860,2009-08-05,977,987,963,968,286907
005860,2009-08-06,967,972,958,968,332933
005860,2009-08-07,967,977,963,973,210396
005860,2009-08-10,977,1010,967,987,669655
005860,2009-08-11,987,996,982,987,237620
005860,2009-08-12,991,1010,982,982,504715
005860,2009-08-13,991,1010,982,992,428131
005860,2009-08-14,1010,1053,996,1020,874645
005860,2009-08-17,1020,1025,982,982,523030
005860,2009-08-18,972,996,967,973,360543
005860,2009-08-19,982,1034,982,1025,689916
005860,2009-08-20,1025,1096,1006,1011,1401548
005860,2009-08-21,1029,1039,991,997,296907
005860,2009-08-24,1006,1044,987,1006,453291
005860,2009-08-25,1006,1015,977,982,339788
005860,2009-08-26,987,1125,982,1011,6392357
005860,2009-08-27,1015,1072,996,1044,1639564
005860,2009-08-28,1058,1192,1049,1144,3402058
005860,2009-08-31,1220,1225,1101,1144,1919504
005860,2009-09-01,1130,1173,1082,1106,1036272
005860,2009-09-02,1106,1106,1068,1073,614497
005860,2009-09-03,1091,1106,1063,1106,485783
005860,2009-09-04,1125,1130,1072,1082,457459
005860,2009-09-07,1096,1096,1039,1063,625493
005860,2009-09-08,1063,1091,1053,1063,454841
005860,2009-09-09,1082,1106,1063,1106,657878
005860,2009-09-10,1125,1144,1087,1087,762078
005860,2009-09-11,1087,1120,1072,1111,372959
005860,2009-09-14,1120,1125,1087,1111,358832
005860,2009-09-15,1120,1120,1087,1097,403524
005860,2009-09-16,1091,1101,1068,1092,261520
005860,2009-09-17,1087,1125,1077,1106,665605
005860,2009-09-18,1106,1111,1082,1087,262070
005860,2009-09-21,1096,1096,1063,1073,385665
005860,2009-09-22,1068,1096,1068,1073,231539
005860,2009-09-23,1077,1087,1025,1025,497014
005860,2009-09-24,1034,1044,1020,1020,293555
005860,2009-09-25,1010,1034,991,1011,196774
005860,2009-09-28,1010,1010,987,992,168958
005860,2009-09-29,972,1049,967,1011,424607
005860,2009-09-30,1010,1020,982,982,240792
005860,2009-10-01,977,1001,977,987,158243
005860,2009-10-05,987,1006,972,992,141917
005860,2009-10-06,1001,1010,982,987,118758
005860,2009-10-07,987,1001,977,978,223255
005860,2009-10-08,982,987,958,978,290124
005860,2009-10-09,987,1044,987,997,952960
005860,2009-10-12,991,1029,991,1011,345627
005860,2009-10-13,1010,1020,991,1016,121037
005860,2009-10-14,1010,1029,1001,1020,139042
005860,2009-10-15,1020,1044,1015,1020,216970
005860,2009-10-16,1029,1029,996,1001,142157
005860,2009-10-19,991,1010,982,997,147738
005860,2009-10-20,1010,1010,991,1001,74937
005860,2009-10-21,991,1010,991,1001,81795
005860,2009-10-22,1001,1006,987,997,72805
005860,2009-10-23,987,996,982,987,162119
005860,2009-10-26,982,987,963,987,118362
005860,2009-10-27,982,1034,972,987,513652
005860,2009-10-28,987,996,972,982,152446
005860,2009-10-29,977,977,929,949,306352
005860,2009-10-30,953,977,953,963,58331
005860,2009-11-02,948,963,925,954,111478
005860,2009-11-03,953,963,939,939,153690
005860,2009-11-04,939,953,939,949,92765
005860,2009-11-05,953,953,939,949,89472
005860,2009-11-06,958,958,948,958,61674
005860,2009-11-09,963,972,958,973,87953
005860,2009-11-10,996,996,967,973,89829
005860,2009-11-11,972,1006,972,1001,260025
005860,2009-11-12,996,1006,982,997,170031
005860,2009-11-13,996,1010,987,997,84680
005860,2009-11-16,1006,1010,967,978,114960
005860,2009-11-17,991,991,958,982,194986
005860,2009-11-18,987,996,967,997,360927
005860,2009-11-19,1001,1049,948,963,1728386
005860,2009-11-20,958,967,944,949,354513
005860,2009-11-23,948,967,944,963,143376
005860,2009-11-24,963,967,948,954,121845
005860,2009-11-25,953,967,948,963,159840
005860,2009-11-26,963,963,948,949,116133
005860,2009-11-27,939,958,905,911,389145
005860,2009-11-30,934,944,915,925,106941
005860,2009-12-01,915,939,915,925,101614
005860,2009-12-02,925,944,925,944,120874
005860,2009-12-03,944,958,939,939,86083
005860,2009-12-04,939,948,925,944,103578
005860,2009-12-07,948,982,944,973,374799
005860,2009-12-08,977,977,958,963,199891
005860,2009-12-09,958,977,948,973,197236
005860,2009-12-10,982,987,953,954,145617
005860,2009-12-11,958,987,953,987,235088
005860,2009-12-14,1010,1134,1006,1130,2380239
005860,2009-12-15,1173,1297,1163,1240,5983526
005860,2009-12-16,1196,1297,1182,1254,1553066
005860,2009-12-17,1268,1311,1230,1230,875431
005860,2009-12-18,1187,1263,1187,1264,397450
005860,2009-12-21,1268,1397,1263,1316,1702868
005860,2009-12-22,1335,1339,1230,1249,530259
005860,2009-12-23,1268,1311,1215,1240,558878
005860,2009-12-24,1230,1311,1220,1230,634966
005860,2009-12-28,1249,1258,1206,1225,354208
005860,2009-12-29,1206,1225,1144,1159,496711
005860,2009-12-30,1168,1268,1153,1254,582916
005860,2010-01-04,1297,1330,1273,1278,562705
005860,2010-01-05,1268,1463,1268,1450,2469494
005860,2010-01-06,1487,1497,1306,1335,2271309
005860,2010-01-07,1368,1387,1287,1373,2353009
005860,2010-01-08,1478,1525,1225,1245,6197953
005860,2010-01-11,1244,1292,1211,1254,1222014
005860,2010-01-12,1268,1311,1239,1254,921987
005860,2010-01-13,1235,1249,1192,1197,867243
005860,2010-01-14,1287,1297,1196,1206,1237724
005860,2010-01-15,1211,1230,1173,1225,811439
005860,2010-01-18,1220,1258,1215,1225,713820
005860,2010-01-19,1268,1277,1201,1202,729776
005860,2010-01-20,1230,1230,1149,1178,739069
005860,2010-01-21,1130,1158,1091,1121,1322103
005860,2010-01-22,1115,1130,1096,1125,526760
005860,2010-01-25,1101,1115,1077,1078,678836
005860,2010-01-26,1087,1096,1001,1020,707770
005860,2010-01-27,1020,1044,1001,1030,331798
005860,2010-01-28,1039,1063,1006,1063,360198
005860,2010-01-29,1049,1063,1010,1020,331968
005860,2010-02-01,1020,1029,982,1001,295797
005860,2010-02-02,1001,1025,991,992,264660
005860,2010-02-03,1010,1058,987,1044,286637
005860,2010-02-04,1044,1068,1025,1049,203659
005860,2010-02-05,996,1029,991,1030,309648
005860,2010-02-08,1025,1058,991,1011,225372
005860,2010-02-09,996,1025,987,1001,176261
005860,2010-02-10,1006,1082,1006,1011,794033
005860,2010-02-11,1015,1039,1015,1030,268296
005860,2010-02-12,1044,1044,1020,1035,158822
005860,2010-02-16,1034,1044,1020,1025,209563
005860,2010-02-17,1034,1087,1025,1078,956261
005860,2010-02-18,1091,1091,1063,1068,268610
005860,2010-02-19,1068,1087,1039,1068,450597
005860,2010-02-22,1082,1087,1063,1073,253048
005860,2010-02-23,1077,1101,1077,1097,278284
005860,2010-02-24,1087,1101,1077,1102,144674
005860,2010-02-25,1101,1163,1087,1140,1466656
005860,2010-02-26,1173,1235,1139,1144,1183633
005860,2010-03-02,1144,1168,1115,1135,442418
005860,2010-03-03,1125,1125,1087,1102,402340
005860,2010-03-04,1106,1111,1072,1106,329884
005860,2010-03-05,1106,1111,1082,1106,282805
005860,2010-03-08,1115,1120,1101,1106,190680
005860,2010-03-09,1111,1120,1096,1106,129127
005860,2010-03-10,1111,1139,1091,1111,235802
005860,2010-03-11,1115,1158,1115,1159,733436
005860,2010-03-12,1173,1196,1134,1135,1011541
005860,2010-03-15,1144,1149,1106,1125,279732
005860,2010-03-16,1120,1134,1115,1116,241157
005860,2010-03-17,1120,1144,1111,1135,312218
005860,2010-03-18,1134,1173,1134,1149,603486
005860,2010-03-19,1163,1163,1139,1149,222128
005860,2010-03-22,1149,1177,1139,1159,268217
005860,2010-03-23,1149,1177,1149,1163,397094
005860,2010-03-24,1163,1163,1111,1121,491992
005860,2010-03-25,1125,1130,1111,1130,266439
005860,2010-03-26,1120,1125,1101,1102,308065
005860,2010-03-29,1087,1111,1077,1082,152455
005860,2010-03-30,1087,1106,1082,1102,116670
005860,2010-03-31,1091,1111,1077,1092,119595
005860,2010-04-01,1087,1101,1082,1097,183637
005860,2010-04-02,1091,1106,1087,1097,172275
005860,2010-04-05,1096,1101,1063,1082,330278
005860,2010-04-06,1082,1087,1072,1082,103714
005860,2010-04-07,1082,1101,1077,1087,276021
005860,2010-04-08,1087,1091,1072,1082,127267
005860,2010-04-09,1087,1177,1087,1121,1653241
005860,2010-04-12,1173,1201,1115,1130,1663720
005860,2010-04-13,1130,1130,1082,1092,659741
005860,2010-04-14,1096,1111,1087,1102,340039
005860,2010-04-15,1111,1111,1077,1082,313179
005860,2010-04-16,1087,1087,1044,1044,609812
005860,2010-04-19,1034,1063,1020,1044,428043
005860,2010-04-20,1058,1091,1044,1087,632032
005860,2010-04-21,1087,1111,1077,1087,426646
005860,2010-04-22,1096,1139,1082,1116,1147106
005860,2010-04-23,1134,1134,1077,1078,542432
005860,2010-04-26,1072,1087,1049,1068,273253
005860,2010-04-27,1068,1087,1053,1073,241925
005860,2010-04-28,1049,1063,1039,1054,291729
005860,2010-04-29,1063,1068,1044,1049,223026
005860,2010-04-30,1068,1072,1049,1063,234244
005860,2010-05-03,1072,1087,1068,1073,272949
005860,2010-05-04,1077,1082,1044,1044,307039
005860,2010-05-06,1015,1039,1015,1025,241728
005860,2010-05-07,1001,1006,872,997,321546
005860,2010-05-10,987,1025,987,1011,232356
005860,2010-05-11,1029,1029,982,1011,158095
005860,2010-05-12,1006,1010,991,1001,198925
005860,2010-05-13,1001,1020,1001,1006,135700
005860,2010-05-14,1001,1015,963,987,385289
005860,2010-05-17,977,977,948,958,328949
005860,2010-05-18,944,958,934,939,252485
005860,2010-05-19,934,953,934,954,79747
005860,2010-05-20,934,948,915,925,234022
005860,2010-05-24,910,948,906,930,105133
005860,2010-05-25,910,915,834,877,360217
005860,2010-05-26,858,886,834,854,195733
005860,2010-05-27,853,896,853,873,179593
005860,2010-05-28,877,891,872,892,105096
005860,2010-05-31,877,901,867,892,70512
005860,2010-06-01,891,905,882,887,92737
005860,2010-06-03,896,1006,891,963,1215484
005860,2010-06-04,963,963,929,944,180995
005860,2010-06-07,910,929,901,911,252863
005860,2010-06-08,891,925,891,925,131052
005860,2010-06-09,915,934,915,916,107929
005860,2010-06-10,929,934,915,925,77347
005860,2010-06-11,929,982,929,954,194983
005860,2010-06-14,967,967,944,954,121174
005860,2010-06-15,958,958,939,939,74091
005860,2010-06-16,967,967,934,935,104919
005860,2010-06-17,934,948,920,925,56332
005860,2010-06-18,920,944,920,944,48262
005860,2010-06-21,958,958,929,935,55549
005860,2010-06-22,948,948,925,925,86590
005860,2010-06-23,934,944,925,935,43200
005860,2010-06-24,948,948,929,944,54768
005860,2010-06-25,944,944,929,935,55997
005860,2010-06-28,977,1072,977,982,4221309
005860,2010-06-29,967,972,939,939,687007
005860,2010-06-30,939,939,920,930,285894
005860,2010-07-01,929,944,920,930,230177
005860,2010-07-02,925,939,920,930,152196
005860,2010-07-05,929,944,929,935,75742
005860,2010-07-06,925,934,910,935,107249
005860,2010-07-07,934,967,934,949,230123
005860,2010-07-08,953,972,948,973,208173
005860,2010-07-09,982,1020,953,1020,412880
005860,2010-07-12,1010,1020,958,982,614315
005860,2010-07-13,982,987,958,973,205193
005860,2010-07-14,987,987,958,973,295896
005860,2010-07-15,972,977,944,963,338490
005860,2010-07-16,967,1029,953,982,1110724
005860,2010-07-19,963,982,963,968,101406
005860,2010-07-20,982,982,963,973,137295
005860,2010-07-21,963,982,958,968,191927
005860,2010-07-22,963,972,958,968,135919
005860,2010-07-23,972,972,958,958,157735
005860,2010-07-26,972,972,958,968,115235
005860,2010-07-27,972,991,963,982,278396
005860,2010-07-28,987,1029,982,1025,743955
005860,2010-07-29,1010,1049,991,997,694872
005860,2010-07-30,991,1006,977,997,159325
005860,2010-08-02,991,1029,977,1020,277520
005860,2010-08-03,1015,1015,987,987,148472
005860,2010-08-04,996,1006,967,987,182701
005860,2010-08-05,1006,1068,1006,1044,1148923
005860,2010-08-06,1029,1044,991,1011,515278
005860,2010-08-09,1010,1020,991,997,260955
005860,2010-08-10,991,1006,982,1001,201031
005860,2010-08-11,996,1006,982,997,286161
005860,2010-08-12,972,991,967,973,147252
005860,2010-08-13,967,991,967,982,125838
005860,2010-08-16,1006,1015,987,1011,298598
005860,2010-08-17,1010,1010,982,1001,208134
005860,2010-08-18,1006,1006,977,992,231181
005860,2010-08-19,991,996,967,968,261759
005860,2010-08-20,967,987,963,987,156754
005860,2010-08-23,991,991,967,968,173892
005860,2010-08-24,963,982,963,978,69910
005860,2010-08-25,963,977,939,939,180961
005860,2010-08-26,944,977,939,939,108316
005860,2010-08-27,948,963,939,939,145926
005860,2010-08-30,944,958,944,944,70653
005860,2010-08-31,948,953,934,935,60710
005860,2010-09-01,958,958,939,944,91551
005860,2010-09-02,948,967,948,958,80913
005860,2010-09-03,958,967,953,968,91547
005860,2010-09-06,958,982,953,963,121036
005860,2010-09-07,963,972,953,954,63207
005860,2010-09-08,963,977,948,968,104140
005860,2010-09-09,972,972,948,963,47430
005860,2010-09-10,963,972,948,963,198589
005860,2010-09-13,963,972,948,954,76968
005860,2010-09-14,953,963,944,949,134171
005860,2010-09-15,953,953,944,944,76380
005860,2010-09-16,944,953,939,944,59330
005860,2010-09-17,953,967,939,944,235092
005860,2010-09-20,958,958,939,944,57843
005860,2010-09-24,953,953,934,939,121829
005860,2010-09-27,944,948,939,944,184947
005860,2010-09-28,944,948,939,939,165643
005860,2010-09-29,944,953,939,949,105946
005860,2010-09-30,944,953,944,949,52188
005860,2010-10-01,948,967,948,949,161847
005860,2010-10-04,949,967,948,950,144203
005860,2010-10-05,958,958,944,950,72988
005860,2010-10-06,963,963,949,958,188928
005860,2010-10-07,958,963,947,950,213496
005860,2010-10-08,948,953,948,950,89753
005860,2010-10-11,950,958,949,954,85239
005860,2010-10-12,949,953,947,947,82302
005860,2010-10-13,946,950,944,944,96294
005860,2010-10-14,944,977,944,963,93045
005860,2010-10-15,963,996,953,982,577019
005860,2010-10-18,982,1015,977,982,425329
005860,2010-10-19,972,987,972,973,92231
005860,2010-10-20,972,996,958,997,236839
005860,2010-10-21,1001,1044,991,992,942353
005860,2010-10-22,1001,1049,982,982,916857
005860,2010-10-25,1010,1034,991,992,410025
005860,2010-10-26,1001,1006,982,987,279544
005860,2010-10-27,996,1001,967,978,234021
005860,2010-10-28,977,987,967,968,143007
005860,2010-10-29,977,977,958,968,142572
005860,2010-11-01,987,996,977,992,178792
005860,2010-11-02,991,1015,972,992,246543
005860,2010-11-03,996,996,972,987,155606
005860,2010-11-04,996,1039,991,1011,586346
005860,2010-11-05,1020,1029,987,1016,433673
005860,2010-11-08,1015,1163,1006,1121,5193016
005860,2010-11-09,1120,1134,1049,1068,2836808
005860,2010-11-10,1068,1101,1058,1063,1680155
005860,2010-11-11,1044,1082,1001,1006,2554364
005860,2010-11-12,1015,1034,948,973,1007393
005860,2010-11-15,967,996,963,982,400391
005860,2010-11-16,977,991,953,978,462508
005860,2010-11-17,963,1001,953,978,272151
005860,2010-11-18,977,1001,967,978,319674
005860,2010-11-19,982,991,972,982,390852
005860,2010-11-22,987,1010,972,987,347328
005860,2010-11-23,987,1001,967,968,427475
005860,2010-11-24,920,951,916,946,763069
005860,2010-11-25,963,963,943,951,320600
005860,2010-11-26,953,987,945,951,264052
005860,2010-11-29,949,987,947,982,397790
005860,2010-11-30,1010,1106,991,1011,2064441
005860,2010-12-01,1015,1063,1010,1020,1845735
005860,2010-12-02,1025,1039,1010,1030,558613
005860,2010-12-03,1034,1044,949,978,1532188
005860,2010-12-06,982,996,953,968,869206
005860,2010-12-07,967,977,953,958,325540
005860,2010-12-08,963,972,953,963,154029
005860,2010-12-09,977,982,958,958,276682
005860,2010-12-10,958,972,958,963,147592
005860,2010-12-13,963,972,958,968,103645
005860,2010-12-14,967,972,958,958,296484
005860,2010-12-15,963,963,949,963,235599
005860,2010-12-16,963,967,950,963,262398
005860,2010-12-17,953,987,947,958,708587
005860,2010-12-20,949,949,906,933,549590
005860,2010-12-21,936,953,936,949,117587
005860,2010-12-22,937,1053,937,987,3332769
005860,2010-12-23,1010,1010,963,963,667619
005860,2010-12-24,977,1029,963,973,1378568
005860,2010-12-27,977,1001,967,973,574063
005860,2010-12-28,987,987,958,963,485397
005860,2010-12-29,963,967,949,952,419821
005860,2010-12-30,951,952,947,952,191549
005860,2011-01-03,963,1029,958,992,1577745
005860,2011-01-04,1006,1006,967,973,709746
005860,2011-01-05,972,1063,963,1001,2201368
005860,2011-01-06,1039,1149,1020,1149,5517213
005860,2011-01-07,1235,1320,1201,1321,3250418
005860,2011-01-10,1516,1516,1516,1516,169803
005860,2011-01-11,1740,1740,1678,1740,8055314
005860,2011-01-12,1807,1955,1735,1822,43797981
005860,2011-01-13,1821,1859,1549,1550,14521309
005860,2011-01-14,1544,1688,1425,1507,18619894
005860,2011-01-17,1511,1559,1354,1435,12037152
005860,2011-01-18,1425,1506,1387,1469,9491986
005860,2011-01-19,1497,1516,1397,1473,8853542
005860,2011-01-20,1468,1616,1420,1459,13681093
005860,2011-01-21,1459,1478,1349,1373,3923067
005860,2011-01-24,1401,1506,1373,1493,6130539
005860,2011-01-25,1497,1544,1382,1421,5653894
005860,2011-01-26,1420,1630,1344,1631,10574190
005860,2011-01-27,1621,1773,1530,1583,22267667
005860,2011-01-28,1602,1769,1506,1535,21801021
005860,2011-01-31,1587,1640,1449,1488,6579302
005860,2011-02-01,1506,1521,1268,1273,6386940
005860,2011-02-07,1358,1420,1316,1388,5591631
005860,2011-02-08,1387,1392,1292,1297,2355664
005860,2011-02-09,1311,1487,1249,1373,9825406
005860,2011-02-10,1382,1425,1325,1330,2915735
005860,2011-02-11,1344,1363,1273,1292,2065058
005860,2011-02-14,1292,1330,1244,1326,2354143
005860,2011-02-15,1335,1420,1301,1345,3251249
005860,2011-02-16,1344,1487,1344,1369,6207990
005860,2011-02-17,1387,1420,1235,1259,2498165
005860,2011-02-18,1258,1301,1235,1287,1622920
005860,2011-02-21,1287,1349,1254,1292,2651126
005860,2011-02-22,1292,1344,1282,1292,2776986
005860,2011-02-23,1292,1359,1287,1316,2541711
005860,2011-02-24,1325,1330,1168,1192,2166179
005860,2011-02-25,1182,1235,1177,1178,1242563
005860,2011-02-28,1168,1177,1101,1121,1625670
005860,2011-03-02,1101,1158,1091,1106,933499
005860,2011-03-03,1120,1201,1106,1116,2437492
005860,2011-03-04,1144,1158,1115,1144,1028445
005860,2011-03-07,1139,1177,1106,1125,1091800
005860,2011-03-08,1153,1292,1149,1292,9392928
005860,2011-03-09,1344,1373,1211,1249,9494595
005860,2011-03-10,1239,1282,1211,1259,4507473
005860,2011-03-11,1239,1244,1168,1173,2550567
005860,2011-03-14,1153,1158,1058,1068,2319540
005860,2011-03-15,1091,1101,936,1001,2007611
005860,2011-03-16,1010,1068,996,1011,1326586
005860,2011-03-17,977,1001,967,1001,765120
005860,2011-03-18,1010,1058,1006,1025,1070484
005860,2011-03-21,1049,1153,1029,1116,4015794
005860,2011-03-22,1120,1125,1077,1087,1212716
005860,2011-03-23,1111,1111,1058,1068,734165
005860,2011-03-24,1072,1082,1039,1059,861042
005860,2011-03-25,1091,1215,1082,1216,3435911
005860,2011-03-28,1287,1330,1239,1297,9746718
005860,2011-03-29,1282,1330,1254,1321,5926847
005860,2011-03-30,1325,1335,1168,1221,4183171
005860,2011-03-31,1220,1273,1192,1230,2658252
005860,2011-04-01,1335,1411,1316,1411,14994054
005860,2011-04-04,1392,1454,1382,1388,6568164
005860,2011-04-05,1411,1435,1363,1431,3737582
005860,2011-04-06,1430,1645,1416,1645,7052053
005860,2011-04-07,1707,1721,1592,1636,11881840
005860,2011-04-08,1664,1850,1564,1588,13764701
005860,2011-04-11,1616,1673,1401,1440,9778207
005860,2011-04-12,1468,1525,1363,1411,9658605
005860,2011-04-13,1430,1583,1411,1555,11145480
005860,2011-04-14,1554,1659,1497,1659,7726120
005860,2011-04-15,1697,1764,1587,1626,5931919
005860,2011-04-18,1759,1764,1578,1578,6091241
005860,2011-04-19,1559,1587,1454,1545,3893124
005860,2011-04-20,1544,1578,1482,1521,1956638
005860,2011-04-21,1525,1621,1497,1497,2972391
005860,2011-04-22,1502,1592,1497,1526,4129651
005860,2011-04-25,1544,1568,1478,1555,2013200
005860,2011-04-26,1554,1564,1420,1426,2794399
005860,2011-04-27,1425,1492,1392,1392,1991204
005860,2011-04-28,1411,1492,1363,1411,2047302
005860,2011-04-29,1406,1440,1354,1354,997884
005860,2011-05-02,1354,1416,1320,1392,1348588
005860,2011-05-03,1420,1511,1416,1473,2197443
005860,2011-05-04,1473,1516,1425,1488,1555280
005860,2011-05-06,1611,1707,1392,1392,15251667
005860,2011-05-09,1378,1401,1268,1268,3346858
005860,2011-05-11,1273,1311,1254,1259,2100266
005860,2011-05-12,1244,1273,1230,1254,1016226
005860,2011-05-13,1258,1273,1235,1240,856037
005860,2011-05-16,1382,1425,1273,1273,7730540
005860,2011-05-17,1277,1325,1268,1278,1865972
005860,2011-05-18,1277,1339,1273,1278,1410024
005860,2011-05-19,1282,1306,1153,1168,1733925
005860,2011-05-20,1201,1316,1196,1249,5328655
005860,2011-05-23,1258,1258,1187,1192,1222628
005860,2011-05-24,1182,1263,1182,1206,1165258
005860,2011-05-25,1206,1235,1163,1163,1134424
005860,2011-05-26,1177,1187,1158,1168,657902
005860,2011-05-27,1182,1220,1182,1183,757131
005860,2011-05-30,1196,1196,1149,1149,695412
005860,2011-05-31,1163,1163,1125,1140,684884
005860,2011-06-01,1139,1144,1106,1135,493252
005860,2011-06-02,1115,1168,1115,1135,606232
005860,2011-06-03,1177,1201,1139,1144,1315674
005860,2011-06-07,1163,1211,1144,1183,1500881
005860,2011-06-08,1196,1220,1168,1183,862007
005860,2011-06-09,1182,1254,1173,1216,1736182
005860,2011-06-10,1239,1277,1225,1240,1421968
005860,2011-06-13,1235,1268,1211,1221,1253384
005860,2011-06-14,1211,1230,1187,1197,557291
005860,2011-06-15,1196,1244,1196,1225,559719
005860,2011-06-16,1215,1287,1201,1240,1284448
005860,2011-06-17,1239,1297,1235,1245,1539915
005860,2011-06-20,1273,1311,1258,1273,1322822
005860,2011-06-21,1287,1287,1258,1264,627519
005860,2011-06-22,1273,1287,1258,1273,748628
005860,2011-06-23,1273,1273,1225,1240,906505
005860,2011-06-24,1258,1258,1215,1235,719561
005860,2011-06-27,1235,1292,1220,1283,1608641
005860,2011-06-28,1392,1425,1201,1202,5789402
005860,2011-06-29,1215,1230,1149,1187,1726120
005860,2011-06-30,1201,1201,1182,1187,584577
005860,2011-07-01,1192,1201,1182,1187,769387
005860,2011-07-04,1192,1215,1182,1202,739041
005860,2011-07-05,1211,1292,1201,1287,2489385
005860,2011-07-06,1292,1320,1254,1307,2835719
005860,2011-07-07,1325,1363,1292,1335,2052767
005860,2011-07-08,1330,1368,1311,1340,983763
005860,2011-07-11,1344,1363,1320,1326,1288736
005860,2011-07-12,1297,1311,1263,1273,1108939
005860,2011-07-13,1277,1373,1277,1349,3303694
005860,2011-07-14,1359,1373,1311,1316,1357368
005860,2011-07-15,1311,1401,1306,1388,3743484
005860,2011-07-18,1392,1420,1378,1397,1319700
005860,2011-07-19,1440,1487,1373,1402,3655955
005860,2011-07-20,1401,1420,1373,1402,1734059
005860,2011-07-21,1392,1454,1382,1397,1340410
005860,2011-07-22,1401,1411,1359,1402,1170458
005860,2011-07-25,1406,1492,1392,1440,2280697
005860,2011-07-26,1449,1449,1397,1397,1078120
005860,2011-07-27,1411,1449,1401,1411,670734
005860,2011-07-28,1397,1406,1358,1383,739851
005860,2011-07-29,1382,1406,1292,1307,1273282
005860,2011-08-01,1316,1368,1306,1349,632911
005860,2011-08-02,1349,1349,1306,1316,557096
005860,2011-08-03,1311,1311,1254,1264,696414
005860,2011-08-04,1282,1335,1244,1245,1036538
005860,2011-08-05,1192,1249,1149,1221,856826
005860,2011-08-08,1182,1249,1068,1135,954955
005860,2011-08-09,1010,1077,967,1020,1344014
005860,2011-08-10,1101,1144,1082,1144,907736
005860,2011-08-11,1077,1168,1049,1149,678886
005860,2011-08-12,1187,1192,1125,1125,795293
005860,2011-08-16,1173,1292,1168,1292,1351991
005860,2011-08-17,1316,1359,1301,1335,975986
005860,2011-08-18,1392,1401,1263,1302,1413887
005860,2011-08-19,1249,1363,1192,1287,1218948
005860,2011-08-22,1330,1363,1277,1302,1096164
005860,2011-08-23,1311,1363,1273,1307,1357686
005860,2011-08-24,1325,1335,1225,1225,930358
005860,2011-08-25,1268,1277,1192,1192,1274626
005860,2011-08-26,1192,1244,1182,1240,422561
005860,2011-08-29,1268,1268,1230,1259,513095
005860,2011-08-30,1263,1354,1244,1330,1837432
005860,2011-08-31,1339,1363,1311,1330,1065725
005860,2011-09-01,1320,1373,1297,1321,1795996
005860,2011-09-02,1316,1349,1277,1292,557889
005860,2011-09-05,1301,1330,1244,1245,736229
005860,2011-09-06,1239,1263,1149,1168,506815
005860,2011-09-07,1192,1268,1192,1249,762537
005860,2011-09-08,1268,1435,1249,1302,6863687
005860,2011-09-09,1325,1368,1263,1278,2568671
005860,2011-09-14,1292,1335,1239,1240,1123379
005860,2011-09-15,1277,1425,1268,1335,7389447
005860,2011-09-16,1363,1535,1359,1535,7688304
005860,2011-09-19,1583,1721,1544,1621,16112581
005860,2011-09-20,1616,1688,1535,1621,9858361
005860,2011-09-21,1649,1721,1521,1521,8310233
005860,2011-09-22,1482,1554,1440,1555,4415952
005860,2011-09-23,1497,1578,1325,1326,6188981
005860,2011-09-26,1354,1397,1130,1130,6941149
005860,2011-09-27,1173,1220,1158,1202,3122036
005860,2011-09-28,1235,1277,1211,1211,2948319
005860,2011-09-29,1244,1368,1244,1287,6085996
005860,2011-09-30,1311,1330,1273,1316,1825622
005860,2011-10-04,1363,1511,1358,1431,9368497
005860,2011-10-05,1468,1597,1297,1326,10698940
005860,2011-10-06,1454,1521,1440,1521,1651006
005860,2011-10-07,1645,1707,1492,1550,10108460
005860,2011-10-10,1587,1735,1544,1712,7497023
005860,2011-10-11,1716,1788,1664,1764,7949796
005860,2011-10-12,1750,1769,1592,1650,6859266
005860,2011-10-13,1745,1788,1525,1569,10435743
005860,2011-10-14,1592,1602,1468,1483,5154117
005860,2011-10-17,1497,1564,1473,1531,3605900
005860,2011-10-18,1478,1568,1473,1531,3110191
005860,2011-10-19,1544,1564,1521,1521,2455221
005860,2011-10-20,1521,1606,1297,1431,4347929
005860,2011-10-21,1468,1602,1454,1545,3061827
005860,2011-10-24,1583,1649,1540,1583,4697920
005860,2011-10-25,1583,1616,1549,1578,2428974
005860,2011-10-26,1559,1664,1511,1664,2456305
005860,2011-10-27,1688,1764,1630,1736,5044751
005860,2011-10-28,1678,1735,1549,1597,8145510
005860,2011-10-31,1606,1773,1568,1707,7419030
005860,2011-11-01,1630,1678,1602,1640,3416674
005860,2011-11-02,1587,1831,1540,1745,10143443
005860,2011-11-03,1711,1764,1606,1626,5261382
005860,2011-11-04,1649,1707,1611,1688,3027743
005860,2011-11-07,1673,1740,1664,1726,2420170
005860,2011-11-08,1764,1840,1688,1774,6851103
005860,2011-11-09,1764,1893,1745,1893,9437529
005860,2011-11-10,1816,1826,1711,1712,4249684
005860,2011-11-11,1764,1788,1673,1750,3358725
005860,2011-11-14,1759,1831,1750,1826,3150977
005860,2011-11-15,1807,1854,1730,1774,3131191
005860,2011-11-16,1854,1859,1726,1736,3969008
005860,2011-11-17,1726,1778,1697,1764,1463306
005860,2011-11-18,1716,2012,1716,1931,11456304
005860,2011-11-21,1931,2121,1912,2022,8627480
005860,2011-11-22,1983,2036,1826,1898,5163188
005860,2011-11-23,2098,2141,1683,1688,12337208
005860,2011-11-24,1683,1707,1525,1545,5526759
005860,2011-11-25,1602,1659,1502,1574,3653998
005860,2011-11-28,1564,1630,1559,1583,2740866
005860,2011-11-29,1616,1645,1568,1583,2723011
005860,2011-11-30,1564,1621,1564,1612,1983326
005860,2011-12-01,1654,1659,1583,1593,2777796
005860,2011-12-02,1611,1626,1587,1593,1453970
005860,2011-12-05,1611,1645,1597,1607,1822379
005860,2011-12-06,1626,1697,1616,1636,3462999
005860,2011-12-07,1654,1668,1592,1593,2046526
005860,2011-12-08,1616,1616,1511,1512,2068370
005860,2011-12-09,1497,1549,1459,1493,1663364
005860,2011-12-12,1516,1530,1482,1493,1448805
005860,2011-12-13,1468,1492,1382,1411,1693556
005860,2011-12-14,1416,1454,1392,1421,1026165
005860,2011-12-15,1397,1416,1297,1316,1589600
005860,2011-12-16,1320,1430,1320,1354,2140349
005860,2011-12-19,1368,1368,1187,1240,1625810
005860,2011-12-20,1249,1368,1249,1340,872730
005860,2011-12-21,1368,1492,1354,1383,2533073
005860,2011-12-22,1401,1516,1392,1450,3180689
005860,2011-12-23,1468,1482,1411,1411,1189254
005860,2011-12-26,1416,1506,1416,1483,2005255
005860,2011-12-27,1482,1502,1420,1440,809903
005860,2011-12-28,1502,1549,1444,1445,1917864
005860,2011-12-29,1430,1468,1397,1426,903779
005860,2012-01-02,1459,1497,1444,1464,939113
005860,2012-01-03,1468,1492,1444,1445,958756
005860,2012-01-04,1459,1468,1425,1435,1192757
005860,2012-01-05,1449,1454,1382,1388,1559072
005860,2012-01-06,1416,1459,1401,1421,1596307
005860,2012-01-09,1430,1430,1373,1373,643343
005860,2012-01-10,1378,1387,1363,1378,441439
005860,2012-01-11,1378,1401,1373,1378,583840
005860,2012-01-12,1378,1382,1316,1326,788517
005860,2012-01-13,1325,1344,1306,1326,364831
005860,2012-01-16,1311,1320,1273,1297,492730
005860,2012-01-17,1301,1339,1301,1340,468257
005860,2012-01-18,1339,1354,1306,1326,383878
005860,2012-01-19,1330,1454,1325,1378,2419113
005860,2012-01-20,1392,1416,1344,1345,793912
005860,2012-01-25,1349,1349,1320,1330,341662
005860,2012-01-26,1330,1349,1311,1330,432906
005860,2012-01-27,1335,1368,1330,1330,442646
005860,2012-01-30,1335,1344,1301,1302,372014
005860,2012-01-31,1301,1316,1287,1287,444045
005860,2012-02-01,1287,1320,1287,1307,296608
005860,2012-02-02,1311,1325,1306,1316,336892
005860,2012-02-03,1335,1363,1316,1335,737654
005860,2012-02-06,1359,1363,1292,1307,515028
005860,2012-02-07,1306,1320,1297,1311,276270
005860,2012-02-08,1316,1382,1297,1359,1022267
005860,2012-02-09,1363,1397,1339,1397,959360
005860,2012-02-10,1392,1411,1368,1388,660645
005860,2012-02-13,1392,1430,1378,1378,471267
005860,2012-02-14,1382,1416,1373,1383,812409
005860,2012-02-15,1387,1430,1382,1411,689881
005860,2012-02-16,1416,1435,1382,1383,967381
005860,2012-02-17,1392,1411,1382,1392,595219
005860,2012-02-20,1401,1435,1397,1431,854949
005860,2012-02-21,1430,1459,1425,1445,777976
005860,2012-02-22,1587,1659,1583,1659,5821721
005860,2012-02-23,1683,1821,1587,1626,13915421
005860,2012-02-24,1645,1673,1592,1640,4191407
005860,2012-02-27,1649,1692,1530,1555,4150771
005860,2012-02-28,1530,1592,1502,1535,2609518
005860,2012-02-29,1587,1587,1525,1531,1370038
005860,2012-03-02,1535,1606,1525,1564,1724092
005860,2012-03-05,1592,1616,1564,1597,1377773
005860,2012-03-06,1602,1635,1564,1612,1858907
005860,2012-03-07,1597,1654,1573,1655,2066695
005860,2012-03-08,1688,1697,1573,1574,2628210
005860,2012-03-09,1564,1645,1540,1645,1528794
005860,2012-03-12,1654,1678,1606,1621,2052198
005860,2012-03-13,1645,1726,1645,1698,5046806
005860,2012-03-14,1702,1702,1549,1574,3444892
005860,2012-03-15,1602,1606,1473,1483,3071873
005860,2012-03-16,1492,1544,1449,1469,2319352
005860,2012-03-19,1478,1506,1454,1459,1307598
005860,2012-03-20,1468,1487,1449,1488,1579647
005860,2012-03-21,1487,1487,1411,1411,1165016
005860,2012-03-22,1416,1435,1335,1335,1251508
005860,2012-03-23,1325,1382,1320,1369,590683
005860,2012-03-26,1382,1401,1335,1335,521405
005860,2012-03-27,1354,1382,1330,1335,830512
005860,2012-03-28,1339,1392,1339,1392,1025290
005860,2012-03-29,1387,1425,1359,1421,1247460
005860,2012-03-30,1430,1454,1387,1388,897986
005860,2012-04-02,1392,1592,1382,1593,10190675
005860,2012-04-03,1635,1649,1482,1507,7096487
005860,2012-04-04,1516,1578,1487,1545,4667235
005860,2012-04-05,1535,1564,1344,1402,3540174
005860,2012-04-06,1392,1459,1392,1397,1228406
005860,2012-04-09,1373,1392,1287,1292,1661838
005860,2012-04-10,1258,1316,1258,1273,1147992
005860,2012-04-12,1292,1392,1277,1311,1741847
005860,2012-04-13,1335,1373,1325,1349,801564
005860,2012-04-16,1349,1382,1325,1354,799921
005860,2012-04-17,1354,1378,1325,1335,595926
005860,2012-04-18,1363,1397,1330,1335,566647
005860,2012-04-19,1344,1378,1335,1354,732906
005860,2012-04-20,1354,1368,1316,1316,697212
005860,2012-04-23,1316,1325,1287,1287,664730
005860,2012-04-24,1268,1297,1263,1292,581990
005860,2012-04-25,1254,1273,1168,1178,2690895
005860,2012-04-26,1192,1249,1177,1178,1275369
005860,2012-04-27,1182,1196,1139,1149,555338
005860,2012-04-30,1139,1177,1111,1149,577262
005860,2012-05-02,1163,1192,1144,1183,293504
005860,2012-05-03,1173,1215,1173,1192,350275
005860,2012-05-04,1182,1220,1182,1202,318505
005860,2012-05-07,1201,1235,1192,1192,475374
005860,2012-05-08,1206,1220,1173,1197,292922
005860,2012-05-09,1201,1201,1177,1178,248141
005860,2012-05-10,1168,1196,1163,1197,253158
005860,2012-05-11,1215,1254,1192,1216,1092768
005860,2012-05-14,1220,1268,1163,1178,923344
005860,2012-05-15,1168,1168,1125,1144,420281
005860,2012-05-16,1134,1173,1115,1116,220095
005860,2012-05-17,1106,1163,1106,1135,411048
005860,2012-05-18,1111,1125,1068,1068,355310
005860,2012-05-21,1058,1096,1049,1063,219232
005860,2012-05-22,1082,1115,1082,1111,260594
005860,2012-05-23,1111,1111,1082,1092,165914
005860,2012-05-24,1096,1120,1082,1116,239787
005860,2012-05-25,1120,1211,1120,1140,647966
005860,2012-05-29,1134,1153,1130,1140,182987
005860,2012-05-30,1149,1168,1120,1144,288245
005860,2012-05-31,1125,1139,1096,1111,323273
005860,2012-06-01,1115,1134,1106,1111,341707
005860,2012-06-04,1063,1091,1010,1030,439068
005860,2012-06-05,1053,1096,1034,1068,284779
005860,2012-06-07,1091,1106,1087,1097,197622
005860,2012-06-08,1101,1130,1091,1092,473103
005860,2012-06-11,1096,1139,1096,1135,323266
005860,2012-06-12,1144,1177,1134,1144,531457
005860,2012-06-13,1153,1153,1115,1125,219127
005860,2012-06-14,1125,1153,1111,1116,339408
005860,2012-06-15,1130,1134,1111,1116,281367
005860,2012-06-18,1144,1144,1125,1130,210720
005860,2012-06-19,1134,1153,1125,1154,328865
005860,2012-06-20,1182,1201,1153,1154,558603
005860,2012-06-21,1153,1182,1149,1154,423295
005860,2012-06-22,1149,1201,1134,1202,834304
005860,2012-06-25,1220,1354,1215,1273,2492797
005860,2012-06-26,1254,1349,1215,1230,2648049
005860,2012-06-27,1244,1249,1182,1183,426170
005860,2012-06-28,1196,1235,1177,1183,330597
005860,2012-06-29,1173,1215,1163,1216,398079
005860,2012-07-02,1215,1235,1196,1202,325608
005860,2012-07-03,1206,1268,1206,1259,1179754
005860,2012-07-04,1277,1277,1239,1245,324510
005860,2012-07-05,1263,1277,1235,1245,425898
005860,2012-07-06,1244,1268,1235,1245,399541
005860,2012-07-09,1249,1268,1230,1268,331529
005860,2012-07-10,1297,1306,1249,1249,401106
005860,2012-07-11,1254,1254,1206,1216,210355
005860,2012-07-12,1220,1244,1196,1197,239852
005860,2012-07-13,1192,1249,1168,1187,311164
005860,2012-07-16,1201,1230,1192,1202,178934
005860,2012-07-17,1201,1230,1192,1206,234958
005860,2012-07-18,1220,1225,1173,1183,151359
005860,2012-07-19,1187,1206,1173,1178,96141
005860,2012-07-20,1187,1187,1168,1168,151775
005860,2012-07-23,1158,1163,1125,1125,246065
005860,2012-07-24,1106,1139,1106,1135,107756
005860,2012-07-25,1120,1134,1058,1068,303448
005860,2012-07-26,1077,1115,1077,1092,173044
005860,2012-07-27,1101,1139,1101,1121,116091
005860,2012-07-30,1134,1144,1120,1121,67922
005860,2012-07-31,1130,1139,1120,1125,139730
005860,2012-08-01,1130,1163,1115,1135,247622
005860,2012-08-02,1153,1168,1134,1168,169639
005860,2012-08-03,1201,1292,1196,1211,1910277
005860,2012-08-06,1220,1220,1192,1206,345387
005860,2012-08-07,1211,1230,1196,1221,285734
005860,2012-08-08,1211,1249,1201,1235,518034
005860,2012-08-09,1239,1273,1211,1216,561593
005860,2012-08-10,1215,1235,1211,1221,258275
005860,2012-08-13,1220,1230,1206,1206,176549
005860,2012-08-14,1211,1220,1192,1216,271494
005860,2012-08-16,1220,1230,1196,1221,279281
005860,2012-08-17,1230,1249,1215,1216,528624
005860,2012-08-20,1220,1220,1201,1206,201349
005860,2012-08-21,1206,1239,1206,1240,632864
005860,2012-08-22,1249,1301,1206,1211,1958566
005860,2012-08-23,1220,1220,1187,1197,484204
005860,2012-08-24,1187,1196,1144,1144,627146
005860,2012-08-27,1153,1206,1153,1187,477022
005860,2012-08-28,1196,1196,1173,1183,311674
005860,2012-08-29,1177,1206,1177,1206,387182
005860,2012-08-30,1211,1249,1192,1192,623269
005860,2012-08-31,1211,1211,1187,1202,186060
005860,2012-09-03,1211,1239,1196,1216,406482
005860,2012-09-04,1206,1215,1173,1187,288991
005860,2012-09-05,1187,1201,1173,1197,306683
005860,2012-09-06,1206,1249,1192,1249,1247034
005860,2012-09-07,1258,1268,1215,1221,688473
005860,2012-09-10,1220,1244,1211,1245,506242
005860,2012-09-11,1254,1277,1235,1278,1288026
005860,2012-09-12,1277,1301,1263,1264,1079372
005860,2012-09-13,1263,1282,1239,1283,864305
005860,2012-09-14,1325,1325,1249,1254,1311851
005860,2012-09-17,1249,1263,1235,1264,491495
005860,2012-09-18,1263,1273,1235,1254,332663
005860,2012-09-19,1258,1282,1249,1278,512146
005860,2012-09-20,1277,1282,1249,1283,686753
005860,2012-09-21,1287,1306,1244,1259,697731
005860,2012-09-24,1254,1268,1230,1259,447221
005860,2012-09-25,1258,1263,1239,1240,318652
005860,2012-09-26,1220,1244,1220,1221,285575
005860,2012-09-27,1220,1225,1192,1202,304781
005860,2012-09-28,1206,1230,1201,1221,220627
005860,2012-10-02,1215,1225,1206,1211,198122
005860,2012-10-04,1206,1235,1206,1216,194823
005860,2012-10-05,1235,1249,1215,1225,270790
005860,2012-10-08,1239,1258,1220,1230,298627
005860,2012-10-09,1230,1244,1220,1221,227356
005860,2012-10-10,1230,1282,1220,1264,965342
005860,2012-10-11,1277,1277,1249,1268,410484
005860,2012-10-12,1268,1273,1244,1254,379894
005860,2012-10-15,1268,1320,1258,1278,2125258
005860,2012-10-16,1287,1287,1254,1264,509991
005860,2012-10-17,1263,1320,1258,1321,1165258
005860,2012-10-18,1330,1339,1292,1297,1092874
005860,2012-10-19,1292,1316,1268,1297,507828
005860,2012-10-22,1287,1297,1263,1287,432640
005860,2012-10-23,1306,1306,1258,1259,479736
005860,2012-10-24,1249,1263,1235,1259,350613
005860,2012-10-25,1254,1268,1239,1240,313932
005860,2012-10-26,1244,1249,1201,1202,484332
005860,2012-10-29,1211,1230,1177,1183,254848
005860,2012-10-30,1182,1211,1182,1187,174120
005860,2012-10-31,1187,1206,1187,1187,188598
005860,2012-11-01,1187,1201,1163,1183,303808
005860,2012-11-02,1196,1211,1182,1211,173372
005860,2012-11-05,1201,1220,1196,1206,132990
005860,2012-11-06,1215,1230,1201,1230,158090
005860,2012-11-07,1230,1239,1201,1202,396764
005860,2012-11-08,1192,1211,1187,1202,130206
005860,2012-11-09,1206,1211,1182,1192,141027
005860,2012-11-12,1211,1211,1182,1183,231404
005860,2012-11-13,1182,1196,1158,1163,223348
005860,2012-11-14,1153,1182,1153,1183,127827
005860,2012-11-15,1182,1182,1134,1144,143024
005860,2012-11-16,1153,1158,1125,1135,135636
005860,2012-11-19,1125,1153,1125,1144,131989
005860,2012-11-20,1158,1173,1139,1140,91871
005860,2012-11-21,1139,1163,1139,1144,90059
005860,2012-11-22,1158,1163,1134,1140,111060
005860,2012-11-23,1144,1153,1130,1144,102833
005860,2012-11-26,1149,1158,1134,1144,105627
005860,2012-11-27,1144,1158,1139,1149,73527
005860,2012-11-28,1149,1149,1134,1135,139510
005860,2012-11-29,1153,1153,1130,1135,49563
005860,2012-11-30,1139,1158,1130,1144,106414
005860,2012-12-03,1134,1153,1130,1140,77167
005860,2012-12-04,1144,1144,1125,1130,185587
005860,2012-12-05,1130,1144,1111,1125,94610
005860,2012-12-06,1125,1134,1106,1116,54399
005860,2012-12-07,1125,1125,1087,1097,192454
005860,2012-12-10,1106,1106,1077,1087,158609
005860,2012-12-11,1082,1173,1072,1102,700440
005860,2012-12-12,1101,1120,1101,1111,40966
005860,2012-12-13,1115,1125,1101,1106,94176
005860,2012-12-14,1101,1120,1101,1106,79884
005860,2012-12-17,1120,1130,1106,1111,99961
005860,2012-12-18,1115,1120,1106,1111,45060
005860,2012-12-20,1115,1125,1106,1121,139791
005860,2012-12-21,1125,1139,1111,1140,156265
005860,2012-12-24,1130,1153,1125,1135,191208
005860,2012-12-26,1149,1149,1130,1140,69717
005860,2012-12-27,1134,1144,1111,1116,110820
005860,2012-12-28,1130,1130,1111,1130,39506
005860,2013-01-02,1130,1139,1115,1121,113569
005860,2013-01-03,1130,1134,1111,1121,162990
005860,2013-01-04,1120,1125,1106,1111,128891
005860,2013-01-07,1120,1134,1106,1135,151843
005860,2013-01-08,1134,1144,1125,1140,97518
005860,2013-01-09,1139,1158,1130,1130,144730
005860,2013-01-10,1125,1163,1125,1159,201406
005860,2013-01-11,1163,1187,1163,1178,242634
005860,2013-01-14,1182,1187,1158,1168,132464
005860,2013-01-15,1168,1173,1125,1144,225189
005860,2013-01-16,1163,1163,1130,1144,93754
005860,2013-01-17,1144,1149,1130,1144,48542
005860,2013-01-18,1139,1153,1139,1149,105474
005860,2013-01-21,1163,1163,1139,1149,52093
005860,2013-01-22,1163,1163,1134,1154,57660
005860,2013-01-23,1153,1158,1134,1144,74585
005860,2013-01-24,1144,1149,1125,1125,174750
005860,2013-01-25,1206,1292,1192,1206,10271489
005860,2013-01-28,1192,1249,1187,1211,1863353
005860,2013-01-29,1215,1258,1177,1230,1765943
005860,2013-01-30,1235,1249,1192,1192,742633
005860,2013-01-31,1192,1230,1187,1192,1001358
005860,2013-02-01,1201,1249,1182,1245,919896
005860,2013-02-04,1282,1292,1235,1264,2305578
005860,2013-02-05,1244,1297,1230,1292,1445615
005860,2013-02-06,1277,1306,1258,1259,615057
005860,2013-02-07,1254,1268,1196,1206,805951
005860,2013-02-08,1206,1235,1196,1225,372171
005860,2013-02-12,1225,1244,1201,1202,550006
005860,2013-02-13,1201,1225,1201,1206,315279
005860,2013-02-14,1220,1220,1192,1206,454422
005860,2013-02-15,1211,1254,1206,1216,583535
005860,2013-02-18,1230,1239,1211,1216,332399
005860,2013-02-19,1220,1235,1215,1235,369891
005860,2013-02-20,1268,1277,1239,1240,708564
005860,2013-02-21,1235,1244,1220,1225,352894
005860,2013-02-22,1230,1249,1220,1240,491039
005860,2013-02-25,1239,1254,1235,1254,377393
005860,2013-02-26,1239,1282,1239,1240,1311965
005860,2013-02-27,1249,1249,1206,1206,573397
005860,2013-02-28,1211,1225,1211,1211,282167
005860,2013-03-04,1211,1225,1196,1197,237720
005860,2013-03-05,1211,1215,1196,1206,171111
005860,2013-03-06,1211,1211,1187,1187,210662
005860,2013-03-07,1187,1225,1187,1206,220100
005860,2013-03-08,1206,1215,1187,1197,208441
005860,2013-03-11,1196,1201,1149,1163,175915
005860,2013-03-12,1173,1192,1163,1163,181233
005860,2013-03-13,1187,1187,1168,1168,112225
005860,2013-03-14,1173,1225,1173,1221,621961
005860,2013-03-15,1235,1244,1215,1221,468353
005860,2013-03-18,1239,1249,1220,1225,381363
005860,2013-03-19,1235,1244,1225,1235,323480
005860,2013-03-20,1235,1249,1230,1230,304025
005860,2013-03-21,1239,1268,1215,1216,600891
005860,2013-03-22,1215,1230,1206,1230,219071
005860,2013-03-25,1249,1249,1235,1245,179081
005860,2013-03-26,1239,1263,1235,1254,294647
005860,2013-03-27,1258,1268,1244,1259,294279
005860,2013-03-28,1268,1273,1239,1245,282036
005860,2013-03-29,1254,1258,1244,1259,216167
005860,2013-04-01,1268,1287,1263,1268,494166
005860,2013-04-02,1268,1316,1239,1259,938982
005860,2013-04-03,1268,1287,1263,1273,354559
005860,2013-04-04,1273,1277,1206,1225,639459
005860,2013-04-05,1225,1273,1225,1268,418360
005860,2013-04-08,1282,1287,1254,1273,402246
005860,2013-04-09,1277,1282,1201,1240,686677
005860,2013-04-10,1230,1258,1230,1254,216827
005860,2013-04-11,1254,1268,1235,1264,265240
005860,2013-04-12,1258,1311,1258,1307,952359
005860,2013-04-15,1306,1363,1301,1335,1267804
005860,2013-04-16,1320,1425,1320,1349,2552059
005860,2013-04-17,1359,1378,1335,1354,561654
005860,2013-04-18,1354,1378,1344,1349,497559
005860,2013-04-19,1339,1373,1335,1369,575021
005860,2013-04-22,1378,1511,1373,1431,2327274
005860,2013-04-23,1425,1459,1392,1421,786078
005860,2013-04-24,1444,1473,1416,1435,776080
005860,2013-04-25,1459,1463,1420,1421,556408
005860,2013-04-26,1420,1459,1406,1459,313453
005860,2013-04-29,1473,1473,1435,1450,224858
005860,2013-04-30,1449,1463,1292,1349,1882361
005860,2013-05-02,1349,1363,1306,1340,851517
005860,2013-05-03,1339,1430,1306,1431,1318484
005860,2013-05-06,1430,1440,1358,1369,1489272
005860,2013-05-07,1373,1378,1282,1292,1683051
005860,2013-05-08,1287,1311,1268,1287,1032321
005860,2013-05-09,1297,1311,1277,1292,396949
005860,2013-05-10,1297,1297,1249,1259,743489
005860,2013-05-13,1258,1268,1235,1249,410433
005860,2013-05-14,1254,1263,1211,1225,780924
005860,2013-05-15,1235,1287,1230,1278,1160087
005860,2013-05-16,1287,1297,1268,1292,458955
005860,2013-05-20,1301,1306,1282,1287,402211
005860,2013-05-21,1287,1301,1282,1292,308475
005860,2013-05-22,1292,1359,1292,1354,1518565
005860,2013-05-23,1354,1358,1306,1321,453316
005860,2013-05-24,1320,1354,1311,1349,399124
005860,2013-05-27,1349,1382,1330,1340,435567
005860,2013-05-28,1339,1354,1301,1307,571674
005860,2013-05-29,1311,1316,1292,1292,423303
005860,2013-05-30,1320,1363,1292,1292,1175570
005860,2013-05-31,1297,1301,1244,1297,792491
005860,2013-06-03,1277,1292,1254,1254,388027
005860,2013-06-04,1258,1268,1235,1249,324971
005860,2013-06-05,1239,1287,1239,1278,537090
005860,2013-06-07,1263,1287,1254,1259,397709
005860,2013-06-10,1268,1306,1268,1268,341187
005860,2013-06-11,1273,1292,1254,1278,225659
005860,2013-06-12,1258,1297,1258,1283,380544
005860,2013-06-13,1277,1344,1273,1311,1059956
005860,2013-06-14,1311,1325,1258,1259,500373
005860,2013-06-17,1268,1282,1187,1202,624253
005860,2013-06-18,1206,1225,1196,1225,179562
005860,2013-06-19,1230,1235,1192,1192,187666
005860,2013-06-20,1173,1206,1168,1183,209045
005860,2013-06-21,1163,1177,1125,1140,325943
005860,2013-06-24,1139,1139,1096,1106,344433
005860,2013-06-25,1077,1106,1049,1068,486619
005860,2013-06-26,1087,1111,1077,1111,132094
005860,2013-06-27,1130,1149,1125,1135,118282
005860,2013-06-28,1149,1153,1125,1144,120845
005860,2013-07-01,1139,1153,1134,1149,33150
005860,2013-07-02,1139,1153,1120,1140,89761
005860,2013-07-03,1134,1144,1111,1116,105830
005860,2013-07-04,1125,1125,1058,1116,152199
005860,2013-07-05,1106,1153,1106,1135,123497
005860,2013-07-08,1149,1149,1120,1125,64922
005860,2013-07-09,1120,1149,1115,1135,56231
005860,2013-07-10,1120,1139,1111,1125,92659
005860,2013-07-11,1125,1139,1120,1140,68363
005860,2013-07-12,1130,1158,1120,1149,107529
005860,2013-07-15,1163,1168,1144,1159,66995
005860,2013-07-16,1153,1173,1144,1163,75651
005860,2013-07-17,1158,1177,1158,1159,82019
005860,2013-07-18,1173,1173,1139,1163,60236
005860,2013-07-19,1163,1168,1125,1149,139629
005860,2013-07-22,1149,1149,1125,1140,155402
005860,2013-07-23,1134,1149,1115,1130,239994
005860,2013-07-24,1130,1134,1120,1125,152547
005860,2013-07-25,1130,1134,1120,1125,82061
005860,2013-07-26,1130,1153,1120,1144,207529
005860,2013-07-29,1134,1153,1134,1135,140988
005860,2013-07-30,1134,1149,1134,1135,122375
005860,2013-07-31,1134,1153,1134,1154,98124
005860,2013-08-01,1149,1158,1139,1159,73805
005860,2013-08-02,1153,1163,1144,1154,105120
005860,2013-08-05,1149,1163,1149,1163,48668
005860,2013-08-06,1163,1163,1139,1144,80435
005860,2013-08-07,1149,1149,1134,1140,43902
005860,2013-08-08,1139,1149,1130,1140,79419
005860,2013-08-09,1134,1144,1134,1144,43740
005860,2013-08-12,1130,1149,1125,1125,133738
005860,2013-08-13,1144,1144,1115,1135,69514
005860,2013-08-14,1134,1139,1120,1135,62956
005860,2013-08-16,1120,1139,1120,1140,53744
005860,2013-08-19,1134,1149,1134,1144,111651
005860,2013-08-20,1149,1149,1125,1135,157170
005860,2013-08-21,1125,1134,1111,1111,183660
005860,2013-08-22,1106,1111,1072,1073,210463
005860,2013-08-23,1077,1106,1077,1102,107099
005860,2013-08-26,1111,1120,1101,1106,162209
005860,2013-08-27,1120,1125,1087,1097,244264
005860,2013-08-28,1068,1101,1068,1087,157490
005860,2013-08-29,1087,1101,1077,1102,198702
005860,2013-08-30,1120,1120,1082,1092,92210
005860,2013-09-02,1091,1120,1087,1111,115465
005860,2013-09-03,1120,1182,1111,1154,972833
005860,2013-09-04,1144,1163,1134,1144,182810
005860,2013-09-05,1144,1192,1134,1173,602998
005860,2013-09-06,1177,1344,1163,1345,12089043
005860,2013-09-09,1363,1378,1268,1316,5086043
005860,2013-09-10,1344,1511,1316,1345,15499344
005860,2013-09-11,1387,1411,1311,1349,4357592
005860,2013-09-12,1363,1401,1287,1311,4425874
005860,2013-09-13,1301,1311,1258,1287,1882214
005860,2013-09-16,1311,1335,1249,1249,1984819
005860,2013-09-17,1254,1335,1254,1287,3196707
005860,2013-09-23,1282,1325,1258,1259,1211993
005860,2013-09-24,1258,1301,1244,1245,1728823
005860,2013-09-25,1258,1268,1225,1235,984934
005860,2013-09-26,1254,1306,1249,1264,2065572
005860,2013-09-27,1258,1287,1235,1254,1343704
005860,2013-09-30,1273,1282,1235,1235,1098793
005860,2013-10-01,1230,1320,1168,1211,7244532
005860,2013-10-02,1220,1244,1187,1202,2257432
005860,2013-10-04,1192,1230,1173,1183,894928
005860,2013-10-07,1201,1201,1149,1149,807362
005860,2013-10-08,1163,1177,1153,1173,506926
005860,2013-10-10,1158,1182,1158,1159,382552
005860,2013-10-11,1168,1196,1163,1197,380170
005860,2013-10-14,1192,1206,1158,1159,417465
005860,2013-10-15,1177,1187,1144,1163,439668
005860,2013-10-16,1168,1206,1163,1168,495857
005860,2013-10-17,1182,1215,1168,1206,731374
005860,2013-10-18,1211,1235,1192,1206,529086
005860,2013-10-21,1235,1258,1201,1206,866300
005860,2013-10-22,1206,1220,1196,1206,363598
005860,2013-10-23,1211,1215,1182,1206,446526
005860,2013-10-24,1220,1244,1206,1225,1164290
005860,2013-10-25,1225,1239,1196,1206,361753
005860,2013-10-28,1211,1225,1196,1225,255241
005860,2013-10-29,1225,1239,1206,1211,284396
005860,2013-10-30,1211,1225,1192,1197,377971
005860,2013-10-31,1196,1211,1163,1168,589082
005860,2013-11-01,1182,1187,1149,1168,324567
005860,2013-11-04,1168,1177,1134,1159,187331
005860,2013-11-05,1158,1168,1130,1130,325038
005860,2013-11-06,1134,1144,1125,1135,288090
005860,2013-11-07,1144,1153,1130,1140,248880
005860,2013-11-08,1139,1144,1115,1116,293610
005860,2013-11-11,1115,1149,1115,1121,112655
005860,2013-11-12,1115,1134,1115,1135,135108
005860,2013-11-13,1211,1244,1139,1140,1604869
005860,2013-11-14,1144,1163,1134,1144,276833
005860,2013-11-15,1158,1177,1149,1154,200366
005860,2013-11-18,1153,1168,1144,1159,166282
005860,2013-11-19,1196,1249,1177,1178,1935520
005860,2013-11-20,1177,1187,1163,1178,215310
005860,2013-11-21,1182,1225,1173,1187,654242
005860,2013-11-22,1201,1230,1168,1221,606317
005860,2013-11-25,1230,1235,1206,1216,408893
005860,2013-11-26,1211,1225,1201,1225,193160
005860,2013-11-27,1215,1220,1187,1192,270640
005860,2013-11-28,1192,1211,1182,1187,144754
005860,2013-11-29,1187,1201,1168,1187,203925
005860,2013-12-02,1177,1196,1168,1187,197754
005860,2013-12-03,1187,1239,1173,1240,478963
005860,2013-12-04,1230,1244,1206,1235,348018
005860,2013-12-05,1235,1335,1206,1206,1622307
005860,2013-12-06,1225,1225,1187,1187,375085
005860,2013-12-09,1187,1220,1182,1187,241383
005860,2013-12-10,1192,1211,1177,1187,355499
005860,2013-12-11,1196,1196,1177,1192,61429
005860,2013-12-12,1192,1215,1168,1192,251714
005860,2013-12-13,1192,1225,1187,1211,314410
005860,2013-12-16,1220,1249,1206,1225,504417
005860,2013-12-17,1225,1249,1211,1211,398628
005860,2013-12-18,1215,1230,1201,1202,218685
005860,2013-12-19,1211,1268,1211,1221,1094575
005860,2013-12-20,1215,1244,1206,1225,353157
005860,2013-12-23,1230,1268,1230,1240,506637
005860,2013-12-24,1249,1258,1211,1216,381945
005860,2013-12-26,1215,1230,1206,1221,232553
005860,2013-12-27,1225,1230,1211,1211,163416
005860,2013-12-30,1211,1215,1192,1206,200549
005860,2014-01-02,1206,1215,1192,1197,191342
005860,2014-01-03,1196,1220,1192,1216,191146
005860,2014-01-06,1225,1235,1215,1221,200356
005860,2014-01-07,1220,1230,1201,1206,273969
005860,2014-01-08,1211,1215,1201,1206,98153
005860,2014-01-09,1206,1258,1206,1216,600428
005860,2014-01-10,1225,1239,1211,1225,345566
005860,2014-01-13,1225,1258,1215,1240,493554
005860,2014-01-14,1239,1258,1225,1254,480746
005860,2014-01-15,1263,1297,1230,1230,1085856
005860,2014-01-16,1235,1258,1225,1254,456831
005860,2014-01-17,1297,1325,1254,1278,1477358
005860,2014-01-20,1306,1416,1297,1354,6966780
005860,2014-01-21,1316,1325,1244,1249,2949350
005860,2014-01-22,1277,1292,1254,1264,856250
005860,2014-01-23,1268,1277,1225,1225,867327
005860,2014-01-24,1220,1254,1211,1225,493035
005860,2014-01-27,1292,1349,1249,1254,2430841
005860,2014-01-28,1239,1282,1206,1206,771661
005860,2014-01-29,1215,1263,1192,1202,891041
005860,2014-02-03,1206,1215,1173,1173,702612
005860,2014-02-04,1149,1158,1139,1159,525152
005860,2014-02-05,1158,1173,1144,1149,372515
005860,2014-02-06,1163,1173,1149,1159,310344
005860,2014-02-07,1163,1211,1158,1183,798394
005860,2014-02-10,1206,1206,1168,1183,231241
005860,2014-02-11,1182,1206,1177,1202,202796
005860,2014-02-12,1196,1201,1182,1192,165221
005860,2014-02-13,1215,1249,1206,1216,577781
005860,2014-02-14,1215,1230,1206,1216,117045
005860,2014-02-17,1225,1225,1196,1197,261524
005860,2014-02-18,1196,1211,1192,1197,157139
005860,2014-02-19,1206,1249,1192,1245,653432
005860,2014-02-20,1244,1254,1225,1225,241697
005860,2014-02-21,1235,1239,1225,1225,111071
005860,2014-02-24,1235,1277,1220,1264,811350
005860,2014-02-25,1263,1268,1244,1254,175895
005860,2014-02-26,1258,1263,1235,1240,201962
005860,2014-02-27,1239,1254,1239,1240,81281
005860,2014-02-28,1239,1258,1230,1254,119858
005860,2014-03-03,1263,1263,1235,1235,162653
005860,2014-03-04,1239,1239,1220,1240,208724
005860,2014-03-05,1244,1258,1220,1225,273059
005860,2014-03-06,1235,1258,1225,1259,167379
005860,2014-03-07,1268,1268,1244,1264,271253
005860,2014-03-10,1306,1306,1273,1297,1047837
005860,2014-03-11,1292,1354,1239,1264,2161820
005860,2014-03-12,1273,1277,1215,1216,1048072
005860,2014-03-13,1220,1249,1211,1235,595286
005860,2014-03-14,1230,1258,1230,1249,338726
005860,2014-03-17,1249,1249,1220,1225,299013
005860,2014-03-18,1235,1254,1225,1235,183858
005860,2014-03-19,1239,1254,1235,1245,139866
005860,2014-03-20,1249,1258,1220,1225,240977
005860,2014-03-21,1225,1239,1225,1230,233280
005860,2014-03-24,1235,1239,1215,1221,332327
005860,2014-03-25,1220,1230,1206,1225,279188
005860,2014-03-26,1225,1244,1220,1235,257940
005860,2014-03-27,1235,1268,1235,1249,427864
005860,2014-03-28,1249,1268,1244,1254,285162
005860,2014-03-31,1254,1258,1230,1235,236380
005860,2014-04-01,1239,1254,1235,1240,237774
005860,2014-04-02,1249,1268,1244,1264,296202
005860,2014-04-03,1268,1273,1254,1259,267585
005860,2014-04-04,1254,1263,1239,1259,242845
005860,2014-04-07,1258,1273,1244,1273,342422
005860,2014-04-08,1277,1292,1244,1249,770193
005860,2014-04-09,1249,1254,1225,1235,372475
005860,2014-04-10,1244,1254,1235,1235,211274
005860,2014-04-11,1225,1249,1225,1245,185662
005860,2014-04-14,1244,1258,1244,1259,227988
005860,2014-04-15,1258,1273,1249,1259,377655
005860,2014-04-16,1254,1277,1254,1278,558252
005860,2014-04-17,1277,1277,1258,1259,277220
005860,2014-04-18,1263,1277,1244,1245,563182
005860,2014-04-21,1258,1292,1258,1292,1013310
005860,2014-04-22,1287,1311,1273,1307,815630
005860,2014-04-23,1311,1316,1273,1278,511647
005860,2014-04-24,1282,1297,1268,1297,534978
005860,2014-04-25,1297,1339,1239,1240,1708594
005860,2014-04-28,1244,1249,1220,1235,417781
005860,2014-04-29,1239,1258,1230,1240,355530
005860,2014-04-30,1244,1254,1230,1235,199275
005860,2014-05-02,1244,1254,1235,1235,161958
005860,2014-05-07,1239,1249,1225,1225,247406
005860,2014-05-08,1235,1282,1230,1268,1006836
005860,2014-05-09,1268,1282,1258,1278,211235
005860,2014-05-12,1273,1287,1263,1268,253600
005860,2014-05-13,1287,1287,1249,1249,431905
005860,2014-05-14,1287,1287,1258,1268,431142
005860,2014-05-15,1268,1306,1268,1297,529926
005860,2014-05-16,1282,1301,1268,1302,446450
005860,2014-05-19,1306,1335,1268,1268,1092468
005860,2014-05-20,1268,1282,1235,1259,760016
005860,2014-05-21,1263,1268,1249,1254,304450
005860,2014-05-22,1254,1277,1254,1268,201914
005860,2014-05-23,1277,1277,1258,1268,187380
005860,2014-05-26,1268,1287,1263,1278,193222
005860,2014-05-27,1282,1287,1263,1287,357114
005860,2014-05-28,1282,1325,1282,1292,900644
005860,2014-05-29,1306,1392,1297,1383,2977706
005860,2014-05-30,1378,1397,1344,1369,1259605
005860,2014-06-02,1368,1392,1254,1259,1829698
005860,2014-06-03,1263,1273,1239,1259,546207
005860,2014-06-05,1263,1277,1254,1254,325821
005860,2014-06-09,1254,1268,1244,1249,349136
005860,2014-06-10,1254,1273,1254,1273,270455
005860,2014-06-11,1273,1292,1263,1287,355018
005860,2014-06-12,1287,1292,1263,1273,356472
005860,2014-06-13,1273,1287,1263,1283,248618
005860,2014-06-16,1273,1292,1268,1283,329729
005860,2014-06-17,1287,1311,1287,1292,518145
005860,2014-06-18,1301,1306,1277,1278,309708
005860,2014-06-19,1282,1292,1273,1278,213073
005860,2014-06-20,1277,1301,1277,1302,339069
005860,2014-06-23,1306,1311,1292,1302,343820
005860,2014-06-24,1301,1339,1292,1316,567487
005860,2014-06-25,1301,1354,1301,1330,601948
005860,2014-06-26,1359,1363,1301,1302,740884
005860,2014-06-27,1301,1354,1287,1349,712380
005860,2014-06-30,1359,1368,1330,1345,415151
005860,2014-07-01,1335,1349,1330,1345,243779
005860,2014-07-02,1368,1397,1320,1321,1716576
005860,2014-07-03,1330,1420,1320,1392,2492507
005860,2014-07-04,1401,1535,1397,1488,6266504
005860,2014-07-07,1497,1525,1454,1488,2424766
005860,2014-07-08,1487,1516,1454,1469,1596600
005860,2014-07-09,1482,1587,1463,1540,2854878
005860,2014-07-10,1564,1587,1497,1535,1305994
005860,2014-07-11,1530,1759,1506,1674,7960730
005860,2014-07-14,1745,1878,1721,1822,8702773
005860,2014-07-15,1816,1840,1754,1793,2903348
005860,2014-07-16,1807,1835,1668,1736,4354799
005860,2014-07-17,1759,1812,1721,1745,4175564
005860,2014-07-18,1721,1764,1683,1764,2583062
005860,2014-07-21,1807,1812,1692,1707,2383454
005860,2014-07-22,1697,1707,1645,1659,1863373
005860,2014-07-23,1692,1702,1645,1650,2113529
005860,2014-07-24,1721,1764,1530,1535,4325182
005860,2014-07-25,1544,1621,1535,1612,1366220
005860,2014-07-28,1592,1602,1473,1497,1440546
005860,2014-07-29,1497,1540,1444,1507,1696155
005860,2014-07-30,1506,1568,1487,1531,1073671
005860,2014-07-31,1511,1559,1444,1559,1227446
005860,2014-08-01,1540,1573,1525,1540,804888
005860,2014-08-04,1530,1554,1497,1526,991064
005860,2014-08-05,1530,1568,1516,1550,1057165
005860,2014-08-06,1549,1559,1487,1488,744942
005860,2014-08-07,1492,1511,1459,1459,531095
005860,2014-08-08,1459,1492,1416,1464,627014
005860,2014-08-11,1468,1511,1459,1459,328882
005860,2014-08-12,1459,1525,1459,1516,380097
005860,2014-08-13,1530,1573,1497,1550,627764
005860,2014-08-14,1540,1573,1525,1550,438528
005860,2014-08-18,1564,1564,1506,1507,355432
005860,2014-08-19,1521,1549,1506,1512,357689
005860,2014-08-20,1525,1640,1506,1626,2407698
005860,2014-08-21,1630,1645,1602,1626,580906
005860,2014-08-22,1640,1678,1583,1607,1011160
005860,2014-08-25,1659,1659,1602,1621,439722
005860,2014-08-26,1640,1664,1616,1636,494158
005860,2014-08-27,1649,1654,1587,1593,477041
005860,2014-08-28,1592,1626,1511,1564,558284
005860,2014-08-29,1549,1645,1549,1593,1133893
005860,2014-09-01,1587,1606,1516,1516,699467
005860,2014-09-02,1521,1573,1511,1550,500376
005860,2014-09-03,1544,1573,1535,1535,365295
005860,2014-09-04,1540,1564,1516,1531,319100
005860,2014-09-05,1544,1592,1525,1593,344734
005860,2014-09-11,1621,1621,1573,1597,392146
005860,2014-09-12,1621,1635,1549,1578,698226
005860,2014-09-15,1568,1583,1530,1531,424150
005860,2014-09-16,1535,1602,1530,1597,703273
005860,2014-09-17,1606,1635,1578,1602,428341
005860,2014-09-18,1602,1645,1587,1640,407737
005860,2014-09-19,1649,1673,1621,1621,637406
005860,2014-09-22,1645,1645,1587,1593,306911
005860,2014-09-23,1592,1611,1525,1564,579197
005860,2014-09-24,1559,1592,1525,1593,304633
005860,2014-09-25,1611,1611,1559,1612,358154
005860,2014-09-26,1602,1630,1573,1612,249330
005860,2014-09-29,1626,1630,1544,1559,395123
005860,2014-09-30,1549,1583,1540,1555,267016
005860,2014-10-01,1573,1573,1435,1473,546928
005860,2014-10-02,1468,1506,1430,1497,366706
005860,2014-10-06,1525,1525,1411,1440,417286
005860,2014-10-07,1430,1468,1430,1440,314123
005860,2014-10-08,1440,1459,1416,1431,215693
005860,2014-10-10,1435,1435,1354,1364,602776
005860,2014-10-13,1354,1359,1297,1316,367104
005860,2014-10-14,1282,1344,1282,1316,244478
005860,2014-10-15,1339,1354,1316,1326,236625
005860,2014-10-16,1320,1373,1292,1307,447747
005860,2014-10-17,1306,1354,1301,1330,428830
005860,2014-10-20,1339,1387,1335,1378,358802
005860,2014-10-21,1378,1387,1344,1349,302825
005860,2014-10-22,1358,1373,1349,1369,295877
005860,2014-10-23,1373,1387,1358,1369,263970
005860,2014-10-24,1373,1435,1359,1421,511848
005860,2014-10-27,1416,1416,1349,1416,258476
005860,2014-10-28,1416,1420,1382,1402,213542
005860,2014-10-29,1406,1411,1382,1392,186455
005860,2014-10-30,1406,1406,1339,1369,363428
005860,2014-10-31,1425,1554,1411,1421,3385209
005860,2014-11-03,1459,1459,1368,1369,779681
005860,2014-11-04,1382,1387,1306,1316,533734
005860,2014-11-05,1335,1335,1297,1302,223701
005860,2014-11-06,1306,1325,1287,1302,225840
005860,2014-11-07,1301,1344,1297,1330,149783
005860,2014-11-10,1335,1359,1320,1349,208781
005860,2014-11-11,1354,1359,1320,1330,332621
005860,2014-11-12,1349,1420,1349,1373,787299
005860,2014-11-13,1397,1397,1359,1359,233569
005860,2014-11-14,1368,1373,1316,1330,381756
005860,2014-11-17,1325,1339,1301,1307,244072
005860,2014-11-18,1306,1339,1301,1311,341486
005860,2014-11-19,1316,1335,1301,1316,233334
005860,2014-11-20,1316,1325,1306,1321,142432
005860,2014-11-21,1330,1330,1301,1311,156870
005860,2014-11-24,1316,1325,1297,1302,331039
005860,2014-11-25,1306,1316,1297,1311,208079
005860,2014-11-26,1311,1344,1301,1330,372044
005860,2014-11-27,1330,1349,1330,1330,192872
005860,2014-11-28,1325,1354,1320,1345,217097
005860,2014-12-01,1354,1354,1297,1297,307248
005860,2014-12-02,1282,1301,1249,1259,453502
005860,2014-12-03,1263,1287,1258,1278,173097
005860,2014-12-04,1277,1306,1273,1302,191097
005860,2014-12-05,1306,1320,1287,1302,106365
005860,2014-12-08,1301,1301,1277,1292,198729
005860,2014-12-09,1292,1297,1273,1292,154656
005860,2014-12-10,1292,1292,1268,1278,119270
005860,2014-12-11,1277,1277,1235,1235,528866
005860,2014-12-12,1235,1249,1230,1235,218590
005860,2014-12-15,1235,1254,1225,1240,150085
005860,2014-12-16,1244,1254,1239,1240,153952
005860,2014-12-17,1239,1254,1235,1254,195614
005860,2014-12-18,1254,1258,1196,1240,435564
005860,2014-12-19,1239,1268,1235,1254,176596
005860,2014-12-22,1254,1263,1239,1249,291277
005860,2014-12-23,1254,1263,1239,1259,121059
005860,2014-12-24,1258,1297,1249,1278,266818
005860,2014-12-26,1282,1297,1263,1278,258262
005860,2014-12-29,1282,1282,1254,1254,216401
005860,2014-12-30,1254,1273,1254,1264,114241
005860,2015-01-02,1263,1273,1244,1249,302505
005860,2015-01-05,1258,1287,1249,1273,401980
005860,2015-01-06,1258,1416,1258,1349,4110946
005860,2015-01-07,1378,1382,1301,1307,1104982
005860,2015-01-08,1301,1316,1282,1287,654694
005860,2015-01-09,1292,1325,1287,1307,458992
005860,2015-01-12,1301,1335,1297,1311,408083
005860,2015-01-13,1311,1339,1311,1316,283207
005860,2015-01-14,1316,1335,1301,1321,190988
005860,2015-01-15,1325,1339,1316,1321,206250
005860,2015-01-16,1320,1325,1292,1297,214428
005860,2015-01-19,1297,1316,1292,1297,235080
005860,2015-01-20,1306,1335,1297,1330,381698
005860,2015-01-21,1344,1349,1316,1326,255202
005860,2015-01-22,1325,1349,1311,1316,192428
005860,2015-01-23,1320,1344,1316,1345,302508
005860,2015-01-26,1363,1392,1335,1340,596012
005860,2015-01-27,1349,1378,1330,1369,367175
005860,2015-01-28,1363,1363,1335,1340,405214
005860,2015-01-29,1339,1349,1330,1330,181624
005860,2015-01-30,1325,1358,1320,1340,328918
005860,2015-02-02,1349,1368,1339,1340,188550
005860,2015-02-03,1344,1354,1316,1326,195654
005860,2015-02-04,1335,1354,1320,1335,349947
005860,2015-02-05,1339,1359,1335,1359,205601
005860,2015-02-06,1368,1406,1359,1392,476249
005860,2015-02-09,1401,1411,1368,1373,247387
005860,2015-02-10,1363,1382,1354,1359,253508
005860,2015-02-11,1359,1363,1344,1364,207169
005860,2015-02-12,1363,1368,1349,1354,162740
005860,2015-02-13,1359,1401,1354,1378,353920
005860,2015-02-16,1363,1387,1359,1364,240004
005860,2015-02-17,1363,1378,1359,1378,124573
005860,2015-02-23,1382,1387,1368,1388,167522
005860,2015-02-24,1392,1416,1387,1397,236579
005860,2015-02-25,1411,1411,1373,1378,201430
005860,2015-02-26,1392,1392,1368,1388,111551
005860,2015-02-27,1387,1397,1373,1383,163538
005860,2015-03-02,1382,1397,1373,1383,198152
005860,2015-03-03,1382,1387,1358,1369,209200
005860,2015-03-04,1368,1401,1363,1392,234722
005860,2015-03-05,1392,1430,1392,1407,557314
005860,2015-03-06,1406,1420,1401,1407,268038
005860,2015-03-09,1406,1425,1382,1421,553406
005860,2015-03-10,1525,1540,1382,1416,2744920
005860,2015-03-11,1420,1420,1354,1373,1054822
005860,2015-03-12,1373,1382,1363,1373,373811
005860,2015-03-13,1378,1397,1373,1383,273673
005860,2015-03-16,1378,1392,1368,1378,258236
005860,2015-03-17,1382,1387,1363,1369,250940
005860,2015-03-18,1368,1373,1330,1330,462086
005860,2015-03-19,1339,1392,1330,1378,560073
005860,2015-03-20,1378,1382,1349,1369,216849
005860,2015-03-23,1373,1397,1368,1378,170057
005860,2015-03-24,1373,1401,1368,1392,296032
005860,2015-03-25,1392,1416,1382,1392,300240
005860,2015-03-26,1397,1454,1392,1426,561218
005860,2015-03-27,1425,1473,1411,1440,497603
005860,2015-03-30,1440,1444,1392,1411,347148
005860,2015-03-31,1416,1430,1401,1411,200495
005860,2015-04-01,1416,1473,1401,1445,736277
005860,2015-04-02,1454,1468,1435,1440,319218
005860,2015-04-03,1449,1468,1440,1440,363754
005860,2015-04-06,1440,1468,1435,1459,389402
005860,2015-04-07,1468,1468,1449,1450,282606
005860,2015-04-08,1459,1482,1444,1445,392994
005860,2015-04-09,1454,1478,1444,1473,291520
005860,2015-04-10,1473,1497,1463,1478,444636
005860,2015-04-13,1478,1502,1449,1459,369073
005860,2015-04-14,1459,1468,1430,1445,366284
005860,2015-04-15,1444,1463,1430,1450,178686
005860,2015-04-16,1454,1463,1449,1454,185019
005860,2015-04-17,1459,1487,1459,1459,352698
005860,2015-04-20,1459,1478,1449,1469,175228
005860,2015-04-21,1473,1535,1463,1497,660193
005860,2015-04-22,1511,1530,1392,1445,619600
005860,2015-04-23,1449,1478,1406,1411,322864
005860,2015-04-24,1416,1430,1397,1407,200606
005860,2015-04-27,1406,1444,1401,1431,214939
005860,2015-04-28,1420,1449,1420,1431,181117
005860,2015-04-29,1444,1468,1420,1450,358740
005860,2015-04-30,1454,1506,1435,1493,714336
005860,2015-05-04,1478,1502,1416,1431,791472
005860,2015-05-06,1420,1430,1325,1335,986676
005860,2015-05-07,1335,1339,1306,1330,436354
005860,2015-05-08,1335,1363,1325,1349,259438
005860,2015-05-11,1358,1387,1358,1369,252645
005860,2015-05-12,1373,1387,1354,1359,306905
005860,2015-05-13,1359,1430,1354,1397,766763
005860,2015-05-14,1416,1416,1392,1402,160521
005860,2015-05-15,1397,1411,1373,1388,264478
005860,2015-05-18,1387,1387,1335,1345,369167
005860,2015-05-19,1349,1359,1330,1354,169367
005860,2015-05-20,1354,1378,1349,1369,164219
005860,2015-05-21,1368,1368,1339,1354,143212
005860,2015-05-22,1354,1373,1354,1359,150484
005860,2015-05-26,1387,1401,1363,1369,356543
005860,2015-05-27,1378,1378,1339,1354,243268
005860,2015-05-28,1359,1416,1359,1416,603461
005860,2015-05-29,1411,1459,1397,1450,593020
005860,2015-06-01,1449,1454,1368,1388,948207
005860,2015-06-02,1378,1392,1335,1340,772130
005860,2015-06-03,1335,1373,1330,1345,364924
005860,2015-06-04,1344,1349,1325,1335,218331
005860,2015-06-05,1325,1339,1297,1302,258578
005860,2015-06-08,1292,1316,1282,1316,125840
005860,2015-06-09,1316,1335,1306,1335,112576
005860,2015-06-10,1339,1344,1306,1311,219175
005860,2015-06-11,1311,1354,1311,1335,163136
005860,2015-06-12,1335,1344,1306,1316,178703
005860,2015-06-15,1306,1316,1287,1292,244035
005860,2015-06-16,1287,1306,1254,1264,366704
005860,2015-06-17,1258,1277,1244,1268,193194
005860,2015-06-18,1268,1297,1268,1297,263055
005860,2015-06-19,1311,1316,1287,1292,308035
005860,2015-06-22,1320,1363,1301,1340,654586
005860,2015-06-23,1344,1382,1335,1345,301450
005860,2015-06-24,1344,1363,1335,1340,207572
005860,2015-06-25,1344,1344,1330,1340,145124
005860,2015-06-26,1339,1354,1316,1316,283100
005860,2015-06-29,1292,1311,1263,1264,261639
005860,2015-06-30,1258,1287,1239,1287,371039
005860,2015-07-01,1301,1306,1268,1287,305423
005860,2015-07-02,1292,1306,1277,1297,322249
005860,2015-07-03,1301,1316,1287,1307,186317
005860,2015-07-06,1297,1306,1263,1287,375336
005860,2015-07-07,1282,1301,1263,1264,365420
005860,2015-07-08,1277,1282,1258,1268,310971
005860,2015-07-09,1268,1268,1239,1249,255087
005860,2015-07-10,1249,1292,1249,1287,238466
005860,2015-07-13,1292,1311,1277,1292,119018
005860,2015-07-14,1301,1320,1297,1307,210410
005860,2015-07-15,1306,1325,1306,1316,189434
005860,2015-07-16,1316,1330,1301,1316,168887
005860,2015-07-17,1325,1368,1320,1345,486444
005860,2015-07-20,1378,1382,1349,1354,371786
005860,2015-07-21,1363,1363,1325,1335,216100
005860,2015-07-22,1335,1344,1325,1330,158862
005860,2015-07-23,1325,1339,1316,1326,146884
005860,2015-07-24,1330,1339,1316,1340,144227
005860,2015-07-27,1325,1339,1306,1326,155952
005860,2015-07-28,1320,1320,1282,1292,176140
005860,2015-07-29,1306,1306,1282,1287,401854
005860,2015-07-30,1287,1301,1273,1273,334240
005860,2015-07-31,1273,1282,1263,1278,185619
005860,2015-08-03,1287,1292,1273,1278,138223
005860,2015-08-04,1277,1287,1273,1287,74081
005860,2015-08-05,1287,1311,1287,1307,175505
005860,2015-08-06,1316,1339,1301,1316,348680
005860,2015-08-07,1311,1325,1297,1311,212165
005860,2015-08-10,1311,1316,1297,1307,189463
005860,2015-08-11,1316,1320,1287,1292,306797
005860,2015-08-12,1297,1297,1239,1254,468497
005860,2015-08-13,1268,1273,1249,1259,267137
005860,2015-08-17,1258,1263,1215,1221,437506
005860,2015-08-18,1220,1230,1192,1197,279599
005860,2015-08-19,1173,1196,1029,1078,1257960
005860,2015-08-20,1039,1106,1039,1087,264905
005860,2015-08-21,1029,1072,987,1001,834594
005860,2015-08-24,996,1068,996,1054,279271
005860,2015-08-25,1063,1130,1039,1102,282238
005860,2015-08-26,1106,1125,1091,1116,144254
005860,2015-08-27,1130,1130,1101,1125,157752
005860,2015-08-28,1130,1139,1120,1125,96434
005860,2015-08-31,1134,1139,1115,1140,80118
005860,2015-09-01,1139,1139,1101,1102,141553
005860,2015-09-02,1091,1120,1072,1121,115362
005860,2015-09-03,1120,1134,1111,1116,54446
005860,2015-09-04,1120,1134,1087,1106,107449
005860,2015-09-07,1106,1115,1091,1111,71373
005860,2015-09-08,1111,1130,1087,1097,168324
005860,2015-09-09,1101,1120,1101,1121,103833
005860,2015-09-10,1120,1120,1106,1116,110449
005860,2015-09-11,1115,1125,1106,1111,123579
005860,2015-09-14,1115,1125,1106,1121,73444
005860,2015-09-15,1120,1125,1106,1121,78199
005860,2015-09-16,1120,1134,1115,1125,177440
005860,2015-09-17,1130,1158,1115,1159,237014
005860,2015-09-18,1153,1158,1144,1154,71524
005860,2015-09-21,1153,1158,1130,1135,164150
005860,2015-09-22,1144,1149,1130,1144,189872
005860,2015-09-23,1134,1149,1130,1130,136264
005860,2015-09-24,1144,1144,1125,1135,110046
005860,2015-09-25,1130,1144,1130,1135,67871
005860,2015-09-30,1120,1134,1120,1135,89658
005860,2015-10-01,1134,1149,1134,1144,133457
005860,2015-10-02,1139,1149,1130,1144,137599
005860,2015-10-05,1144,1177,1144,1168,265219
005860,2015-10-06,1168,1177,1158,1173,163930
005860,2015-10-07,1177,1254,1163,1221,690995
005860,2015-10-08,1220,1220,1192,1192,250580
005860,2015-10-12,1196,1254,1192,1221,307365
005860,2015-10-13,1220,1254,1206,1245,345822
005860,2015-10-14,1239,1616,1225,1616,4740450
005860,2015-10-15,1831,1869,1516,1559,18055486
005860,2015-10-16,1587,1630,1540,1555,6207465
005860,2015-10-19,1535,1544,1430,1469,3985891
005860,2015-10-20,1482,1492,1430,1454,2405473
005860,2015-10-21,1473,1511,1420,1431,2667298
005860,2015-10-22,1430,1449,1382,1383,1695020
005860,2015-10-23,1397,1440,1368,1369,2018826
005860,2015-10-26,1444,1463,1382,1411,1380253
005860,2015-10-27,1392,1444,1382,1431,952314
005860,2015-10-28,1449,1449,1354,1388,908684
005860,2015-10-29,1392,1397,1344,1354,654025
005860,2015-10-30,1358,1373,1297,1321,720035
005860,2015-11-02,1330,1454,1320,1426,2011108
005860,2015-11-03,1449,1478,1406,1435,1597194
005860,2015-11-04,1435,1454,1406,1445,628228
005860,2015-11-05,1430,1473,1420,1450,636398
005860,2015-11-06,1449,1492,1416,1416,1130390
005860,2015-11-09,1406,1416,1316,1330,925735
005860,2015-11-10,1316,1335,1268,1326,548682
005860,2015-11-11,1311,1344,1311,1326,216773
005860,2015-11-12,1330,1339,1277,1311,437729
005860,2015-11-13,1306,1506,1263,1349,3457165
005860,2015-11-16,1344,1482,1320,1411,2177168
005860,2015-11-17,1392,1683,1387,1497,9512409
005860,2015-11-18,1478,1802,1454,1512,14156752
005860,2015-11-19,1654,1964,1649,1965,4787282
005860,2015-11-20,2260,2288,1812,1850,25503437
005860,2015-11-23,1854,1931,1683,1702,7482591
005860,2015-11-24,1764,2212,1750,2213,35402225
005860,2015-11-25,2069,2584,2012,2193,36118065
005860,2015-11-26,2255,2346,2145,2198,7990586
005860,2015-11-27,2160,2183,1935,2003,6248446
005860,2015-11-30,1964,1974,1850,1941,2755858
005860,2015-12-01,1964,2021,1826,1884,2423137
005860,2015-12-02,1907,1907,1792,1822,1878865
005860,2015-12-03,1812,1893,1797,1812,1732536
005860,2015-12-04,1797,1964,1773,1864,3708873
005860,2015-12-07,1845,1926,1831,1907,1568588
005860,2015-12-08,1897,1921,1816,1817,1139494
005860,2015-12-09,1845,2322,1821,2046,24952433
005860,2015-12-10,2045,2231,1926,2012,11795012
005860,2015-12-11,2031,2207,1978,2089,9625232
005860,2015-12-14,2021,2031,1873,1884,2210629
005860,2015-12-15,1883,1921,1759,1793,2180739
005860,2015-12-16,1826,2231,1802,2060,19770807
005860,2015-12-17,2064,2326,2026,2170,12830465
005860,2015-12-18,2164,2260,2112,2165,5208858
005860,2015-12-21,2241,2365,2150,2365,6713535
005860,2015-12-22,2307,2527,2250,2394,11050030
005860,2015-12-23,2450,2613,2241,2241,7331529
005860,2015-12-24,2226,2279,2169,2189,2468814
005860,2015-12-28,2212,2374,2207,2251,3780443
005860,2015-12-29,2193,2331,2164,2289,1793540
005860,2015-12-30,2441,2446,2198,2198,2669204
005860,2016-01-04,2203,2279,1983,2141,2117888
005860,2016-01-05,2098,2160,2079,2117,1033576
005860,2016-01-06,2141,2141,1955,1969,2080464
005860,2016-01-07,1997,2012,1873,1903,1421772
005860,2016-01-08,1878,2007,1854,1931,1997009
005860,2016-01-11,1907,1926,1869,1869,669392
005860,2016-01-12,1893,1993,1869,1969,1822106
005860,2016-01-13,1974,2279,1940,2055,10643438
005860,2016-01-14,2040,2236,2012,2065,4706386
005860,2016-01-15,2107,2131,1974,1993,1055212
005860,2016-01-18,1931,2012,1921,1922,842214
005860,2016-01-19,1935,1969,1859,1907,813458
005860,2016-01-20,1907,1969,1792,1874,1088980
005860,2016-01-21,1864,1883,1773,1788,776569
005860,2016-01-22,1788,1816,1735,1774,833384
005860,2016-01-25,1812,1854,1792,1850,419249
005860,2016-01-26,1835,1845,1759,1774,473272
005860,2016-01-27,1778,1807,1692,1693,692239
005860,2016-01-28,1692,1850,1688,1750,783922
005860,2016-01-29,1750,1764,1716,1740,319622
005860,2016-02-01,1745,1750,1678,1678,379282
005860,2016-02-02,1678,1707,1649,1678,470804
005860,2016-02-03,1678,1692,1606,1655,347420
005860,2016-02-04,1668,1831,1654,1683,1606741
005860,2016-02-05,1692,1792,1692,1755,827528
005860,2016-02-11,1678,1740,1673,1702,420125
005860,2016-02-12,1659,1697,1540,1559,634432
005860,2016-02-15,1621,1702,1587,1645,638408
005860,2016-02-16,1668,1707,1654,1674,364208
005860,2016-02-17,1668,1697,1602,1621,396315
005860,2016-02-18,1649,1916,1635,1755,5221684
005860,2016-02-19,1769,1797,1726,1779,648194
005860,2016-02-22,1778,1797,1745,1760,547146
005860,2016-02-23,1792,1792,1707,1731,577257
005860,2016-02-24,1716,1759,1702,1745,459448
005860,2016-02-25,1754,1893,1726,1822,3030741
005860,2016-02-26,1816,1835,1773,1798,478200
005860,2016-02-29,1792,1864,1778,1831,654459
005860,2016-03-02,1826,1897,1816,1836,1401846
005860,2016-03-03,1854,1859,1783,1802,471830
005860,2016-03-04,1802,1873,1802,1802,946776
005860,2016-03-07,1792,1826,1764,1779,412384
005860,2016-03-08,1778,1826,1764,1802,414519
005860,2016-03-09,1807,1835,1797,1812,363388
005860,2016-03-10,1807,1840,1797,1807,363902
005860,2016-03-11,1812,1869,1802,1841,880387
005860,2016-03-14,1869,1869,1792,1812,566780
005860,2016-03-15,1821,1835,1802,1802,264962
005860,2016-03-16,1802,1926,1797,1845,3078033
005860,2016-03-17,1850,1850,1816,1817,401551
005860,2016-03-18,1816,1878,1816,1817,813110
005860,2016-03-21,1812,1831,1792,1817,399445
005860,2016-03-22,1831,1840,1764,1822,466178
005860,2016-03-23,1826,1826,1792,1812,388354
005860,2016-03-24,1797,1821,1764,1764,419337
005860,2016-03-25,1759,1783,1721,1783,626278
005860,2016-03-28,1788,1873,1773,1864,1708942
005860,2016-03-29,1864,1907,1854,1884,1021544
005860,2016-03-30,1902,2074,1869,1979,3059344
005860,2016-03-31,2069,2093,1964,1984,1397707
005860,2016-04-01,1978,2069,1955,2017,595344
005860,2016-04-04,1978,2169,1964,2031,1406136
005860,2016-04-05,2002,2064,1983,2065,536411
005860,2016-04-06,2031,2088,1988,2027,614572
005860,2016-04-07,2026,2026,1964,1969,406997
005860,2016-04-08,1935,2036,1935,1969,343574
005860,2016-04-11,1974,2059,1974,2055,647412
005860,2016-04-12,2083,2102,2012,2060,538074
005860,2016-04-14,2098,2274,2040,2098,3915635
005860,2016-04-15,2117,2174,2069,2127,729189
005860,2016-04-18,2002,2017,1869,1893,1841584
005860,2016-04-19,1864,1921,1850,1884,783360
005860,2016-04-20,1893,1945,1859,1888,780572
005860,2016-04-21,1912,2031,1902,1960,2152707
005860,2016-04-22,2017,2055,1959,1960,1243483
005860,2016-04-25,2026,2040,1959,1993,399675
005860,2016-04-26,1993,1997,1955,1974,391720
005860,2016-04-27,1959,2045,1955,1965,487678
005860,2016-04-28,1983,2026,1969,1969,304860
005860,2016-04-29,1955,1978,1916,1941,174419
005860,2016-05-02,1935,2002,1916,1931,481913
005860,2016-05-03,1935,1969,1926,1955,231860
005860,2016-05-04,1955,1997,1935,1936,400002
005860,2016-05-09,1964,1964,1902,1917,167036
005860,2016-05-10,1888,1955,1888,1922,370585
005860,2016-05-11,1940,2017,1912,1988,815179
005860,2016-05-12,2002,2055,1993,2017,637748
005860,2016-05-13,2050,2083,2012,2060,1040973
005860,2016-05-16,2160,2603,2150,2499,17905136
005860,2016-05-17,2446,2813,2355,2613,13422041
005860,2016-05-18,2517,2660,2412,2546,4209590
005860,2016-05-19,2584,2617,2417,2499,2023041
005860,2016-05-20,2470,2751,2465,2580,7030634
005860,2016-05-23,2532,3223,2479,3109,11308851
005860,2016-05-24,3027,3461,2846,2933,16367293
005860,2016-05-25,2985,2989,2422,2489,5377022
005860,2016-05-26,2856,3104,2722,2723,10339298
005860,2016-05-27,2565,2765,2527,2613,2042199
005860,2016-05-30,2651,2694,2317,2337,2909851
005860,2016-05-31,2412,2551,2355,2418,2607521
005860,2016-06-01,2431,2470,2341,2379,1431691
005860,2016-06-02,2360,2422,2207,2265,1842054
005860,2016-06-03,2265,2303,2193,2198,1102586
005860,2016-06-07,2222,2336,2207,2298,1074161
005860,2016-06-08,2288,2341,2179,2189,891350
005860,2016-06-09,2183,2346,2164,2222,1460313
005860,2016-06-10,2236,2317,2222,2251,620601
005860,2016-06-13,2231,2326,2207,2275,823985
005860,2016-06-14,2298,2512,2284,2432,4545942
005860,2016-06-15,2436,2498,2369,2399,1635066
005860,2016-06-16,2427,2431,2212,2241,1004604
005860,2016-06-17,2241,2293,2164,2217,528841
005860,2016-06-20,2212,2298,2212,2298,493533
005860,2016-06-21,2317,2355,2226,2298,422969
005860,2016-06-22,2284,2307,2250,2275,394548
005860,2016-06-23,2284,2460,2284,2437,2674568
005860,2016-06-24,2436,2493,1974,2089,3664215
005860,2016-06-27,2002,2126,1955,2122,1102053
005860,2016-06-28,2107,2164,2059,2155,605584
005860,2016-06-29,2169,2288,2155,2193,1096241
005860,2016-06-30,2212,2284,2193,2241,842352
005860,2016-07-01,2279,2393,2236,2394,1566955
005860,2016-07-04,2560,2632,2417,2456,4256116
005860,2016-07-05,2508,2508,2393,2475,950971
005860,2016-07-06,2479,2479,2355,2403,856432
005860,2016-07-07,2455,2474,2388,2413,668891
005860,2016-07-08,2412,2427,2303,2341,562921
005860,2016-07-11,2341,2465,2341,2441,784232
005860,2016-07-12,2441,2551,2388,2542,1725171
005860,2016-07-13,2622,2656,2498,2513,2032884
005860,2016-07-14,2512,2603,2403,2589,1238626
005860,2016-07-15,2641,2746,2579,2670,2815035
005860,2016-07-18,2632,2737,2574,2670,1084220
005860,2016-07-19,2670,2784,2646,2670,1592433
005860,2016-07-20,2670,2694,2570,2613,672200
005860,2016-07-21,2627,2641,2565,2580,658591
005860,2016-07-22,2574,2617,2546,2584,403180
005860,2016-07-25,2584,2627,2551,2623,408352
005860,2016-07-26,2622,2861,2622,2804,4018288
005860,2016-07-27,2803,2889,2756,2775,1301757
005860,2016-07-28,2779,3023,2727,2780,4225841
005860,2016-07-29,2770,2889,2713,2804,1790694
005860,2016-08-01,2765,2870,2751,2799,817043
005860,2016-08-02,2803,3023,2741,2971,3744069
005860,2016-08-03,2994,3070,2889,2966,1742909
005860,2016-08-04,2965,3080,2937,2966,1131481
005860,2016-08-05,2985,2994,2851,2918,708637
005860,2016-08-08,2880,2918,2784,2832,700710
005860,2016-08-09,2789,2956,2779,2923,758399
005860,2016-08-10,3037,3037,2846,2847,949676
005860,2016-08-11,2846,2894,2779,2804,510785
005860,2016-08-12,2784,2841,2779,2799,325642
005860,2016-08-16,2779,2889,2779,2804,493328
005860,2016-08-17,2803,2841,2784,2813,376183
005860,2016-08-18,2813,2937,2813,2866,1067724
005860,2016-08-19,2889,2975,2861,2866,776912
005860,2016-08-22,2865,2946,2822,2909,602860
005860,2016-08-23,2927,3137,2923,2933,4070865
005860,2016-08-24,2937,2942,2880,2909,729984
005860,2016-08-25,2908,3018,2870,2890,1343871
005860,2016-08-26,2899,3056,2889,3018,1587305
005860,2016-08-29,3004,3204,2965,3142,3241762
005860,2016-08-30,3151,3271,3099,3214,2118489
005860,2016-08-31,3232,3294,3175,3209,1164377
005860,2016-09-01,3199,3366,3175,3190,1381980
005860,2016-09-02,3209,3323,3180,3324,908537
005860,2016-09-05,3337,3385,3175,3228,974855
005860,2016-09-06,3247,3252,3123,3200,882595
005860,2016-09-07,3237,3294,3190,3214,946928
005860,2016-09-08,3199,3490,2908,3166,5085346
005860,2016-09-09,3166,3194,3051,3085,725044
005860,2016-09-12,2956,3285,2927,3166,1365229
005860,2016-09-13,3194,3309,3147,3257,1296171
005860,2016-09-19,3428,3824,3337,3638,6951310
005860,2016-09-20,3666,3671,3452,3471,2258480
005860,2016-09-21,3433,3452,3204,3300,2295705
005860,2016-09-22,3328,3328,3194,3309,1262248
005860,2016-09-23,3309,3309,3194,3214,773788
005860,2016-09-26,3218,3223,3085,3200,1081706
005860,2016-09-27,3175,3256,3137,3138,956026
005860,2016-09-28,3180,3228,3104,3119,737502
005860,2016-09-29,3118,3185,2965,2990,842810
005860,2016-09-30,2994,3013,2875,2933,880584
005860,2016-10-04,2646,2703,2555,2623,3285454
005860,2016-10-05,2584,2651,2584,2599,1086035
005860,2016-10-06,2613,2627,2565,2565,1054669
005860,2016-10-07,2584,2594,2436,2441,1229646
005860,2016-10-10,2446,2517,2446,2465,670351
005860,2016-10-11,2489,2536,2417,2446,716045
005860,2016-10-12,2422,2455,2398,2413,585081
005860,2016-10-13,2412,2446,2346,2360,782768
005860,2016-10-14,2360,2441,2341,2375,661893
005860,2016-10-17,2393,2427,2365,2394,392920
005860,2016-10-18,2384,2431,2374,2394,270882
005860,2016-10-19,2398,2465,2398,2446,422222
005860,2016-10-20,2450,2489,2417,2432,421407
005860,2016-10-21,2417,2455,2398,2399,311521
005860,2016-10-24,2450,2479,2331,2332,617733
005860,2016-10-25,2322,2355,2231,2265,793245
005860,2016-10-26,2265,2265,2040,2205,773991
005860,2016-10-27,2210,2295,2190,2250,321682
005860,2016-10-28,2250,2280,2215,2215,231864
005860,2016-10-31,2205,2245,2100,2130,290179
005860,2016-11-01,2105,2295,2105,2215,284906
005860,2016-11-02,2205,2210,2115,2115,231528
005860,2016-11-03,2070,2165,2055,2140,213939
005860,2016-11-04,2110,2155,2100,2100,141419
005860,2016-11-07,2110,2225,2110,2205,176982
005860,2016-11-08,2205,2230,2170,2210,86672
005860,2016-11-09,2195,2575,1985,2520,6345461
005860,2016-11-10,2410,2465,2285,2395,2509294
005860,2016-11-11,2360,2475,2320,2355,1473481
005860,2016-11-14,2395,2485,2350,2365,1496161
005860,2016-11-15,2375,2425,2275,2280,817705
005860,2016-11-16,2310,2350,2275,2280,414953
005860,2016-11-17,2300,2330,2265,2265,487318
005860,2016-11-18,2300,2310,2140,2140,680199
005860,2016-11-21,2170,2170,2065,2075,396996
005860,2016-11-22,2100,2200,2070,2120,575737
005860,2016-11-23,2110,2225,2095,2100,818612
005860,2016-11-24,2095,2125,2020,2045,379205
005860,2016-11-25,2015,2075,2010,2045,349523
005860,2016-11-28,2055,2130,2030,2055,605899
005860,2016-11-29,2050,2095,1925,2000,557755
005860,2016-11-30,2030,2055,2015,2040,335308
005860,2016-12-01,2025,2040,1975,2015,327078
005860,2016-12-02,2015,2150,2015,2150,846793
005860,2016-12-05,2150,2230,2100,2210,1668259
005860,2016-12-06,2215,2265,2185,2240,865524
005860,2016-12-07,2250,2320,2220,2290,1325701
005860,2016-12-08,2315,2345,2220,2230,799222
005860,2016-12-09,2240,2290,2210,2220,539578
005860,2016-12-12,2245,2375,2235,2280,1728353
005860,2016-12-13,2300,2325,2265,2290,900327
005860,2016-12-14,2290,2335,2280,2285,651205
005860,2016-12-15,2275,2370,2275,2360,767335
005860,2016-12-16,2365,2420,2315,2325,957395
005860,2016-12-19,2400,3020,2360,3020,14178417
005860,2016-12-20,2940,3010,2800,2855,16431809
005860,2016-12-21,2915,3115,2850,2995,16714798
005860,2016-12-22,2895,3070,2855,3060,8406507
005860,2016-12-23,3070,3075,2815,2850,6668646
005860,2016-12-26,2950,3440,2910,2910,44033568
005860,2016-12-27,3130,3220,2935,2970,10505914
005860,2016-12-28,3000,3055,2860,2960,5056758
005860,2016-12-29,2935,2935,2780,2815,3410635
005860,2017-01-02,2770,2785,2680,2705,2995295
005860,2017-01-03,2805,2840,2705,2720,4504945
005860,2017-01-04,2730,2750,2665,2715,1785673
005860,2017-01-05,2725,2830,2680,2755,3108399
005860,2017-01-06,2730,2845,2725,2825,2730259
005860,2017-01-09,2865,2870,2785,2800,1470964
005860,2017-01-10,2815,2820,2720,2735,1138705
005860,2017-01-11,2745,2745,2680,2700,861883
005860,2017-01-12,2700,2720,2535,2570,1461495
005860,2017-01-13,2615,2725,2535,2615,2102579
005860,2017-01-16,2620,2725,2610,2610,1722434
005860,2017-01-17,2590,2630,2475,2500,1003011
005860,2017-01-18,2490,2525,2425,2470,872751
005860,2017-01-19,2485,2500,2370,2370,997080
005860,2017-01-20,2335,2435,2335,2400,1100484
005860,2017-01-23,2420,2440,2240,2240,932473
005860,2017-01-24,2250,2615,2210,2300,6717540
005860,2017-01-25,2315,2460,2270,2305,2709518
005860,2017-01-26,2305,2375,2295,2330,735939
005860,2017-01-31,2325,2355,2240,2255,659125
005860,2017-02-01,2230,2290,2180,2270,737015
005860,2017-02-02,1970,1980,1810,1920,3573750
005860,2017-02-03,1915,1985,1915,1940,1298224
005860,2017-02-06,2045,2065,1975,2050,1598640
005860,2017-02-07,2230,2545,2210,2240,19907525
005860,2017-02-08,2255,2455,2120,2455,8992348
005860,2017-02-09,2670,2820,2470,2470,14814127
005860,2017-02-10,2900,2945,2575,2740,16620125
005860,2017-02-13,2705,2800,2525,2620,7343979
005860,2017-02-14,2640,2645,2455,2460,4380677
005860,2017-02-15,2465,2530,2415,2415,4974921
005860,2017-02-16,2405,2425,2250,2255,3713705
005860,2017-02-17,2200,2320,2175,2320,3432094
005860,2017-02-20,2240,2260,2115,2120,3498838
005860,2017-02-21,2130,2170,2080,2145,1686584
005860,2017-02-22,2150,2245,2140,2220,2469775
005860,2017-02-23,2215,2225,2140,2145,1438149
005860,2017-02-24,2140,2150,2090,2100,901678
005860,2017-02-27,2125,2185,2120,2130,1414453
005860,2017-02-28,2155,2175,2130,2155,602241
005860,2017-03-02,2185,2255,2165,2215,2703492
005860,2017-03-03,2220,2230,2120,2125,1586631
005860,2017-03-06,2100,2230,2030,2135,1821950
005860,2017-03-07,2105,2175,2100,2110,903902
005860,2017-03-08,2120,2135,2090,2095,440987
005860,2017-03-09,2100,2220,2085,2115,2335855
005860,2017-03-10,2120,2195,2070,2155,1411247
005860,2017-03-13,2155,2205,2130,2205,1360279
005860,2017-03-14,2220,2250,2180,2190,1337126
005860,2017-03-15,2190,2215,2110,2110,1048589
005860,2017-03-16,2120,2150,2100,2120,620618
005860,2017-03-17,2120,2295,2115,2145,3043577
005860,2017-03-20,2150,2165,2120,2120,528673
005860,2017-03-21,2140,2190,2115,2125,876466
005860,2017-03-22,2125,2225,2125,2210,2736616
005860,2017-03-23,2210,2210,2165,2165,903370
005860,2017-03-24,2180,2185,2115,2115,564209
005860,2017-03-27,2120,2170,2045,2055,1337370
005860,2017-03-28,2070,2135,2055,2115,679347
005860,2017-03-29,2115,2125,2080,2080,408421
005860,2017-03-30,2080,2150,2060,2095,974001
005860,2017-03-31,2095,2115,2085,2105,488785
005860,2017-04-03,2110,2125,2075,2105,581340
005860,2017-04-04,2110,2115,2060,2060,709381
005860,2017-04-05,2065,2095,2055,2055,439472
005860,2017-04-06,2080,2080,2000,2020,638050
005860,2017-04-07,2020,2040,2005,2015,385006
005860,2017-04-10,2015,2015,1920,1950,784025
005860,2017-04-11,1935,1975,1925,1950,366771
005860,2017-04-12,1955,1965,1930,1930,251154
005860,2017-04-13,1935,1960,1935,1940,299453
005860,2017-04-14,1950,2030,1940,1945,409261
005860,2017-04-17,1945,2000,1945,1980,352416
005860,2017-04-18,1995,2190,1980,2125,4611541
005860,2017-04-19,2130,2135,2035,2060,1244302
005860,2017-04-20,2080,2120,2050,2065,948060
005860,2017-04-21,2070,2095,2050,2055,278132
005860,2017-04-24,2050,2050,2005,2010,384743
005860,2017-04-25,2010,2070,2000,2070,346064
005860,2017-04-26,2075,2095,2055,2070,471923
005860,2017-04-27,2075,2105,2050,2090,523552
005860,2017-04-28,2090,2715,2050,2715,49904798
005860,2017-05-02,2820,2850,2550,2650,19591216
005860,2017-05-04,2625,2655,2560,2655,8395189
005860,2017-05-08,2650,2685,2585,2650,6165728
005860,2017-05-10,2695,2695,2465,2560,7209901
005860,2017-05-11,2540,2565,2485,2560,3638759
005860,2017-05-12,2580,2790,2505,2705,30326085
005860,2017-05-15,2625,2765,2580,2730,5456609
005860,2017-05-16,2710,2885,2620,2885,8029764
005860,2017-05-17,2820,2840,2680,2680,5639011
005860,2017-05-18,2515,2580,2445,2480,5167736
005860,2017-05-19,2500,2555,2470,2475,2225221
005860,2017-05-22,2485,2495,2370,2455,2175050
005860,2017-05-23,2415,2510,2415,2475,1636178
005860,2017-05-24,2470,2630,2465,2515,3850219
005860,2017-05-25,2580,2605,2520,2575,2757285
005860,2017-05-26,2575,2670,2550,2650,2219972
005860,2017-05-29,2635,2640,2555,2555,1460649
005860,2017-05-30,2555,2625,2510,2625,1259667
005860,2017-05-31,2625,2640,2575,2620,1297714
005860,2017-06-01,2615,2615,2545,2595,1238627
005860,2017-06-02,2635,2830,2620,2690,12362716
005860,2017-06-05,2835,2970,2685,2695,8075693
005860,2017-06-07,2730,2755,2565,2565,3934811
005860,2017-06-08,2555,2600,2475,2475,2143488
005860,2017-06-09,2525,2595,2490,2590,1713113
005860,2017-06-12,2585,2665,2565,2640,2196446
005860,2017-06-13,2630,2645,2565,2595,1273075
005860,2017-06-14,2665,2695,2595,2600,1665694
005860,2017-06-15,2580,2600,2535,2540,1284415
005860,2017-06-16,2535,2695,2510,2680,3047977
005860,2017-06-19,2680,2710,2650,2695,1481362
005860,2017-06-20,2710,2720,2635,2655,1989096
005860,2017-06-21,2620,2795,2620,2760,4813568
005860,2017-06-22,2725,2785,2685,2770,2662098
005860,2017-06-23,2765,2790,2700,2770,3403163
005860,2017-06-26,2930,2955,2630,2630,10010961
005860,2017-06-27,2625,2695,2520,2570,3210356
005860,2017-06-28,2580,2685,2490,2650,4012453
005860,2017-06-29,2650,2670,2580,2585,2213837
005860,2017-06-30,2635,2685,2455,2460,4515943
005860,2017-07-03,2350,2435,2280,2295,3627266
005860,2017-07-04,2305,2345,2150,2185,3561481
005860,2017-07-05,2205,2280,2155,2220,2035888
005860,2017-07-06,2205,2235,2195,2195,792185
005860,2017-07-07,2200,2245,2190,2200,1049433
005860,2017-07-10,2205,2230,2130,2135,1164818
005860,2017-07-11,2125,2160,2100,2110,619900
005860,2017-07-12,2115,2130,2090,2090,640420
005860,2017-07-13,2345,2500,2200,2205,14865521
005860,2017-07-14,2225,2275,2160,2250,2185972
005860,2017-07-17,2230,2250,2185,2185,1191065
005860,2017-07-18,2160,2195,2110,2115,1495753
005860,2017-07-19,2125,2175,2110,2145,904789
005860,2017-07-20,2115,2155,2090,2140,1131094
005860,2017-07-21,2130,2160,2125,2150,465290
005860,2017-07-24,2150,2165,2110,2110,731984
005860,2017-07-25,2145,2170,2125,2135,757546
005860,2017-07-26,2135,2170,2130,2150,660732
005860,2017-07-27,2150,2175,2135,2150,502173
005860,2017-07-28,2145,2175,2130,2135,699999
005860,2017-07-31,2135,2150,2125,2130,328869
005860,2017-08-01,2120,2160,2120,2145,371824
005860,2017-08-02,2145,2175,2130,2150,623924
005860,2017-08-03,2155,2165,2110,2120,501873
005860,2017-08-04,2125,2145,2120,2120,334963
005860,2017-08-07,2130,2260,2130,2200,2810153
005860,2017-08-08,2230,2240,2170,2180,558630
005860,2017-08-09,2175,2195,2160,2160,454182
005860,2017-08-10,2155,2185,2115,2130,605670
005860,2017-08-11,2110,2125,2080,2095,531133
005860,2017-08-14,2105,2125,2085,2085,371507
005860,2017-08-16,2250,2490,2160,2190,15993748
005860,2017-08-17,2160,2210,2145,2145,2319948
005860,2017-08-18,2300,2450,2215,2245,16860566
005860,2017-08-21,2265,2345,2220,2285,4057007
005860,2017-08-22,2295,2340,2240,2305,3466225
005860,2017-08-23,2245,2260,2160,2160,2983414
005860,2017-08-24,2190,2265,2190,2195,2379430
005860,2017-08-25,2195,2230,2185,2185,1025004
005860,2017-08-28,2185,2205,2170,2185,589416
005860,2017-08-29,2170,2200,2140,2160,786222
005860,2017-08-30,2165,2185,2140,2145,560378
005860,2017-08-31,2155,2160,2140,2160,379048
005860,2017-09-01,2155,2175,2150,2160,500699
005860,2017-09-04,2080,2175,2070,2120,1496378
005860,2017-09-05,2165,2190,2125,2140,578273
005860,2017-09-06,2145,2275,2125,2175,1754706
005860,2017-09-07,2195,2215,2160,2160,717817
005860,2017-09-08,2150,2160,2115,2120,547163
005860,2017-09-11,2130,2155,2100,2100,490932
005860,2017-09-12,2105,2130,2100,2120,272367
005860,2017-09-13,2110,2130,2085,2090,503975
005860,2017-09-14,2105,2105,2080,2100,257119
005860,2017-09-15,2100,2100,2070,2075,408248
005860,2017-09-18,2060,2090,2050,2070,413138
005860,2017-09-19,2070,2095,2065,2080,266636
005860,2017-09-20,2095,2160,2060,2070,933355
005860,2017-09-21,2095,2115,2070,2075,362687
005860,2017-09-22,2070,2100,1990,1990,599824
005860,2017-09-25,1990,2010,1860,1860,782704
005860,2017-09-26,1810,1915,1810,1890,427091
005860,2017-09-27,1925,1945,1885,1930,244973
005860,2017-09-28,1940,1970,1900,1970,214159
005860,2017-09-29,1985,2010,1950,1970,265151
005860,2017-10-10,2150,2255,2045,2055,4878409
005860,2017-10-11,2055,2080,2005,2020,585917
005860,2017-10-12,2030,2115,2020,2040,769288
005860,2017-10-13,2035,2070,2025,2040,283025
005860,2017-10-16,2065,2110,2045,2055,519620
005860,2017-10-17,2055,2090,2000,2020,752397
005860,2017-10-18,2030,2070,2015,2035,446136
005860,2017-10-19,2045,2105,2035,2065,684274
005860,2017-10-20,2065,2110,2055,2100,500642
005860,2017-10-23,2110,2135,2095,2100,366257
005860,2017-10-24,2120,2125,2090,2100,344340
005860,2017-10-25,2110,2195,2095,2140,903439
005860,2017-10-26,2145,2150,2100,2125,344881
005860,2017-10-27,2110,2150,2110,2140,298351
005860,2017-10-30,2140,2200,2130,2180,966375
005860,2017-10-31,2180,2215,2160,2195,484455
005860,2017-11-01,2200,2210,2155,2170,538326
005860,2017-11-02,2170,2240,2160,2210,1109807
005860,2017-11-03,2210,2270,2180,2270,1560679
005860,2017-11-06,2390,2395,2225,2300,3945170
005860,2017-11-07,2300,2355,2215,2290,2848732
005860,2017-11-08,2205,2225,2110,2130,2724415
005860,2017-11-09,2135,2140,2060,2095,1274800
005860,2017-11-10,2115,2115,2055,2055,616857
005860,2017-11-13,2070,2075,2045,2050,486692
005860,2017-11-14,2050,2075,2040,2070,373089
005860,2017-11-15,2055,2075,1990,1995,852086
005860,2017-11-16,2000,2025,1995,2010,308145
005860,2017-11-17,2015,2060,2010,2040,410082
005860,2017-11-20,2150,2180,2075,2100,1398863
005860,2017-11-21,2125,2125,2055,2075,532853
005860,2017-11-22,2070,2095,2060,2060,427285
005860,2017-11-23,2050,2085,2040,2060,314922
005860,2017-11-24,2070,2100,2055,2085,384553
005860,2017-11-27,2090,2105,2050,2065,539557
005860,2017-11-28,2065,2075,2040,2050,281349
005860,2017-11-29,2045,2070,2045,2060,250705
005860,2017-11-30,2060,2085,2040,2060,359546
005860,2017-12-01,2060,2085,2045,2060,376453
005860,2017-12-04,2055,2075,2050,2065,347288
005860,2017-12-05,2070,2135,2055,2125,913231
005860,2017-12-06,2130,2135,2090,2100,458140
005860,2017-12-07,2125,2160,2070,2090,879452
005860,2017-12-08,2085,2135,2040,2055,356738
005860,2017-12-11,2055,2095,2055,2075,268384
005860,2017-12-12,2085,2115,2045,2065,288465
005860,2017-12-13,2060,2070,2030,2060,331245
005860,2017-12-14,2055,2070,2040,2040,275390
005860,2017-12-15,2025,2055,2005,2030,402771
005860,2017-12-18,2035,2060,2020,2045,354486
005860,2017-12-19,2045,2045,1990,1990,319790
005860,2017-12-20,1985,2005,1940,1940,415206
005860,2017-12-21,1900,1925,1880,1885,458284
005860,2017-12-22,1870,1915,1825,1900,319376
005860,2017-12-26,1915,1950,1900,1925,191395
005860,2017-12-27,1925,1925,1880,1900,198649
005860,2017-12-28,1930,2015,1900,1990,662436
005860,2018-01-02,1970,2035,1960,2020,282556
005860,2018-01-03,2030,2035,2010,2025,190085
005860,2018-01-04,2030,2075,2000,2075,613350
005860,2018-01-05,2085,2115,2005,2030,962738
005860,2018-01-08,2015,2020,1980,2000,432139
005860,2018-01-09,2000,2010,1970,1985,295480
005860,2018-01-10,1975,1995,1970,1985,174062
005860,2018-01-11,1985,1995,1950,1955,342608
005860,2018-01-12,1950,1970,1930,1945,309357
005860,2018-01-15,1950,1960,1925,1935,230239
005860,2018-01-16,1930,1950,1910,1930,217923
005860,2018-01-17,1915,1955,1915,1935,261835
005860,2018-01-18,1945,1945,1920,1930,176038
005860,2018-01-19,1940,1950,1920,1925,217043
005860,2018-01-22,1935,1935,1915,1920,216401
005860,2018-01-23,1920,1955,1920,1950,238897
005860,2018-01-24,1945,1965,1940,1950,240881
005860,2018-01-25,1955,2000,1950,1990,325906
005860,2018-01-26,1990,2040,1970,2030,540415
005860,2018-01-29,2030,2045,2000,2030,335864
005860,2018-01-30,2040,2060,1990,2000,388563
005860,2018-01-31,1995,2000,1975,1985,159764
005860,2018-02-01,1985,2035,1980,2025,261168
005860,2018-02-02,2010,2015,1975,1980,208014
005860,2018-02-05,1965,1975,1925,1935,222711
005860,2018-02-06,1870,1935,1830,1920,319226
005860,2018-02-07,1925,1935,1870,1870,147686
005860,2018-02-08,1855,1910,1855,1910,134351
005860,2018-02-09,1845,1900,1845,1870,144176
005860,2018-02-12,1875,1910,1855,1860,91917
005860,2018-02-13,1915,1915,1855,1860,109631
005860,2018-02-14,1870,1895,1850,1870,84767
005860,2018-02-19,1870,1925,1870,1885,60799
005860,2018-02-20,1915,1950,1890,1915,177855
005860,2018-02-21,1910,1940,1910,1930,90984
005860,2018-02-22,1930,1960,1910,1930,160547
005860,2018-02-23,1945,1945,1905,1905,92599
005860,2018-02-26,1935,1940,1910,1920,70101
005860,2018-02-27,1935,1935,1885,1890,98014
005860,2018-02-28,1895,1905,1875,1875,57886
005860,2018-03-02,1885,1890,1860,1885,81480
005860,2018-03-05,1885,1895,1860,1860,104370
005860,2018-03-06,1865,1890,1860,1870,97722
005860,2018-03-07,1895,1910,1855,1855,143879
005860,2018-03-08,1860,1885,1855,1875,80520
005860,2018-03-09,1890,2140,1865,2005,3524813
005860,2018-03-12,2005,2030,1970,2030,637505
005860,2018-03-13,2050,2050,1970,1985,417450
005860,2018-03-14,1990,2050,1985,2025,473307
005860,2018-03-15,2045,2095,1990,1990,718586
005860,2018-03-16,2010,2030,1970,2020,189440
005860,2018-03-19,2010,2040,2010,2010,232869
005860,2018-03-20,1995,2010,1965,1995,169161
005860,2018-03-21,2000,2015,1965,1965,143019
005860,2018-03-22,1965,1980,1930,1940,235132
005860,2018-03-23,1990,2030,1880,1880,539741
005860,2018-03-26,1905,1925,1860,1915,254024
005860,2018-03-27,1920,1995,1900,1990,352070
005860,2018-03-28,2000,2000,1935,1940,240864
005860,2018-03-29,1940,1955,1905,1910,174576
005860,2018-03-30,1915,1945,1910,1925,134197
005860,2018-04-02,1920,1930,1875,1890,215851
005860,2018-04-03,1895,1930,1875,1920,110802
005860,2018-04-04,1930,1950,1905,1910,180466
005860,2018-04-05,1915,1935,1895,1895,74356
005860,2018-04-06,1910,1910,1880,1885,115419
005860,2018-04-09,1865,1900,1865,1870,109505
005860,2018-04-10,1870,1885,1860,1880,104857
005860,2018-04-11,1900,1900,1875,1900,101001
005860,2018-04-12,1900,1905,1890,1890,52110
005860,2018-04-13,1900,1925,1895,1910,116263
005860,2018-04-16,1920,1935,1905,1915,73748
005860,2018-04-17,1915,1925,1900,1910,82335
005860,2018-04-18,1920,1990,1910,1970,502518
005860,2018-04-19,1970,2015,1950,1965,724197
005860,2018-04-20,1990,2330,1990,2210,19345245
005860,2018-04-23,2355,2420,2065,2155,6959733
005860,2018-04-24,2190,2225,2100,2170,1765819
005860,2018-04-25,2190,2220,2135,2145,1214853
005860,2018-04-26,2150,2180,2085,2130,874275
005860,2018-04-27,2150,2240,2120,2130,2227806
005860,2018-04-30,2130,2295,2125,2215,3115708
005860,2018-05-02,2330,2875,2230,2875,27414435
005860,2018-05-03,2785,2800,2565,2580,12147753
005860,2018-05-04,2610,2670,2500,2670,6702279
005860,2018-05-08,2585,2595,2415,2445,3059718
005860,2018-05-09,2465,2535,2295,2435,2524841
005860,2018-05-10,2500,2630,2480,2560,3861968
005860,2018-05-11,2630,2805,2555,2600,10073963
005860,2018-05-14,2665,2680,2590,2635,2804341
005860,2018-05-15,2670,2670,2510,2560,1996737
005860,2018-05-16,2260,2445,2250,2300,2676922
005860,2018-05-17,2350,2470,2285,2340,1689457
005860,2018-05-18,2365,2375,2290,2355,1028234
005860,2018-05-21,2350,2375,2265,2290,971067
005860,2018-05-23,2275,2300,2175,2260,1050427
005860,2018-05-24,2315,2315,2175,2210,710730
005860,2018-05-25,1980,2175,1965,2060,1783502
005860,2018-05-28,2215,2530,2215,2380,7099474
005860,2018-05-29,2355,2380,2240,2240,1546474
005860,2018-05-30,2250,2310,2210,2250,987032
005860,2018-05-31,2290,2580,2280,2525,9003602
005860,2018-06-01,2970,3110,2500,2505,25083657
005860,2018-06-04,2585,2945,2575,2645,23242809
005860,2018-06-05,2680,2725,2450,2460,5851125
005860,2018-06-07,2475,2565,2395,2420,3440065
005860,2018-06-08,2425,2615,2340,2450,7281422
005860,2018-06-11,2485,2750,2460,2630,13999955
005860,2018-06-12,2695,2730,2480,2535,5407049
005860,2018-06-14,2440,2455,2270,2270,1833004
005860,2018-06-15,2230,2580,2230,2440,7309543
005860,2018-06-18,2400,2540,2355,2395,3719021
005860,2018-06-19,2395,2510,2270,2285,2404768
005860,2018-06-20,2235,2390,2235,2345,1350908
005860,2018-06-21,2380,2595,2300,2335,5005889
005860,2018-06-22,2370,2395,2245,2295,1714698
005860,2018-06-25,2290,2335,2265,2300,934666
005860,2018-06-26,2265,2300,2150,2180,1063575
005860,2018-06-27,2180,2205,2060,2070,1125940
005860,2018-06-28,2045,2195,2045,2065,1721557
005860,2018-06-29,2095,2130,2000,2065,959344
005860,2018-07-02,2065,2075,1950,1950,777262
005860,2018-07-03,1950,2305,1920,2070,5538288
005860,2018-07-04,2050,2140,2030,2030,1179487
005860,2018-07-05,2035,2235,2035,2100,5686161
005860,2018-07-06,2370,2585,2235,2245,26788860
005860,2018-07-09,2350,2425,2155,2295,7067148
005860,2018-07-10,2300,2305,2200,2210,2230115
005860,2018-07-11,2205,2270,2180,2190,1902750
005860,2018-07-12,2240,2390,2220,2285,4941567
005860,2018-07-13,2270,2315,2240,2245,1220181
005860,2018-07-16,2265,2280,2220,2230,649430
005860,2018-07-17,2235,2250,2140,2175,1051489
005860,2018-07-18,2180,2185,2070,2070,1049548
005860,2018-07-19,2070,2105,2040,2055,498974
005860,2018-07-20,2040,2130,2030,2035,610929
005860,2018-07-23,2030,2055,1935,1935,744318
005860,2018-07-24,1935,2060,1935,2005,664154
005860,2018-07-25,2030,2035,1970,1980,453724
005860,2018-07-26,1990,2185,1990,2140,3644803
005860,2018-07-27,2120,2135,2055,2105,1127889
005860,2018-07-30,2130,2175,2105,2115,876376
005860,2018-07-31,2145,2150,2055,2060,571247
005860,2018-08-01,2070,2110,2050,2075,344921
005860,2018-08-02,2075,2090,2040,2055,466045
005860,2018-08-03,2110,2145,2070,2085,693741
005860,2018-08-06,2085,2110,2055,2090,383680
005860,2018-08-07,2095,2110,2040,2045,330787
005860,2018-08-08,2065,2130,2045,2070,576872
005860,2018-08-09,2080,2095,2050,2055,256454
005860,2018-08-10,2120,2140,2065,2095,1014513
005860,2018-08-13,2120,2140,2045,2045,628178
005860,2018-08-14,2050,2100,2035,2075,459421
005860,2018-08-16,2085,2095,2015,2065,478231
005860,2018-08-17,2075,2125,2065,2105,596665
005860,2018-08-20,2110,2115,2070,2095,299643
005860,2018-08-21,2110,2140,2090,2105,504646
005860,2018-08-22,2105,2155,2070,2120,559127
005860,2018-08-23,2120,2165,2120,2120,503190
005860,2018-08-24,2130,2135,2085,2135,368646
005860,2018-08-27,2135,2370,2065,2285,7502044
005860,2018-08-28,2240,2255,2185,2255,2543484
005860,2018-08-29,2230,2250,2195,2220,941809
005860,2018-08-30,2215,2215,2135,2140,1275462
005860,2018-08-31,2140,2205,2115,2150,1160107
005860,2018-09-03,2155,2230,2145,2195,1064919
005860,2018-09-04,2190,2245,2180,2200,1071993
005860,2018-09-05,2225,2225,2165,2180,848235
005860,2018-09-06,2220,2295,2170,2195,2491864
005860,2018-09-07,2195,2240,2180,2225,1107755
005860,2018-09-10,2255,2325,2220,2320,3442896
005860,2018-09-11,2335,2355,2250,2255,1435410
005860,2018-09-12,2275,2280,2200,2220,732960
005860,2018-09-13,2220,2305,2215,2290,1238188
005860,2018-09-14,2305,2340,2245,2270,984561
005860,2018-09-17,2305,2310,2240,2250,620035
005860,2018-09-18,2250,2295,2220,2240,744888
005860,2018-09-19,2245,2260,2115,2125,932231
005860,2018-09-20,2135,2160,2110,2110,533717
005860,2018-09-21,2130,2185,2120,2135,573116
005860,2018-09-27,2150,2180,2140,2160,329960
005860,2018-09-28,2180,2180,2105,2120,356974
005860,2018-10-01,2135,2165,2075,2075,500327
005860,2018-10-02,2065,2090,2025,2025,422611
005860,2018-10-04,2060,2080,2015,2015,325780
005860,2018-10-05,2000,2065,1975,2030,323350
005860,2018-10-08,2015,2065,2015,2015,201281
005860,2018-10-10,2005,2020,1920,1930,635515
005860,2018-10-11,1790,1930,1790,1810,736287
005860,2018-10-12,1790,1875,1790,1845,301808
005860,2018-10-15,1855,1910,1840,1845,140153
005860,2018-10-16,1880,1885,1855,1865,109686
005860,2018-10-17,1895,2185,1885,1980,4441941
005860,2018-10-18,1975,2000,1950,1955,628022
005860,2018-10-19,1940,1995,1885,1930,610398
005860,2018-10-22,1915,1925,1880,1880,312749
005860,2018-10-23,1900,2055,1900,1920,1811017
005860,2018-10-24,2000,2035,1850,1850,955770
005860,2018-10-25,1840,1930,1820,1830,368151
005860,2018-10-26,1850,1870,1735,1740,520775
005860,2018-10-29,1750,1775,1500,1535,717168
005860,2018-10-30,1400,1590,1400,1565,918754
005860,2018-10-31,1575,1660,1575,1600,413526
005860,2018-11-01,1650,1710,1630,1640,399257
005860,2018-11-02,1665,1725,1665,1700,318093
005860,2018-11-05,1700,1730,1670,1700,236877
005860,2018-11-06,1745,1745,1690,1700,166973
005860,2018-11-07,1730,1980,1715,1740,3293765
005860,2018-11-08,1790,1820,1755,1765,455157
005860,2018-11-09,1745,1790,1740,1785,178746
005860,2018-11-12,1770,1790,1745,1765,242444
005860,2018-11-13,1725,1765,1705,1760,171200
005860,2018-11-14,1765,1785,1730,1730,211112
005860,2018-11-15,1715,1775,1710,1755,178250
005860,2018-11-16,1760,1790,1760,1785,349842
005860,2018-11-19,1790,1845,1785,1805,225249
005860,2018-11-20,1770,1820,1770,1800,110462
005860,2018-11-21,1770,1845,1765,1810,231940
005860,2018-11-22,1850,1850,1765,1765,214019
005860,2018-11-23,1760,1935,1760,1760,945810
005860,2018-11-26,1790,1815,1765,1770,222660
005860,2018-11-27,1785,1790,1730,1775,302234
005860,2018-11-28,1775,1785,1760,1770,119174
005860,2018-11-29,1780,1810,1765,1790,173088
005860,2018-11-30,1810,1810,1760,1765,93776
005860,2018-12-03,1795,1820,1765,1810,252412
005860,2018-12-04,1820,1865,1805,1860,396471
005860,2018-12-05,1805,1860,1805,1840,193142
005860,2018-12-06,1840,1860,1785,1790,207327
005860,2018-12-07,1795,1860,1795,1845,268023
005860,2018-12-10,1830,1840,1795,1795,125358
005860,2018-12-11,1800,1800,1750,1780,103104
005860,2018-12-12,1760,1800,1745,1755,208866
005860,2018-12-13,1830,1830,1770,1790,145162
005860,2018-12-14,1795,1800,1755,1760,129001
005860,2018-12-17,1760,1775,1740,1770,175160
005860,2018-12-18,1760,1775,1735,1735,169851
005860,2018-12-19,1740,1755,1725,1740,198803
005860,2018-12-20,1750,1870,1750,1770,1144063
005860,2018-12-21,1770,1800,1760,1770,214810
005860,2018-12-24,1785,1790,1750,1755,364993
005860,2018-12-26,1730,1745,1665,1670,290766
005860,2018-12-27,1685,1730,1685,1700,101770
005860,2018-12-28,1725,1750,1700,1730,143290
005860,2019-01-02,1770,1770,1720,1730,138920
005860,2019-01-03,1745,1785,1725,1735,248168
005860,2019-01-04,1750,1750,1690,1720,192872
005860,2019-01-07,1755,1785,1740,1780,329652
005860,2019-01-08,1785,1885,1770,1880,1437230
005860,2019-01-09,1900,1905,1855,1870,395861
005860,2019-01-10,1875,1880,1830,1835,189508
005860,2019-01-11,1835,1915,1830,1865,480304
005860,2019-01-14,1935,2130,1930,2035,5575107
005860,2019-01-15,2095,2200,2070,2130,4964328
005860,2019-01-16,2120,2155,2085,2110,1305281
005860,2019-01-17,2110,2130,2010,2010,1055885
005860,2019-01-18,2045,2110,2000,2070,1028994
005860,2019-01-21,2070,2085,1990,1995,580526
005860,2019-01-22,2005,2070,1995,2005,568136
005860,2019-01-23,2000,2055,2000,2040,548142
005860,2019-01-24,2075,2280,2055,2130,8392134
005860,2019-01-25,2135,2170,2080,2090,1263722
005860,2019-01-28,2100,2120,2050,2050,826208
005860,2019-01-29,2200,2200,2055,2105,2583933
005860,2019-01-30,2150,2170,2090,2095,863941
005860,2019-01-31,2110,2145,2095,2105,555632
005860,2019-02-01,2140,2190,2120,2160,1247911
005860,2019-02-07,2160,2180,2075,2100,774103
005860,2019-02-08,2080,2120,2070,2080,466136
005860,2019-02-11,2095,2095,2010,2025,469800
005860,2019-02-12,2030,2060,2020,2050,453850
005860,2019-02-13,2050,2060,2015,2055,347891
005860,2019-02-14,2045,2065,2015,2020,272827
005860,2019-02-15,2035,2065,2020,2025,353517
005860,2019-02-18,2035,2055,2020,2045,346335
005860,2019-02-19,2045,2070,2035,2045,403916
005860,2019-02-20,2050,2060,1970,2005,582438
005860,2019-02-21,2000,2025,1935,1945,641066
005860,2019-02-22,1950,1985,1925,1960,345717
005860,2019-02-25,1965,1995,1960,1970,233301
005860,2019-02-26,1980,2030,1970,1985,304684
005860,2019-02-27,2005,2010,1985,1995,193248
005860,2019-02-28,2010,2010,1855,1860,463454
005860,2019-03-04,1860,1920,1820,1885,520563
005860,2019-03-05,1870,1905,1855,1870,246607
005860,2019-03-06,1870,1880,1845,1855,463775
005860,2019-03-07,1855,1890,1815,1830,288386
005860,2019-03-08,1830,1850,1815,1815,197738
005860,2019-03-11,1830,1835,1780,1830,166225
005860,2019-03-12,1845,1870,1835,1860,137877
005860,2019-03-13,1850,1900,1850,1860,215893
005860,2019-03-14,1860,1895,1855,1865,230292
005860,2019-03-15,1865,1880,1765,1790,497108
005860,2019-03-18,1810,1835,1800,1810,201058
005860,2019-03-19,1820,2280,1815,2065,31279387
005860,2019-03-20,2010,2025,1915,1940,3643669
005860,2019-03-21,1965,1985,1890,1925,2921509
005860,2019-03-22,1940,1950,1885,1910,1624339
005860,2019-03-25,1925,1960,1895,1900,1971690
005860,2019-03-26,1920,1950,1895,1930,945369
005860,2019-03-27,1930,1940,1875,1875,854049
005860,2019-03-28,1865,1875,1805,1805,874820
005860,2019-03-29,1805,1880,1805,1860,789172
005860,2019-04-01,1855,1895,1855,1870,302830
005860,2019-04-02,1890,1890,1860,1865,283979
005860,2019-04-03,1870,1925,1865,1890,466580
005860,2019-04-04,1905,1910,1880,1890,231599
005860,2019-04-05,1890,1925,1880,1905,282532
005860,2019-04-08,1910,1925,1890,1890,325273
005860,2019-04-09,1900,1925,1880,1915,367464
005860,2019-04-10,1950,2250,1935,2000,21252027
005860,2019-04-11,1995,2055,1980,2045,2523368
005860,2019-04-12,2035,2285,2025,2060,11348257
005860,2019-04-15,2070,2150,2035,2110,2335150
005860,2019-04-16,2095,2210,2025,2095,5769058
005860,2019-04-17,2095,2135,2060,2060,1514642
005860,2019-04-18,2070,2210,2045,2145,7105211
005860,2019-04-19,2340,2500,2135,2175,20037360
005860,2019-04-22,2155,2240,2100,2240,3065753
005860,2019-04-23,2305,2750,2265,2580,55689208
005860,2019-04-24,2550,2610,2400,2425,8086236
005860,2019-04-25,2445,2520,2340,2380,6613937
005860,2019-04-26,2360,2455,2325,2370,3171500
005860,2019-04-29,2410,2710,2400,2465,13681643
005860,2019-04-30,2620,2630,2450,2470,5143387
005860,2019-05-02,2470,2515,2350,2510,2790975
005860,2019-05-03,2510,2515,2420,2445,1772833
005860,2019-05-07,2380,2615,2305,2470,11122424
005860,2019-05-08,2410,2580,2305,2330,5384541
005860,2019-05-09,2380,2465,2310,2355,4573252
005860,2019-05-10,2335,2380,2195,2195,2802987
005860,2019-05-13,2360,2390,2170,2170,2389734
005860,2019-05-14,2150,2245,2140,2170,1242138
005860,2019-05-15,2155,2205,2120,2195,939067
005860,2019-05-16,2170,2240,2100,2115,1052836
005860,2019-05-17,2150,2215,2120,2155,995331
005860,2019-05-20,2185,2185,2060,2065,987669
005860,2019-05-21,2085,2140,2065,2105,794149
005860,2019-05-22,2120,2265,2105,2135,2510918
005860,2019-05-23,2120,2130,2060,2085,839822
005860,2019-05-24,2075,2100,2000,2045,1026266
005860,2019-05-27,2150,2180,2045,2045,1119260
005860,2019-05-28,2040,2085,2025,2060,387688
005860,2019-05-29,2055,2125,2035,2035,1939485
005860,2019-05-30,2270,2335,2065,2100,5772770
005860,2019-05-31,2220,2280,2180,2210,4766554
005860,2019-06-03,2230,2260,2135,2190,2292123
005860,2019-06-04,2135,2150,2090,2130,1816923
005860,2019-06-05,2130,2285,2115,2180,3835273
005860,2019-06-07,2180,2225,2165,2190,848705
005860,2019-06-10,2210,2255,2165,2235,1528945
005860,2019-06-11,2260,2275,2210,2230,1206545
005860,2019-06-12,2250,2315,2225,2290,2888804
005860,2019-06-13,2270,2275,2210,2215,891110
005860,2019-06-14,2225,2230,2120,2135,1116317
005860,2019-06-17,2135,2135,2085,2105,459217
005860,2019-06-18,2115,2150,2095,2120,397887
005860,2019-06-19,2120,2155,2110,2145,380745
005860,2019-06-20,2150,2185,2125,2155,666082
005860,2019-06-21,2155,2195,2135,2190,841172
005860,2019-06-24,2185,2220,2145,2150,651804
005860,2019-06-25,2140,2145,2060,2065,685201
005860,2019-06-26,2060,2080,2005,2040,400509
005860,2019-06-27,2040,2065,1990,2000,422813
005860,2019-06-28,2000,2015,1955,2005,398726
005860,2019-07-01,2015,2035,2005,2025,277316
005860,2019-07-02,2020,2065,2000,2040,332625
005860,2019-07-03,2040,2040,1980,1985,331420
005860,2019-07-04,1975,1990,1915,1945,386121
005860,2019-07-05,1925,2110,1910,1980,832793
005860,2019-07-08,1970,1975,1865,1865,614991
005860,2019-07-09,1860,1910,1810,1835,454469
005860,2019-07-10,1830,1895,1815,1865,281664
005860,2019-07-11,1860,1915,1860,1915,226765
005860,2019-07-12,1915,1950,1885,1900,170069
005860,2019-07-15,1910,1920,1870,1880,159290
005860,2019-07-16,1880,1900,1860,1875,148970
005860,2019-07-17,1870,1890,1815,1835,264063
005860,2019-07-18,1915,1940,1850,1860,397377
005860,2019-07-19,1850,1965,1850,1920,881999
005860,2019-07-22,1895,1910,1875,1895,188045
005860,2019-07-23,1895,1930,1890,1900,262377
005860,2019-07-24,1890,1915,1840,1840,258216
005860,2019-07-25,1865,1865,1775,1775,347597
005860,2019-07-26,1775,1790,1675,1720,785160
005860,2019-07-29,1710,1710,1610,1610,480177
005860,2019-07-30,1585,1700,1585,1660,452299
005860,2019-07-31,1640,1695,1640,1670,182221
005860,2019-08-01,1655,1710,1655,1660,182089
005860,2019-08-02,1635,1690,1620,1670,205509
005860,2019-08-05,1665,1685,1530,1535,518901
005860,2019-08-06,1490,1635,1430,1600,813357
005860,2019-08-07,1560,1710,1560,1615,523248
005860,2019-08-08,1685,1700,1630,1655,557698
005860,2019-08-09,1660,1680,1640,1655,206580
005860,2019-08-12,1665,1750,1640,1690,532386
005860,2019-08-13,1665,1675,1650,1665,181361
005860,2019-08-14,1695,1735,1675,1695,380532
005860,2019-08-16,1675,1820,1650,1670,1005135
005860,2019-08-19,1680,1750,1680,1720,396714
005860,2019-08-20,1730,1765,1725,1745,153534
005860,2019-08-21,1740,1910,1730,1880,2797428
005860,2019-08-22,1835,1865,1790,1795,1398181
005860,2019-08-23,1790,1840,1745,1800,960932
005860,2019-08-26,1755,1810,1695,1720,968680
005860,2019-08-27,1745,1755,1705,1720,307093
005860,2019-08-28,1720,1745,1705,1735,214565
005860,2019-08-29,1730,1755,1720,1730,167344
005860,2019-08-30,1755,1805,1750,1765,448787
005860,2019-09-02,1775,1840,1765,1800,495851
005860,2019-09-03,1785,1810,1780,1795,226904
005860,2019-09-04,1790,1810,1780,1790,230751
005860,2019-09-05,1800,1820,1790,1805,331317
005860,2019-09-06,1825,1870,1795,1805,394244
005860,2019-09-09,1805,1850,1740,1745,1765274
005860,2019-09-10,1755,1770,1710,1755,429154
005860,2019-09-11,1765,1815,1760,1785,417060
005860,2019-09-16,1820,1940,1780,1890,3792251
005860,2019-09-17,2205,2390,2025,2330,25920569
005860,2019-09-18,2460,2650,2250,2250,16301847
005860,2019-09-19,2320,2540,2090,2200,13907859
005860,2019-09-20,2200,2380,2100,2280,10001784
005860,2019-09-23,2190,2220,2105,2110,2918318
005860,2019-09-24,2320,2350,2170,2245,4894513
005860,2019-09-25,2310,2915,2240,2760,45388813
005860,2019-09-26,2715,2820,2510,2650,18541894
005860,2019-09-27,2700,2750,2535,2585,9979336
005860,2019-09-30,2520,2545,2400,2440,6424863
005860,2019-10-01,2370,2370,2250,2300,4326487
005860,2019-10-02,2360,2405,2290,2335,5833321
005860,2019-10-04,2370,2390,2215,2245,2517234
005860,2019-10-07,2180,2200,2100,2165,1853053
005860,2019-10-08,2125,2175,2060,2085,1615241
005860,2019-10-10,2120,2155,1975,1990,2470465
005860,2019-10-11,1995,2065,1950,2035,1758749
005860,2019-10-14,2045,2080,2005,2020,1026321
005860,2019-10-15,2005,2065,2000,2045,760624
005860,2019-10-16,2035,2095,1995,2045,1803411
005860,2019-10-17,2025,2030,1970,1995,859169
005860,2019-10-18,1995,2035,1985,1990,654027
005860,2019-10-21,2010,2025,1970,1985,590642
005860,2019-10-22,1990,2000,1970,1985,471636
005860,2019-10-23,1980,2010,1925,1940,653929
005860,2019-10-24,1940,1970,1905,1960,475671
005860,2019-10-25,1995,2190,1915,1915,7101733
005860,2019-10-28,1920,1935,1885,1885,781082
005860,2019-10-29,1880,1925,1865,1920,684279
005860,2019-10-30,1910,1925,1885,1910,659574
005860,2019-10-31,1900,1925,1890,1900,466667
005860,2019-11-01,1890,1940,1890,1930,740589
005860,2019-11-04,1925,1965,1920,1950,627994
005860,2019-11-05,1960,1960,1925,1950,375122
005860,2019-11-06,1960,2030,1940,2030,1375093
005860,2019-11-07,2020,2040,1980,1980,719717
005860,2019-11-08,1980,2025,1975,2000,537906
005860,2019-11-11,1995,2010,1960,1990,487134
005860,2019-11-12,1990,2030,1990,2030,543755
005860,2019-11-13,2020,2035,1990,2020,661894
005860,2019-11-14,2020,2055,1990,2015,664838
005860,2019-11-15,2020,2030,2010,2025,342620
005860,2019-11-18,2025,2085,2010,2055,747622
005860,2019-11-19,2050,2060,1995,2035,467469
005860,2019-11-20,2025,2040,1960,1970,530095
005860,2019-11-21,1950,1990,1905,1905,486085
005860,2019-11-22,1905,1940,1900,1910,355600
005860,2019-11-25,1915,1965,1915,1945,194133
005860,2019-11-26,1960,2010,1960,2000,285624
005860,2019-11-27,2000,2015,1960,1965,295258
005860,2019-11-28,1975,2005,1940,1970,315429
005860,2019-11-29,1960,1985,1950,1960,202046
005860,2019-12-02,1950,2025,1925,1940,565051
005860,2019-12-03,1920,1945,1890,1930,296095
005860,2019-12-04,1925,1935,1900,1905,128953
005860,2019-12-05,1910,1930,1850,1855,449356
005860,2019-12-06,1850,1930,1850,1910,180302
005860,2019-12-09,1910,1945,1885,1915,153724
005860,2019-12-10,1920,1925,1895,1925,91445
005860,2019-12-11,1920,1940,1905,1905,138690
005860,2019-12-12,1925,1925,1895,1915,298760
005860,2019-12-13,1915,1945,1915,1935,188589
005860,2019-12-16,1940,1945,1900,1915,129269
005860,2019-12-17,1910,1920,1880,1890,297020
005860,2019-12-18,1890,1905,1880,1880,189322
005860,2019-12-19,1880,1905,1875,1880,135469
005860,2019-12-20,1895,1900,1870,1875,144606
005860,2019-12-23,1895,2080,1810,1810,6699797
005860,2019-12-24,1810,1830,1725,1725,867191
005860,2019-12-26,1720,1770,1720,1750,419269
005860,2019-12-27,1735,1800,1735,1795,337242
005860,2019-12-30,1810,1830,1805,1825,172637
005860,2020-01-02,1830,1865,1830,1855,299458
005860,2020-01-03,1850,1865,1830,1845,306113
005860,2020-01-06,1810,1830,1790,1790,330312
005860,2020-01-07,1795,1835,1795,1820,267206
005860,2020-01-08,1810,1815,1720,1730,584759
005860,2020-01-09,1770,1825,1770,1805,353644
005860,2020-01-10,1815,1860,1810,1855,317090
005860,2020-01-13,1895,1930,1850,1885,1049074
005860,2020-01-14,1895,1900,1850,1870,320365
005860,2020-01-15,1880,1915,1850,1910,472328
005860,2020-01-16,1900,1910,1870,1875,273955
005860,2020-01-17,1880,1905,1880,1900,331540
005860,2020-01-20,1900,1920,1875,1890,355883
005860,2020-01-21,1885,1920,1850,1855,357354
005860,2020-01-22,1845,1885,1845,1875,344437
005860,2020-01-23,1880,1895,1855,1865,146995
005860,2020-01-28,1850,1875,1790,1830,723812
005860,2020-01-29,1835,1850,1800,1815,332636
005860,2020-01-30,1810,1810,1745,1760,568008
005860,2020-01-31,1760,1790,1710,1710,399489
005860,2020-02-03,1685,1795,1665,1755,489324
005860,2020-02-04,1790,1805,1765,1790,237711
005860,2020-02-05,1790,1820,1790,1805,220376
005860,2020-02-06,1815,1820,1800,1805,158710
005860,2020-02-07,1810,1980,1770,1780,6031411
005860,2020-02-10,1780,1850,1765,1845,929816
005860,2020-02-11,1840,1845,1815,1820,336863
005860,2020-02-12,1830,1845,1815,1835,226494
005860,2020-02-13,1830,1875,1830,1835,431365
005860,2020-02-14,1845,1875,1835,1840,213477
005860,2020-02-17,1850,1865,1825,1840,206449
005860,2020-02-18,1820,1840,1810,1820,215293
005860,2020-02-19,1830,1845,1780,1825,248146
005860,2020-02-20,1820,1830,1785,1795,247549
005860,2020-02-21,1770,1795,1755,1755,352872
005860,2020-02-24,1700,1750,1660,1670,575049
005860,2020-02-25,1660,1740,1655,1740,305360
005860,2020-02-26,1705,1770,1705,1735,187351
005860,2020-02-27,1745,1765,1660,1675,492236
005860,2020-02-28,1670,1680,1600,1610,475616
005860,2020-03-02,1605,1670,1600,1650,222557
005860,2020-03-03,1680,1710,1660,1660,152740
005860,2020-03-04,1670,1695,1655,1690,166233
005860,2020-03-05,1710,1735,1700,1735,214096
005860,2020-03-06,1730,1730,1690,1700,160343
005860,2020-03-09,1690,1690,1610,1620,358496
005860,2020-03-10,1570,1605,1550,1600,411716
005860,2020-03-11,1600,1610,1530,1535,367379
005860,2020-03-12,1510,1530,1385,1405,830529
005860,2020-03-13,1255,1315,1125,1235,945451
005860,2020-03-16,1235,1315,1200,1200,510458
005860,2020-03-17,1050,1210,1050,1195,572508
005860,2020-03-18,1205,1260,1135,1135,291395
005860,2020-03-19,1135,1160,960,963,966552
005860,2020-03-20,960,1075,960,1070,486860
005860,2020-03-23,997,1025,971,1010,296137
005860,2020-03-24,1030,1070,1015,1060,362129
005860,2020-03-25,1125,1230,1100,1155,619114
005860,2020-03-26,1165,1260,1135,1220,707593
005860,2020-03-27,1250,1280,1190,1250,569811
005860,2020-03-30,1240,1415,1170,1400,2028695
005860,2020-03-31,1430,1710,1385,1545,8239300
005860,2020-04-01,1515,1615,1430,1435,1368693
005860,2020-04-02,1450,1690,1390,1500,3958430
005860,2020-04-03,1505,1540,1445,1465,801307
005860,2020-04-06,1505,1805,1505,1685,14717999
005860,2020-04-07,1695,1715,1590,1640,3274023
005860,2020-04-08,1635,1645,1575,1610,761683
005860,2020-04-09,1615,1745,1615,1660,2658665
005860,2020-04-10,1660,1690,1535,1620,1028914
005860,2020-04-13,1620,1770,1595,1765,5464637
005860,2020-04-14,1730,1770,1675,1720,2307714
005860,2020-04-16,1690,1790,1690,1770,1777912
005860,2020-04-17,1760,1785,1600,1695,1707892
005860,2020-04-20,1710,1735,1685,1710,848276
005860,2020-04-21,1705,1715,1580,1630,1806035
005860,2020-04-22,1625,1625,1570,1605,1467077
005860,2020-04-23,1615,1690,1610,1670,1148553
005860,2020-04-24,1700,1705,1600,1620,841258
005860,2020-04-27,1640,1665,1625,1655,457302
005860,2020-04-28,1665,1680,1625,1655,499123
005860,2020-04-29,1660,1735,1640,1665,2046263
005860,2020-05-04,1660,1740,1650,1690,2215351
005860,2020-05-06,1710,1820,1690,1750,3440033
005860,2020-05-07,1750,1760,1720,1730,864596
005860,2020-05-08,1740,1775,1740,1770,958164
005860,2020-05-11,1775,1780,1725,1725,753861
005860,2020-05-12,1720,1750,1690,1715,486277
005860,2020-05-13,1695,1730,1680,1725,452910
005860,2020-05-14,1710,1735,1690,1700,361665
005860,2020-05-15,1705,1735,1690,1735,447696
005860,2020-05-18,1755,1760,1725,1745,834697
005860,2020-05-19,1740,1780,1725,1755,901390
005860,2020-05-20,1760,1775,1745,1760,439917
005860,2020-05-21,1765,1790,1735,1790,762135
005860,2020-05-22,1805,1830,1730,1755,1600657
005860,2020-05-25,1775,1790,1725,1735,789417
005860,2020-05-26,1750,1770,1730,1750,846032
005860,2020-05-27,1745,1785,1740,1765,854096
005860,2020-05-28,1775,2185,1770,1865,44099457
005860,2020-05-29,1945,2085,1885,2010,16761158
005860,2020-06-01,2115,2165,1970,1985,10857455
005860,2020-06-02,2045,2110,2015,2085,10226089
005860,2020-06-03,2000,2060,1995,1995,2742964
005860,2020-06-04,2010,2080,1910,2010,4797038
005860,2020-06-05,1985,2045,1970,2000,1563382
005860,2020-06-08,2000,2015,1935,1935,941027
005860,2020-06-09,1935,1940,1875,1900,1267377
005860,2020-06-10,1895,1905,1855,1880,1133302
005860,2020-06-11,1875,1900,1840,1850,547229
005860,2020-06-12,1765,1820,1755,1790,898338
005860,2020-06-15,1785,1785,1620,1620,913248
005860,2020-06-16,1660,1765,1660,1735,646446
005860,2020-06-17,1720,1765,1665,1720,430876
005860,2020-06-18,1720,1745,1695,1720,271808
005860,2020-06-19,1750,1810,1705,1750,630479
005860,2020-06-22,1730,1825,1730,1760,683541
005860,2020-06-23,1760,1885,1750,1785,1979316
005860,2020-06-24,1800,1820,1750,1770,596612
005860,2020-06-25,1745,1765,1710,1750,500264
005860,2020-06-26,1760,1765,1725,1740,284287
005860,2020-06-29,1710,1765,1710,1710,272918
005860,2020-06-30,1770,1810,1730,1775,1461228
005860,2020-07-01,2070,2165,1805,1805,20110011
005860,2020-07-02,1835,1925,1825,1875,2980248
005860,2020-07-03,1900,1950,1835,1925,4001261
005860,2020-07-06,1900,1985,1870,1935,2807593
005860,2020-07-07,1930,1945,1865,1895,1036201
005860,2020-07-08,1890,1895,1855,1880,553829
005860,2020-07-09,1880,1940,1855,1895,1039184
005860,2020-07-10,1895,1895,1845,1845,730792
005860,2020-07-13,1860,1875,1825,1860,1223251
005860,2020-07-14,1850,1865,1820,1840,1437707
005860,2020-07-15,1860,1885,1845,1865,1012557
005860,2020-07-16,1870,1870,1825,1835,537672
005860,2020-07-17,1830,1865,1830,1860,514635
005860,2020-07-20,1860,1860,1785,1800,1124700
005860,2020-07-21,1810,1835,1790,1820,730714
005860,2020-07-22,1815,1850,1805,1805,665965
005860,2020-07-23,1845,1870,1805,1805,1069893
005860,2020-07-24,1800,1875,1780,1875,1311784
005860,2020-07-27,1905,1905,1845,1880,2439783
005860,2020-07-28,1880,1880,1835,1850,957701
005860,2020-07-29,1840,1880,1835,1850,775520
005860,2020-07-30,1850,1870,1845,1855,569565
005860,2020-07-31,1860,1865,1790,1805,1002718
005860,2020-08-03,1820,1820,1790,1800,453517
005860,2020-08-04,1810,1835,1795,1825,532649
005860,2020-08-05,1840,1845,1820,1830,445727
005860,2020-08-06,1830,1880,1825,1855,1635426
005860,2020-08-07,1855,1885,1835,1845,1279227
005860,2020-08-10,1850,1955,1845,1900,4384136
005860,2020-08-11,1895,1910,1850,1865,1004874
005860,2020-08-12,1865,1870,1805,1820,813321
005860,2020-08-13,1830,1835,1780,1810,731085
005860,2020-08-14,1795,1815,1770,1800,576562
005860,2020-08-18,1790,1805,1710,1710,720091
005860,2020-08-19,1715,1755,1715,1730,363967
005860,2020-08-20,1710,1740,1640,1665,709482
005860,2020-08-21,1675,1700,1645,1685,349635
005860,2020-08-24,1665,1700,1655,1700,212289
005860,2020-08-25,1705,1750,1705,1740,248293
005860,2020-08-26,1740,1775,1710,1750,513232
005860,2020-08-27,1760,1765,1710,1720,369491
005860,2020-08-28,1720,1750,1720,1730,171487
005860,2020-08-31,1740,1795,1740,1760,361493
005860,2020-09-01,1750,1770,1740,1755,175871
005860,2020-09-02,1760,1775,1745,1760,222087
005860,2020-09-03,1765,1780,1760,1760,181564
005860,2020-09-04,1715,1750,1695,1745,281421
005860,2020-09-07,1755,1775,1725,1770,267326
005860,2020-09-08,1760,1780,1750,1760,192805
005860,2020-09-09,1730,1755,1725,1740,287192
005860,2020-09-10,1755,1770,1745,1770,256447
005860,2020-09-11,1770,1790,1760,1780,303597
005860,2020-09-14,1770,1810,1770,1790,332940
005860,2020-09-15,1805,1805,1780,1795,237685
005860,2020-09-16,1800,1805,1775,1780,276028
005860,2020-09-17,1795,1795,1745,1755,208796
005860,2020-09-18,1755,1765,1720,1740,238585
005860,2020-09-21,1740,1750,1730,1740,239188
005860,2020-09-22,1735,1750,1715,1715,274058
005860,2020-09-23,1725,1745,1700,1725,196442
005860,2020-09-24,1695,1720,1690,1690,229644
005860,2020-09-25,1700,1720,1670,1685,242338
005860,2020-09-28,1690,1735,1690,1715,197526
005860,2020-09-29,1725,1745,1720,1725,181635
005860,2020-10-05,1725,1750,1720,1735,132660
005860,2020-10-06,1735,1760,1725,1735,150615
005860,2020-10-07,1730,1745,1725,1735,121539
005860,2020-10-08,1770,1770,1735,1735,116570
005860,2020-10-12,1825,1835,1760,1780,1091794
005860,2020-10-13,1795,1805,1760,1785,267646
005860,2020-10-14,1775,1795,1750,1760,171905
005860,2020-10-15,1755,1760,1730,1750,220432
005860,2020-10-16,1740,1760,1715,1725,161357
005860,2020-10-19,1740,1845,1740,1745,234694
005860,2020-10-20,1750,1750,1705,1740,218122
005860,2020-10-21,1745,1795,1730,1795,342675
005860,2020-10-22,1780,1830,1755,1790,765266
005860,2020-10-23,1795,1810,1770,1790,508093
005860,2020-10-26,1795,1800,1720,1730,259091
005860,2020-10-27,1710,1735,1705,1720,187788
005860,2020-10-28,1720,1735,1715,1735,159715
005860,2020-10-29,1710,1725,1695,1725,202681
005860,2020-10-30,1725,1730,1700,1705,130005
005860,2020-11-02,1705,1725,1705,1710,107179
005860,2020-11-03,1715,1745,1715,1735,123395
005860,2020-11-04,1735,1760,1725,1750,157028
005860,2020-11-05,1735,1775,1735,1750,269325
005860,2020-11-06,1755,1760,1740,1755,148764
005860,2020-11-09,1770,1895,1755,1860,4292774
005860,2020-11-10,1880,1895,1830,1845,1065701
005860,2020-11-11,1835,1855,1820,1845,541229
005860,2020-11-12,1840,1870,1815,1855,1105792
005860,2020-11-13,1880,1880,1830,1840,556498
005860,2020-11-16,1840,1890,1830,1855,1897046
005860,2020-11-17,1865,1870,1820,1830,363695
005860,2020-11-18,1830,1900,1810,1865,1290434
005860,2020-11-19,1850,1860,1825,1855,382816
005860,2020-11-20,1855,1870,1830,1865,569318
005860,2020-11-23,1865,1865,1840,1845,409086
005860,2020-11-24,1845,1855,1835,1850,325306
005860,2020-11-25,1850,1855,1770,1795,597881
005860,2020-11-26,1795,1815,1790,1810,126709
005860,2020-11-27,1820,1825,1800,1805,171775
005860,2020-11-30,1855,1875,1810,1815,633139
005860,2020-12-01,1805,1820,1805,1810,182053
005860,2020-12-02,1830,1860,1810,1850,612424
005860,2020-12-03,1855,1865,1820,1825,305580
005860,2020-12-04,1830,1840,1805,1820,264231
005860,2020-12-07,1830,1840,1805,1830,248293
005860,2020-12-08,1835,1845,1810,1820,350753
005860,2020-12-09,1820,1840,1820,1840,323042
005860,2020-12-10,1840,1845,1820,1830,261462
005860,2020-12-11,1835,1840,1810,1815,355904
005860,2020-12-14,1825,1830,1805,1820,249743
005860,2020-12-15,1820,1820,1785,1800,325513
005860,2020-12-16,1805,1810,1785,1795,204680
005860,2020-12-17,1790,1795,1755,1755,566312
005860,2020-12-18,1765,1780,1760,1775,196105
005860,2020-12-21,1775,1800,1760,1790,381618
005860,2020-12-22,1790,1790,1735,1750,454787
005860,2020-12-23,1755,1770,1715,1735,410310
005860,2020-12-24,1740,1750,1730,1745,142417
005860,2020-12-28,1755,1765,1735,1740,208540
005860,2020-12-29,1725,1755,1725,1740,121614
005860,2020-12-30,1740,1770,1740,1765,207334
005860,2021-01-04,1775,1785,1755,1785,304503
005860,2021-01-05,1785,1810,1770,1800,318861
005860,2021-01-06,1810,1830,1795,1825,581438
005860,2021-01-06,1810,1830,1795,1825,591896
005860,2021-01-07,1825,1850,1815,1825,441723
005860,2021-01-08,1835,1835,1760,1795,378050
005860,2021-01-08,1835,1835,1760,1795,379295
005860,2021-01-11,1805,1805,1735,1755,539959
005860,2021-01-11,1805,1805,1735,1755,560116
005860,2021-01-12,1755,1785,1720,1750,383283
005860,2021-01-13,1750,1785,1750,1760,181900
