Symbol,Date,Open,High,Low,Close,Volume
187790,2014-05-08,4253,4274,4130,4205,709907
187790,2014-05-09,4161,4182,4161,4173,152994
187790,2014-05-12,4173,4182,4161,4185,90885
187790,2014-05-13,4173,4182,4173,4173,100302
187790,2014-05-14,4142,4182,4142,4173,118138
187790,2014-05-15,4173,4193,4173,4185,70566
187790,2014-05-16,4173,4182,4173,4173,57468
187790,2014-05-19,4173,4182,4173,4173,45920
187790,2014-05-20,4173,4193,4173,4196,41249
187790,2014-05-21,4193,4193,4182,4185,17954
187790,2014-05-22,4193,4193,4182,4196,22816
187790,2014-05-23,4193,4253,4193,4236,54081
187790,2014-05-26,4253,4305,4204,4277,38176
187790,2014-05-27,4314,4314,4274,4299,35779
187790,2014-05-28,4314,4488,4314,4470,178753
187790,2014-05-29,4467,4467,4396,4399,36511
187790,2014-05-30,4445,4630,4445,4613,126055
187790,2014-06-02,4610,4721,4579,4653,90476
187790,2014-06-03,4610,4679,4579,4622,46879
187790,2014-06-05,4538,4650,4538,4582,18636
187790,2014-06-09,4579,4621,4547,4562,24791
187790,2014-06-10,4610,4621,4519,4602,68386
187790,2014-06-11,4559,4590,4519,4522,45310
187790,2014-06-12,4476,4519,4476,4502,16722
187790,2014-06-13,4488,4488,4456,4482,30378
187790,2014-06-16,4456,4456,4416,4460,33838
187790,2014-06-17,4439,4519,4439,4522,2416
187790,2014-06-18,4570,4570,4396,4482,16817
187790,2014-06-19,4427,4467,4416,4460,6379
187790,2014-06-20,4416,4519,4416,4510,36332
187790,2014-06-23,4439,4519,4439,4502,30004
187790,2014-06-24,4488,4488,4456,4482,1011
187790,2014-06-25,4476,4476,4445,4470,12767
187790,2014-06-26,4467,4488,4467,4482,17156
187790,2014-06-27,4476,4476,4476,4482,0
187790,2014-06-30,4497,4497,4456,4460,2260
187790,2014-07-01,4456,4456,4439,4451,1180
187790,2014-07-02,4439,4439,4356,4379,35918
187790,2014-07-03,4345,4387,4345,4388,34582
187790,2014-07-04,4365,4387,4324,4348,29674
187790,2014-07-07,4416,4416,4336,4337,36798
187790,2014-07-08,4336,4336,4314,4328,13422
187790,2014-07-09,4314,4356,4293,4357,16179
187790,2014-07-10,4336,4356,4336,4357,9485
187790,2014-07-11,4376,4376,4314,4337,26700
187790,2014-07-14,4336,4356,4305,4357,13247
187790,2014-07-15,4305,4324,4305,4319,12073
187790,2014-07-16,4345,4387,4305,4337,33728
187790,2014-07-17,4336,4439,4336,4388,14489
187790,2014-07-18,4387,4387,4336,4379,29501
187790,2014-07-21,4314,4336,4314,4337,22594
187790,2014-07-22,4314,4324,4314,4319,38658
187790,2014-07-23,4305,4336,4253,4308,91518
187790,2014-07-24,4284,4336,4253,4337,46159
187790,2014-07-25,4345,4376,4324,4379,39663
187790,2014-07-28,4284,4376,4274,4328,42875
187790,2014-07-29,4336,4345,4253,4319,101727
187790,2014-07-30,4314,4314,4274,4299,14674
187790,2014-07-31,4293,4305,4293,4308,7093
187790,2014-08-01,4314,4336,4314,4337,111
187790,2014-08-04,4293,4345,4274,4348,97808
187790,2014-08-05,4336,4336,4274,4337,12402
187790,2014-08-06,4324,4336,4314,4328,12306
187790,2014-08-07,4314,4336,4293,4337,4398
187790,2014-08-08,4274,4336,4274,4337,10350
187790,2014-08-11,4284,4336,4274,4337,11956
187790,2014-08-12,4284,4336,4262,4337,6063
187790,2014-08-13,4284,4336,4284,4337,17475
187790,2014-08-14,4336,4356,4336,4357,19263
187790,2014-08-18,4356,4356,4356,4357,1
187790,2014-08-19,4314,4356,4314,4357,2010
187790,2014-08-20,4293,4345,4293,4348,1001
187790,2014-08-21,4284,4345,4284,4308,5091
187790,2014-08-22,4324,4324,4324,4328,1
187790,2014-08-25,4284,4293,4284,4299,5918
187790,2014-08-26,4345,4345,4345,4348,10
187790,2014-08-27,4345,4345,4345,4348,250
187790,2014-08-28,4345,4345,4345,4348,0
187790,2014-08-29,4336,4336,4336,4337,0
187790,2014-09-01,4274,4314,4274,4319,1001
187790,2014-09-02,4305,4305,4305,4308,0
187790,2014-09-03,4242,4293,4242,4299,31695
187790,2014-09-04,4253,4293,4253,4299,2
187790,2014-09-05,4284,4284,4222,4277,9239
187790,2014-09-11,4274,4274,4204,4268,4359
187790,2014-09-12,4233,4274,4233,4277,22
187790,2014-09-15,4274,4274,4274,4277,0
187790,2014-09-16,4274,4305,4274,4308,3
187790,2014-09-17,4253,4253,4242,4247,2708
187790,2014-09-18,4314,4314,4222,4236,7826
187790,2014-09-19,4242,4284,4242,4268,3021
187790,2014-09-22,4262,4262,4253,4256,8000
187790,2014-09-23,4233,4262,4222,4268,15377
187790,2014-09-24,4233,4262,4213,4256,9913
187790,2014-09-25,4233,4253,4173,4256,36697
187790,2014-09-26,4253,4253,4213,4216,8386
187790,2014-09-29,4213,4305,4213,4308,383
187790,2014-09-30,4242,4242,4173,4225,23578
187790,2014-10-01,4242,4242,4173,4196,15350
187790,2014-10-02,4173,4213,4152,4196,42306
187790,2014-10-06,4130,4204,4090,4205,1544
187790,2014-10-07,4121,4213,4121,4216,26066
187790,2014-10-08,4376,4376,4111,4173,38683
187790,2014-10-10,4173,4213,4161,4216,15554
187790,2014-10-13,4130,4173,4121,4133,11601
187790,2014-10-14,4130,4233,4130,4185,7915
187790,2014-10-15,4142,4142,4121,4123,13073
187790,2014-10-16,4121,4173,4121,4173,13548
187790,2014-10-17,4204,4204,4130,4173,16569
187790,2014-10-20,4130,4173,4130,4173,20537
187790,2014-10-21,4222,4233,4173,4216,20337
187790,2014-10-22,4182,4253,4142,4142,20281
187790,2014-10-23,4182,4182,4152,4173,36656
187790,2014-10-24,4173,4253,4152,4256,18374
187790,2014-10-27,4274,4356,4242,4247,22514
187790,2014-10-28,4336,4356,4274,4337,11423
187790,2014-10-29,4274,4336,4253,4277,28128
187790,2014-10-30,4274,4293,4253,4299,2334
187790,2014-10-31,4284,4284,4253,4288,5541
187790,2014-11-03,4253,4293,4253,4288,5930
187790,2014-11-04,4274,4284,4233,4236,8689
187790,2014-11-05,4262,4376,4213,4328,15178
187790,2014-11-06,4324,4396,4284,4328,62516
187790,2014-11-07,4356,4439,4324,4419,138796
187790,2014-11-10,4476,4476,4356,4439,178123
187790,2014-11-11,0,0,0,4439,0
187790,2014-11-12,0,0,0,4439,0
187790,2014-11-13,0,0,0,4439,0
187790,2014-11-14,0,0,0,4439,0
187790,2014-11-17,0,0,0,4439,0
187790,2014-11-18,0,0,0,4439,0
187790,2014-11-19,0,0,0,4439,0
187790,2014-11-20,0,0,0,4439,0
187790,2014-11-21,0,0,0,4439,0
187790,2014-11-24,0,0,0,4439,0
187790,2014-11-25,0,0,0,4439,0
187790,2014-11-26,0,0,0,4439,0
187790,2014-11-27,0,0,0,4439,0
187790,2014-11-28,0,0,0,4439,0
187790,2014-12-01,0,0,0,4439,0
187790,2014-12-02,0,0,0,4439,0
187790,2014-12-03,0,0,0,4439,0
187790,2014-12-04,0,0,0,4439,0
187790,2014-12-05,0,0,0,4439,0
187790,2014-12-08,0,0,0,4439,0
187790,2014-12-09,0,0,0,4439,0
187790,2014-12-10,0,0,0,4439,0
187790,2014-12-11,0,0,0,4439,0
187790,2014-12-12,0,0,0,4439,0
187790,2014-12-15,0,0,0,4439,0
187790,2014-12-16,0,0,0,4439,0
187790,2014-12-17,0,0,0,4439,0
187790,2014-12-18,0,0,0,4439,0
187790,2014-12-19,0,0,0,4439,0
187790,2014-12-22,0,0,0,4439,0
187790,2014-12-23,0,0,0,4439,0
187790,2014-12-24,0,0,0,4439,0
187790,2014-12-26,0,0,0,4439,0
187790,2014-12-29,0,0,0,4439,0
187790,2014-12-30,0,0,0,4439,0
187790,2015-01-02,0,0,0,4439,0
187790,2015-01-05,0,0,0,4439,0
187790,2015-01-06,0,0,0,4439,0
187790,2015-01-07,0,0,0,4439,0
187790,2015-01-08,0,0,0,4439,0
187790,2015-01-09,4439,4439,4182,4296,334401
187790,2015-01-12,4274,4623,4222,4399,385144
187790,2015-01-13,4467,4479,4293,4388,306197
187790,2015-01-14,4314,4439,4314,4379,159836
187790,2015-01-15,4416,5023,4416,4718,863930
187790,2015-01-16,4715,5034,4601,4830,446573
187790,2015-01-19,4911,5393,4911,5057,351538
187790,2015-01-20,5137,5321,4889,5077,219334
187790,2015-01-21,5074,5156,4829,5057,228394
187790,2015-01-22,5054,5219,4991,5159,115000
187790,2015-01-23,5199,5444,5156,5323,178523
187790,2015-01-26,5321,5404,5228,5262,92334
187790,2015-01-27,5239,5279,5065,5211,84520
187790,2015-01-28,5199,5228,5043,5211,70304
187790,2015-01-29,5425,5425,5188,5189,207906
187790,2015-01-30,5270,5321,5147,5323,141198
187790,2015-02-02,5321,6040,5321,5961,327508
187790,2015-02-03,6020,6852,6020,6619,522787
187790,2015-02-04,7501,7501,6729,7359,300483
187790,2015-02-05,7553,7767,6986,7050,273115
187790,2015-02-06,7048,7140,6883,6906,101359
187790,2015-02-09,6863,7562,6863,7513,127643
187790,2015-02-10,7684,8180,7316,7503,133729
187790,2015-02-11,7501,7727,7253,7462,56936
187790,2015-02-12,7604,7604,7109,7163,78433
187790,2015-02-13,7151,7572,7140,7388,55769
187790,2015-02-16,7131,7408,7131,7194,82302
187790,2015-02-17,7778,7778,7151,7194,26577
187790,2015-02-23,7191,7202,6678,6762,136643
187790,2015-02-24,6874,6883,6350,6414,106872
187790,2015-02-25,6411,6576,6165,6505,102665
187790,2015-02-26,6658,6750,6544,6670,23329
187790,2015-02-27,6946,6946,6513,6784,53326
187790,2015-03-02,7048,7109,6698,6812,63015
187790,2015-03-03,7069,7069,6709,6812,18644
187790,2015-03-04,6812,6812,6544,6628,42278
187790,2015-03-05,6482,6781,6482,6722,25019
187790,2015-03-06,6843,6852,6513,6722,63532
187790,2015-03-09,6638,6832,6638,6784,37597
187790,2015-03-10,6781,6781,6576,6588,49950
187790,2015-03-11,6555,6607,6402,6402,74151
187790,2015-03-12,6350,6781,6350,6784,85004
187790,2015-03-13,6791,7305,6595,6886,116551
187790,2015-03-16,6883,6903,6627,6639,36552
187790,2015-03-17,6914,6914,6533,6619,61608
187790,2015-03-18,6843,6843,6544,6607,114083
187790,2015-03-19,6576,6894,6576,6753,149104
187790,2015-03-20,6760,7305,6750,6989,130143
187790,2015-03-23,6986,8034,6986,7830,209004
187790,2015-03-24,7829,8271,7644,7841,196811
187790,2015-03-25,7849,8180,7624,7995,118486
187790,2015-03-26,7994,8189,7809,7935,61872
187790,2015-03-27,8015,8015,7624,7687,44991
187790,2015-03-30,7684,7942,7613,7779,84645
187790,2015-03-31,7994,7994,7396,7708,45364
187790,2015-04-01,7396,7829,7396,7605,19697
187790,2015-04-02,7593,7767,7284,7439,38021
187790,2015-04-03,7510,7675,7213,7605,34457
187790,2015-04-06,7531,7789,7531,7727,32938
187790,2015-04-07,7655,7778,7501,7708,34834
187790,2015-04-08,7624,7706,7501,7585,27399
187790,2015-04-09,7581,7581,7213,7305,82051
187790,2015-04-10,7160,7367,6821,7092,83662
187790,2015-04-13,6595,7069,6411,6588,415388
187790,2015-04-14,6421,6760,6421,6619,90431
187790,2015-04-15,6586,6781,6564,6659,49527
187790,2015-04-16,6718,6718,6430,6659,97846
187790,2015-04-17,6616,6698,6576,6639,41993
187790,2015-04-20,6586,6874,6533,6772,81464
187790,2015-04-21,6955,7746,6741,7092,111773
187790,2015-04-22,7088,7396,6729,6989,70223
187790,2015-04-23,7572,7727,6781,6958,80678
187790,2015-04-24,6894,6935,6709,6812,41855
187790,2015-04-27,6781,6781,6576,6650,45781
187790,2015-04-28,6769,6914,6555,6784,50821
187790,2015-04-29,6781,7798,6658,7801,615872
187790,2015-04-30,7151,7151,6638,6639,1444831
187790,2015-05-04,5835,6328,5835,6043,986193
187790,2015-05-06,5937,6154,5783,5826,369864
187790,2015-05-07,5649,6319,5649,6074,457945
187790,2015-05-08,6000,6576,6000,6311,684602
187790,2015-05-11,6205,6430,6114,6260,220874
187790,2015-05-12,6245,6533,6236,6371,474043
187790,2015-05-13,6370,6576,6298,6391,522602
187790,2015-05-14,6453,6453,6114,6186,238572
187790,2015-05-15,6205,6298,6114,6228,181159
187790,2015-05-18,6165,6298,6123,6217,199155
187790,2015-05-19,6154,7140,6142,6548,1736728
187790,2015-05-20,6595,6781,6586,6732,406969
187790,2015-05-21,6781,7057,6524,6772,316143
187790,2015-05-22,6678,6874,6678,6710,177677
187790,2015-05-26,6781,6781,6504,6659,142119
187790,2015-05-27,6576,6658,6430,6567,147549
187790,2015-05-28,6564,6678,6473,6576,89772
187790,2015-05-29,6390,6533,6236,6260,179211
187790,2015-06-01,6276,6638,6123,6465,147995
187790,2015-06-02,6245,6453,6245,6434,103425
187790,2015-06-03,6276,6576,6165,6279,205632
187790,2015-06-04,6245,6442,6123,6260,139222
187790,2015-06-05,6174,6370,6174,6248,124955
187790,2015-06-08,6185,6453,6185,6402,265155
187790,2015-06-09,6442,6874,6390,6753,236576
187790,2015-06-10,6760,6760,6370,6732,220744
187790,2015-06-11,6729,7284,6627,6784,496841
187790,2015-06-12,6718,6946,6718,6864,111513
187790,2015-06-15,6977,6977,6453,6536,172705
187790,2015-06-16,6402,6576,6288,6311,106317
187790,2015-06-17,6370,6370,6174,6288,79996
187790,2015-06-18,6328,6359,6165,6319,96215
187790,2015-06-19,6319,6709,6205,6576,171040
187790,2015-06-22,6741,6741,6430,6741,97582
187790,2015-06-23,6678,6903,6678,6784,121898
187790,2015-06-24,6781,6832,6564,6741,82227
187790,2015-06-25,6205,6430,5835,6269,2061951
187790,2015-06-26,6288,6379,6236,6269,162889
187790,2015-06-29,6267,6319,6083,6228,325102
187790,2015-06-30,6205,6205,6133,6146,100030
187790,2015-07-01,6205,6267,6102,6208,149187
187790,2015-07-02,6245,6493,6185,6402,241469
187790,2015-07-03,6544,6741,6328,6710,542685
187790,2015-07-06,6524,6821,6513,6679,558969
187790,2015-07-07,6769,6769,6288,6414,164326
187790,2015-07-08,6379,6607,6225,6371,162035
187790,2015-07-09,6276,6493,6205,6351,435239
187790,2015-07-10,6430,6544,6267,6362,466070
187790,2015-07-13,6390,6473,6328,6414,214258
187790,2015-07-14,6411,6524,6328,6434,262758
187790,2015-07-15,6555,7396,6390,6496,1752597
187790,2015-07-16,6576,6586,6276,6485,424450
187790,2015-07-17,6504,6658,6339,6576,411094
187790,2015-07-20,6576,6595,6390,6557,422933
187790,2015-07-21,6555,6555,6370,6445,176278
187790,2015-07-22,6430,6482,6339,6340,159551
187790,2015-07-23,6350,6473,6339,6474,103516
187790,2015-07-24,6473,6513,6390,6445,112058
187790,2015-07-27,6430,6504,6288,6402,163241
187790,2015-07-28,6328,6430,6194,6237,236719
187790,2015-07-29,6411,6411,6225,6288,82818
187790,2015-07-30,6288,6288,5887,6166,344451
187790,2015-07-31,6142,6165,5878,6114,55834
187790,2015-08-03,5958,6083,5887,5961,63587
187790,2015-08-04,5845,6020,5845,6001,39698
187790,2015-08-05,6000,6000,5866,5961,42817
187790,2015-08-06,5958,6062,5949,5961,27232
187790,2015-08-07,5958,5958,5826,5949,66407
187790,2015-08-10,5878,5937,5866,5921,18598
187790,2015-08-11,5918,5918,5609,5673,186841
187790,2015-08-12,5670,5670,5074,5447,336814
187790,2015-08-13,5342,5353,5137,5159,125279
187790,2015-08-17,5259,5331,5137,5137,83422
187790,2015-08-18,5177,5609,5147,5416,299870
187790,2015-08-19,5476,6544,5321,5653,1006929
187790,2015-08-20,5795,5878,5538,5581,157325
187790,2015-08-21,5547,5814,5208,5242,179074
187790,2015-08-24,4726,5353,4726,5334,179391
187790,2015-08-25,5321,5640,5125,5231,142461
187790,2015-08-26,5199,5527,5125,5508,224791
187790,2015-08-27,5701,5878,5640,5724,152516
187790,2015-08-28,5609,5723,5425,5508,129627
187790,2015-08-31,5609,5630,5321,5354,103797
187790,2015-09-01,5239,5239,4623,4789,1141703
187790,2015-09-02,4786,4838,4572,4644,250467
187790,2015-09-03,4818,5023,4623,4687,341587
187790,2015-09-04,4694,4786,4550,4644,150740
187790,2015-09-07,4632,4644,4467,4593,160590
187790,2015-09-08,4623,4703,4305,4317,214961
187790,2015-09-09,4376,4663,4057,4439,562844
187790,2015-09-10,4439,4601,4314,4460,183149
187790,2015-09-11,4581,4644,4416,4593,158279
187790,2015-09-14,4592,4786,4458,4604,122675
187790,2015-09-15,4703,4715,4530,4604,118038
187790,2015-09-16,4684,4766,4592,4675,39887
187790,2015-09-17,4675,4766,4623,4696,71976
187790,2015-09-18,4715,5085,4663,4984,228893
187790,2015-09-21,4991,5043,4838,4923,71976
187790,2015-09-22,5034,5034,4829,5015,68238
187790,2015-09-23,5023,5074,4849,4975,88514
187790,2015-09-24,5116,6328,5074,5345,1750169
187790,2015-09-25,5404,5958,5279,5425,564322
187790,2015-09-30,5362,5425,5125,5159,305454
187790,2015-10-01,5156,5321,5043,5262,160899
187790,2015-10-02,5279,5444,5147,5168,170504
187790,2015-10-05,5228,5270,5054,5262,107125
187790,2015-10-06,5219,5311,5074,5271,227579
187790,2015-10-07,5279,5331,5125,5334,148569
187790,2015-10-08,5342,5866,5302,5302,557569
187790,2015-10-12,5228,5404,5219,5271,87012
187790,2015-10-13,5444,5444,5116,5220,156180
187790,2015-10-14,5279,5918,5219,5539,567359
187790,2015-10-15,5465,6062,5465,6052,537920
187790,2015-10-16,6154,6627,6083,6311,1523027
187790,2015-10-19,6379,6390,6154,6371,331636
187790,2015-10-20,6473,6513,6011,6391,639394
187790,2015-10-21,6504,6504,6216,6269,247559
187790,2015-10-22,6185,6267,5835,5961,463218
187790,2015-10-23,6000,6020,5681,5704,215727
187790,2015-10-26,5618,5937,5507,5519,318535
187790,2015-10-27,5507,5547,5199,5220,403366
187790,2015-10-28,5085,5208,4829,5086,816847
187790,2015-10-29,5034,5177,4991,5006,159602
187790,2015-10-30,4963,5003,4755,4769,385329
187790,2015-11-02,4766,5003,4766,4850,156482
187790,2015-11-03,4809,5228,4798,5097,207927
187790,2015-11-04,5199,5199,4991,5015,119026
187790,2015-11-05,5116,5116,4849,4975,157944
187790,2015-11-06,5014,5393,4777,5128,238390
187790,2015-11-09,5034,5074,4541,4635,434872
187790,2015-11-10,4632,5302,4550,4954,490439
187790,2015-11-11,4951,5147,4684,4892,305819
187790,2015-11-12,4963,4963,4663,4810,186940
187790,2015-11-13,4703,4726,4623,4707,114840
187790,2015-11-16,4356,4746,4356,4604,89289
187790,2015-11-17,4521,4694,4479,4584,150434
187790,2015-11-18,4581,4581,4387,4542,196230
187790,2015-11-19,4510,4561,4427,4522,71759
187790,2015-11-20,4601,4601,4479,4533,48817
187790,2015-11-23,4592,4726,4510,4593,58208
187790,2015-11-24,4592,4735,4592,4644,70393
187790,2015-11-25,4694,4694,4541,4635,66206
187790,2015-11-26,4601,4694,4521,4687,106642
187790,2015-11-27,4694,4766,4653,4727,103793
187790,2015-11-30,4755,4755,4644,4727,123182
187790,2015-12-01,4694,4715,4521,4522,151676
187790,2015-12-02,4541,4644,4498,4584,61176
187790,2015-12-03,4632,4632,4427,4470,80143
187790,2015-12-04,4479,4561,4416,4451,53226
187790,2015-12-07,4489,4489,4293,4317,111107
187790,2015-12-08,4314,4314,4068,4100,268944
187790,2015-12-09,4099,4170,3883,3884,199986
187790,2015-12-10,3658,3863,3370,3442,705729
187790,2015-12-11,3441,3934,3370,3670,377458
187790,2015-12-14,3667,3840,3533,3721,96645
187790,2015-12-15,3698,3729,3512,3567,129090
187790,2015-12-16,3564,3595,3390,3453,169413
187790,2015-12-17,3524,3552,3399,3524,112233
187790,2015-12-18,3450,3533,3410,3536,88194
187790,2015-12-21,3502,3524,3421,3524,134344
187790,2015-12-22,3575,3769,3502,3670,172601
187790,2015-12-23,3595,3800,3584,3729,175345
187790,2015-12-24,3760,3781,3606,3729,70121
187790,2015-12-28,3729,3729,3533,3545,98469
187790,2015-12-29,3502,3626,3502,3545,45928
187790,2015-12-30,3552,3677,3533,3587,49702
187790,2016-01-04,3698,4274,3667,3833,906474
187790,2016-01-05,3812,3894,3658,3721,657361
187790,2016-01-06,3852,3996,3749,3986,684220
187790,2016-01-07,3986,4005,3800,3884,266991
187790,2016-01-08,3883,3934,3749,3935,174152
187790,2016-01-11,3954,3954,3800,3803,93510
187790,2016-01-12,3883,3914,3717,3793,103941
187790,2016-01-13,3781,3903,3729,3729,109409
187790,2016-01-14,3708,3760,3575,3576,184131
187790,2016-01-15,3646,3658,3502,3536,187096
187790,2016-01-18,3677,3677,3347,3371,255031
187790,2016-01-19,3410,3615,3347,3382,337478
187790,2016-01-20,3441,3450,3162,3186,220100
187790,2016-01-21,3122,3288,3082,3165,138501
187790,2016-01-22,3142,3297,3142,3206,63881
187790,2016-01-25,3205,3379,3205,3248,92678
187790,2016-01-26,3256,3347,3214,3319,68469
187790,2016-01-27,3370,3379,3276,3309,51907
187790,2016-01-28,3288,3288,3122,3206,209212
187790,2016-01-29,3184,3236,3122,3177,103178
187790,2016-02-01,3236,3288,3102,3196,201723
187790,2016-02-02,3677,3677,3184,3217,1358850
187790,2016-02-03,3236,3245,3091,3114,233956
187790,2016-02-04,3122,3319,3091,3186,439616
187790,2016-02-05,3162,3236,3142,3177,180118
187790,2016-02-11,3091,3122,3031,3043,173243
187790,2016-02-12,2977,3040,2783,2795,449621
187790,2016-02-15,2814,2937,2772,2835,114049
187790,2016-02-16,2875,2988,2835,2857,168186
187790,2016-02-17,2875,2937,2670,2807,383465
187790,2016-02-18,2823,2854,2701,2784,372296
187790,2016-02-19,2743,2835,2743,2784,77135
187790,2016-02-22,2772,2948,2743,2816,222629
187790,2016-02-23,2875,3533,2875,2991,5393899
187790,2016-02-24,3040,3122,2957,2960,1006547
187790,2016-02-25,3000,3031,2906,2909,495885
187790,2016-02-26,2906,2968,2875,2949,331393
187790,2016-02-29,2988,3698,2957,3300,11344623
187790,2016-03-02,3184,3575,3184,3391,2842526
187790,2016-03-03,3399,3472,3307,3351,880670
187790,2016-03-04,3338,3965,3319,3545,5197717
187790,2016-03-07,3533,3738,3493,3536,1249476
187790,2016-03-08,3533,3575,3370,3422,754390
187790,2016-03-09,3421,3502,3421,3465,306003
187790,2016-03-10,3472,3626,3472,3515,626235
187790,2016-03-11,3524,3564,3461,3524,319948
187790,2016-03-14,3543,3552,3472,3515,253256
187790,2016-03-15,3533,3717,3481,3524,618344
187790,2016-03-16,3512,3552,3399,3433,380466
187790,2016-03-17,3399,3481,3379,3433,219964
187790,2016-03-18,3533,3552,3450,3524,242637
187790,2016-03-21,3552,3552,3461,3536,205088
187790,2016-03-22,3533,3543,3461,3505,176818
187790,2016-03-23,3493,3717,3461,3638,775797
187790,2016-03-24,3606,3635,3543,3545,285918
187790,2016-03-25,3584,3584,3493,3493,200588
187790,2016-03-28,3512,3543,3461,3484,172912
187790,2016-03-29,3502,3552,3472,3515,178417
187790,2016-03-30,3552,3552,3430,3484,221795
187790,2016-03-31,3595,4407,3584,4060,13931372
187790,2016-04-01,4017,4170,3738,3855,3522088
187790,2016-04-04,3883,4242,3821,4091,4125958
187790,2016-04-05,4088,4427,4037,4265,3843330
187790,2016-04-06,4262,4274,4139,4182,807214
187790,2016-04-07,4222,4222,3965,3998,898607
187790,2016-04-08,3996,4293,3883,4100,1609704
187790,2016-04-11,4160,4210,4026,4029,420805
187790,2016-04-12,4026,4182,3974,4100,461399
187790,2016-04-14,4108,4345,4099,4132,671187
187790,2016-04-15,4108,4182,4026,4049,340221
187790,2016-04-18,4068,4068,3986,3986,280358
187790,2016-04-19,3996,4068,3946,3986,227580
187790,2016-04-20,3986,4048,3903,3915,292925
187790,2016-04-21,3914,4005,3831,3915,318670
187790,2016-04-22,3965,3996,3894,3895,198147
187790,2016-04-25,3903,3986,3883,3958,202986
187790,2016-04-26,3986,4242,3965,4111,1186842
187790,2016-04-27,4119,4119,4037,4040,277521
187790,2016-04-28,4088,4387,4048,4245,1854272
187790,2016-04-29,4170,4262,4119,4203,363380
187790,2016-05-02,4191,4222,4048,4060,305781
187790,2016-05-03,4037,4088,3923,3986,359379
187790,2016-05-04,3946,4017,3934,3967,184386
187790,2016-05-09,3934,4057,3934,4049,102109
187790,2016-05-10,4057,4201,3954,4120,292246
187790,2016-05-11,4170,4210,4099,4151,311808
187790,2016-05-12,4170,4242,4088,4120,186833
187790,2016-05-13,4170,4170,4026,4080,185010
187790,2016-05-16,4077,4099,3986,4069,132151
187790,2016-05-17,4128,4128,4017,4080,142324
187790,2016-05-18,4099,4108,3903,3986,247652
187790,2016-05-19,3934,3965,3840,3855,189744
187790,2016-05-20,3790,3946,3698,3812,186843
187790,2016-05-23,3821,3934,3800,3864,101098
187790,2016-05-24,3863,3965,3760,3781,196626
187790,2016-05-25,3760,3852,3595,3618,282787
187790,2016-05-26,3606,3708,3595,3627,177859
187790,2016-05-27,3584,3738,3584,3698,102604
187790,2016-05-30,3760,3790,3698,3729,97319
187790,2016-05-31,3729,4838,3708,4408,13598078
187790,2016-06-01,4818,5723,4726,4995,21590330
187790,2016-06-02,5137,5270,4798,5057,5232252
187790,2016-06-03,5547,6051,4941,4995,9686140
187790,2016-06-07,4889,5054,4601,5057,2695756
187790,2016-06-08,5085,5866,4951,5262,8473533
187790,2016-06-09,5239,5425,5085,5314,2089807
187790,2016-06-10,5353,5743,5239,5437,4108823
187790,2016-06-13,5476,5590,5219,5345,2020463
187790,2016-06-14,5228,5527,4932,4932,2959413
187790,2016-06-15,4900,4951,4663,4727,1401053
187790,2016-06-16,4694,4766,4498,4613,1109700
187790,2016-06-17,4612,4809,4458,4584,1598173
187790,2016-06-20,4623,4746,4572,4666,544779
187790,2016-06-21,4726,4735,4510,4553,734347
187790,2016-06-22,4521,4644,4407,4470,640667
187790,2016-06-23,4439,4521,4314,4379,606362
187790,2016-06-24,4416,4427,3903,4049,928129
187790,2016-06-27,3934,4191,3914,4142,594393
187790,2016-06-28,4128,4387,4077,4337,554856
187790,2016-06-29,4396,4427,4305,4305,510229
187790,2016-06-30,4521,5590,4489,5590,22061383
187790,2016-07-01,5804,6020,5342,5581,14488877
187790,2016-07-04,5599,5752,5487,5713,4950633
187790,2016-07-05,5712,5774,5444,5530,2907739
187790,2016-07-06,5465,5640,5342,5385,1556192
187790,2016-07-07,5435,5567,5373,5416,1396051
187790,2016-07-08,5444,5558,5199,5251,1227045
187790,2016-07-11,5290,5321,5014,5077,909513
187790,2016-07-12,5097,5168,4920,5168,767202
187790,2016-07-13,5137,5321,5054,5066,718949
187790,2016-07-14,5014,5054,4889,4984,537798
187790,2016-07-15,4982,5014,4900,4901,391824
187790,2016-07-18,4920,4932,4746,4778,403094
187790,2016-07-19,4766,5003,4684,4718,1163972
187790,2016-07-20,4777,4829,4694,4769,489812
187790,2016-07-21,4869,5085,4818,4975,1017366
187790,2016-07-22,4972,5085,4849,4995,697745
187790,2016-07-25,5116,5125,4932,5066,668821
187790,2016-07-26,5054,5054,4900,4932,340194
187790,2016-07-27,4941,4972,4735,4738,428152
187790,2016-07-28,4860,4860,4694,4747,243787
187790,2016-07-29,4777,4932,4703,4892,494995
187790,2016-08-01,4932,5014,4869,4975,427220
187790,2016-08-02,4972,5342,4869,5097,2237783
187790,2016-08-03,5137,5547,5014,5550,3427681
187790,2016-08-04,5681,5712,5425,5581,2252389
187790,2016-08-05,5547,5661,5259,5397,1853435
187790,2016-08-08,5476,5476,5034,5035,1087397
187790,2016-08-09,4941,5106,4911,4944,536438
187790,2016-08-10,4941,5003,4860,4944,450444
187790,2016-08-11,5003,5239,4941,5149,524029
187790,2016-08-12,5239,5270,5097,5211,515835
187790,2016-08-16,5199,5239,4726,4821,962387
187790,2016-08-17,4798,4809,4601,4675,937549
187790,2016-08-18,4715,4920,4694,4789,495941
187790,2016-08-19,4798,4818,4715,4769,222598
187790,2016-08-22,4809,4829,4684,4758,225810
187790,2016-08-23,4726,4809,4684,4718,183155
187790,2016-08-24,4684,4755,4632,4644,187436
187790,2016-08-25,4675,4798,4561,4656,193196
187790,2016-08-26,4623,4653,4510,4604,356807
187790,2016-08-29,4541,4601,4365,4368,259534
187790,2016-08-30,4356,4703,3946,4553,688506
187790,2016-08-31,4550,4653,4458,4491,146625
187790,2016-09-01,4489,4644,4458,4644,284392
187790,2016-09-02,4644,4746,4561,4625,344214
187790,2016-09-05,4726,4746,4623,4625,154223
187790,2016-09-06,4694,4755,4572,4666,240417
187790,2016-09-07,4735,4818,4561,4562,272311
187790,2016-09-08,4572,4572,4233,4357,405636
187790,2016-09-09,4407,4407,4160,4305,273106
187790,2016-09-12,4170,4253,4151,4245,196982
187790,2016-09-13,4222,4407,4222,4337,97422
187790,2016-09-19,4345,4416,4274,4337,120977
187790,2016-09-20,4387,4407,4284,4368,103135
187790,2016-09-21,4336,4396,4305,4368,125208
187790,2016-09-22,4376,4407,4314,4388,139073
187790,2016-09-23,4387,4439,4305,4326,142517
187790,2016-09-26,4305,5208,4293,5211,4783795
187790,2016-09-27,5618,5783,4972,5189,10859318
187790,2016-09-28,5250,5547,5188,5189,3668853
187790,2016-09-29,5270,5393,5034,5128,1565796
187790,2016-09-30,5034,5085,4849,4975,905263
187790,2016-10-04,5239,6462,5199,6465,25536341
187790,2016-10-05,6607,6760,6225,6639,20581436
187790,2016-10-06,6319,6698,6185,6607,7878367
187790,2016-10-07,6658,6914,6083,6135,5800007
187790,2016-10-10,5846,6402,5804,6340,2984295
187790,2016-10-11,6225,6638,6083,6496,2753174
187790,2016-10-12,6402,6718,6379,6557,2894657
187790,2016-10-13,6555,6678,6307,6402,1453263
187790,2016-10-14,6430,6935,6359,6732,4147653
187790,2016-10-17,6729,7243,6627,6628,4006242
187790,2016-10-18,6627,6718,6379,6434,1239918
187790,2016-10-19,6473,6564,6267,6474,767385
187790,2016-10-20,6430,6555,6257,6331,627371
187790,2016-10-21,6225,6298,5661,5755,2846852
187790,2016-10-24,5763,5969,5435,5519,1818390
187790,2016-10-25,5547,5937,5487,5550,2586350
187790,2016-10-26,5547,6040,5228,5744,1783808
187790,2016-10-27,5681,5937,5661,5795,951904
187790,2016-10-28,5795,6000,5732,5858,1020608
187790,2016-10-31,5918,6114,5826,6052,1217878
187790,2016-11-01,6051,6174,5906,6177,960998
187790,2016-11-02,6000,6031,5487,5550,1219763
187790,2016-11-03,5456,5958,5239,5477,1325553
187790,2016-11-04,5547,5649,5085,5220,1874959
187790,2016-11-07,5219,5538,5188,5354,1097610
187790,2016-11-08,5385,5444,5311,5425,409806
187790,2016-11-09,5342,5425,4479,4850,1823408
187790,2016-11-10,4932,5106,4900,4984,937225
187790,2016-11-11,4963,5342,4963,5137,1160189
187790,2016-11-14,5065,5147,4941,4963,585609
187790,2016-11-15,4963,5116,4755,4810,488303
187790,2016-11-16,4838,4963,4798,4850,331701
187790,2016-11-17,4951,5259,4849,5057,1223412
187790,2016-11-18,5156,5199,4911,4913,518873
187790,2016-11-21,4932,4932,4601,4656,668238
187790,2016-11-22,4684,4849,4479,4510,650777
187790,2016-11-23,4601,4623,4324,4439,556547
187790,2016-11-24,4448,4623,4262,4317,404770
187790,2016-11-25,3347,3626,3142,3515,4147138
187790,2016-11-28,3575,3584,3297,3300,1260456
187790,2016-11-29,3297,3512,3288,3411,1654571
187790,2016-11-30,3390,3524,3359,3484,532621
187790,2016-12-01,3421,3450,3370,3402,408595
187790,2016-12-02,3399,3410,3265,3288,582799
187790,2016-12-05,3225,3276,3162,3217,456446
187790,2016-12-06,3245,3379,3225,3288,345833
187790,2016-12-07,3347,3677,3184,3186,1815035
187790,2016-12-08,3122,3173,3019,3123,1130693
187790,2016-12-09,3122,3245,2988,3206,1053461
187790,2016-12-12,3205,3328,3142,3288,728560
187790,2016-12-13,3347,3347,3214,3288,418506
187790,2016-12-14,3328,3552,3276,3300,1528471
187790,2016-12-15,3307,3450,3288,3433,821521
187790,2016-12-16,3450,4439,3441,3762,18278714
187790,2016-12-19,3821,4479,3760,4111,9215732
187790,2016-12-20,4201,5065,4128,4625,16347563
187790,2016-12-21,4786,4786,4274,4379,3713730
187790,2016-12-22,4396,4396,4037,4182,4436994
187790,2016-12-23,4327,4941,4293,4417,9027356
187790,2016-12-26,4461,4996,4160,4495,6548191
187790,2016-12-27,4494,4751,4405,4406,1683755
187790,2016-12-28,4639,4639,4394,4417,803554
187790,2016-12-29,4516,4516,4259,4283,863861
187790,2017-01-02,4416,4416,4004,4127,1168739
187790,2017-01-03,4204,4427,4115,4305,1125238
187790,2017-01-04,4316,4516,4237,4362,1382601
187790,2017-01-05,4449,4494,4305,4372,856136
187790,2017-01-06,4382,4416,4293,4350,531024
187790,2017-01-09,4349,4405,4237,4395,605683
187790,2017-01-10,4394,4405,4259,4272,448144
187790,2017-01-11,4182,4237,4048,4060,1030402
187790,2017-01-12,4059,4148,3981,4071,606658
187790,2017-01-13,4070,4103,4004,4038,363899
187790,2017-01-16,4026,4103,3937,4071,510190
187790,2017-01-17,4081,4416,4037,4216,1711349
187790,2017-01-18,4237,4249,4126,4216,418592
187790,2017-01-19,4249,4259,4137,4149,340107
187790,2017-01-20,4126,4148,3937,3937,603333
187790,2017-01-23,3836,3914,3658,3670,701647
187790,2017-01-24,3668,3880,3613,3658,581583
187790,2017-01-25,3680,3781,3568,3569,262293
187790,2017-01-26,3591,3736,3568,3703,323955
187790,2017-01-31,3758,3769,3646,3658,236776
187790,2017-02-01,3680,3959,3680,3848,1014381
187790,2017-02-02,3613,3892,3579,3714,933482
187790,2017-02-03,3713,3769,3591,3636,360576
187790,2017-02-06,3635,3713,3557,3614,240729
187790,2017-02-07,3601,3613,3512,3569,352066
187790,2017-02-08,3613,3635,3457,3480,412585
187790,2017-02-09,3479,3557,3390,3547,340833
187790,2017-02-10,3579,3836,3557,3670,1393061
187790,2017-02-13,3680,3691,3535,3536,378528
187790,2017-02-14,3390,3535,3390,3491,1492068
187790,2017-02-15,3468,3601,3468,3502,685984
187790,2017-02-16,3524,3758,3423,3603,2434772
187790,2017-02-17,3568,3668,3546,3569,665326
187790,2017-02-20,3613,3758,3591,3737,1154212
187790,2017-02-21,3781,3791,3691,3725,545046
187790,2017-02-22,3724,3803,3691,3725,541889
187790,2017-02-23,3702,3747,3601,3625,430403
187790,2017-02-24,3579,3702,3557,3569,493287
187790,2017-02-27,3568,3601,3502,3558,437589
187790,2017-02-28,3601,3658,3524,3614,299932
187790,2017-03-02,3546,3568,3412,3491,796593
187790,2017-03-03,3445,3502,3323,3402,591176
187790,2017-03-06,3356,3401,3245,3335,289048
187790,2017-03-07,3346,3390,3245,3380,463720
187790,2017-03-08,3390,3435,3323,3335,212668
187790,2017-03-09,3401,3524,3346,3457,482523
187790,2017-03-10,3635,3758,3401,3480,1886247
187790,2017-03-13,3490,3591,3445,3558,499652
187790,2017-03-14,3613,3668,3535,3625,1159330
187790,2017-03-15,3624,3668,3512,3524,411224
187790,2017-03-16,3524,3724,3524,3603,898084
187790,2017-03-17,3635,3680,3579,3603,539734
187790,2017-03-20,3658,3680,3579,3603,545128
187790,2017-03-21,3601,3635,3535,3558,404827
187790,2017-03-22,3512,3557,3412,3457,572556
187790,2017-03-23,3435,3646,3390,3614,1762702
187790,2017-03-24,3646,3646,3524,3581,490867
187790,2017-03-27,3568,3680,3524,3547,668288
187790,2017-03-28,3546,4160,3479,4160,8194464
187790,2017-03-29,4026,4427,3925,3993,9526703
187790,2017-03-30,4115,4305,4014,4138,5376665
187790,2017-03-31,4148,4382,4048,4283,4213948
187790,2017-04-03,4394,4684,4283,4506,5783164
187790,2017-04-04,4617,4662,4160,4417,4343539
187790,2017-04-05,4461,4472,4160,4216,2127585
187790,2017-04-06,4249,4405,4148,4239,2246663
187790,2017-04-07,4204,4382,4081,4295,2446390
187790,2017-04-10,5319,5331,4271,4372,19749096
187790,2017-04-11,4338,4416,3937,4160,4253952
187790,2017-04-12,4193,4193,3992,4016,1743130
187790,2017-04-13,4081,4349,4014,4093,7196686
187790,2017-04-14,4081,4081,3880,3904,2323798
187790,2017-04-17,3925,3925,3781,3837,1266281
187790,2017-04-18,4093,4449,3925,4038,18334495
187790,2017-04-19,4093,4170,3903,3959,3123063
187790,2017-04-20,3970,3981,3836,3882,1846397
187790,2017-04-21,3914,3914,3836,3860,771626
187790,2017-04-24,3858,3903,3613,3748,1679135
187790,2017-04-25,3713,3814,3658,3703,679630
187790,2017-04-26,3702,3736,3613,3625,808941
187790,2017-04-27,3658,3758,3579,3658,1015898
187790,2017-04-28,3658,3825,3568,3614,1319337
187790,2017-05-02,3635,3680,3535,3536,706430
187790,2017-05-04,3490,3568,3479,3547,446284
187790,2017-05-08,3724,3870,3624,3647,3725284
187790,2017-05-10,3668,3668,3557,3591,813161
187790,2017-05-11,3568,3680,3524,3670,946080
187790,2017-05-12,3668,3713,3601,3703,694683
187790,2017-05-15,3713,3970,3635,3937,3333572
187790,2017-05-16,4026,4093,3836,3893,2520306
187790,2017-05-17,3903,3947,3747,3770,1099601
187790,2017-05-18,3769,3769,3624,3714,721512
187790,2017-05-19,3658,3769,3635,3680,753198
187790,2017-05-22,3781,3825,3668,3670,852041
187790,2017-05-23,3668,3713,3635,3714,461076
187790,2017-05-24,3713,3724,3601,3603,819969
187790,2017-05-25,3601,3624,3524,3536,602587
187790,2017-05-26,3512,3691,3479,3625,1611440
187790,2017-05-29,3635,3691,3568,3614,550293
187790,2017-05-30,3613,3635,3579,3614,302265
187790,2017-05-31,3591,3624,3535,3591,372548
187790,2017-06-01,3591,3601,3546,3603,357804
187790,2017-06-02,3568,3635,3568,3581,383084
187790,2017-06-05,3613,3758,3613,3703,970878
187790,2017-06-07,3713,3736,3601,3636,369258
187790,2017-06-08,3624,3635,3512,3524,822603
187790,2017-06-09,3468,3568,3301,3447,888486
187790,2017-06-12,3401,3401,3279,3301,866616
187790,2017-06-13,3301,3412,3245,3313,423119
187790,2017-06-14,3312,3346,3245,3291,480534
187790,2017-06-15,3256,3301,3234,3235,424222
187790,2017-06-16,3234,3401,3234,3279,866646
187790,2017-06-19,3267,3279,3178,3190,657862
187790,2017-06-20,3189,3223,3077,3101,580785
187790,2017-06-21,3099,3111,3022,3045,344453
187790,2017-06-22,3022,3133,3000,3079,458275
187790,2017-06-23,3055,3111,3022,3056,332296
187790,2017-06-26,3077,3144,3022,3034,365160
187790,2017-06-27,2988,3055,2910,3056,622685
187790,2017-06-28,3055,3055,2977,2989,235295
187790,2017-06-29,2988,3010,2933,2989,285847
187790,2017-06-30,2943,3010,2933,2967,246710
187790,2017-07-03,2943,2966,2921,2933,212636
187790,2017-07-04,2877,2910,2799,2800,733920
187790,2017-07-05,2799,2877,2787,2856,223556
187790,2017-07-06,2888,2888,2832,2878,231018
187790,2017-07-07,2877,2877,2821,2856,277911
187790,2017-07-10,2888,2888,2810,2822,141081
187790,2017-07-11,2787,2832,2743,2755,300586
187790,2017-07-12,2754,3055,2721,2822,2768424
187790,2017-07-13,2832,2877,2777,2833,372361
187790,2017-07-14,2821,2877,2777,2833,251240
187790,2017-07-17,2832,3033,2777,2967,901738
187790,2017-07-18,2988,3089,2933,3079,742544
187790,2017-07-19,3089,3144,3044,3067,379063
187790,2017-07-20,3077,3111,3066,3079,321481
187790,2017-07-21,3077,3099,3033,3089,155775
187790,2017-07-24,3122,3122,3066,3101,148350
187790,2017-07-25,3111,3133,3055,3067,232948
187790,2017-07-26,3066,3066,2899,2933,300606
187790,2017-07-27,2888,3223,2832,3190,1362023
187790,2017-07-28,3189,3279,3055,3168,917063
187790,2017-07-31,3166,3212,3044,3101,315340
187790,2017-08-01,3099,3144,3055,3079,117572
187790,2017-08-02,3077,3099,3033,3089,58074
187790,2017-08-03,3077,3077,2943,3034,300774
187790,2017-08-04,2966,3010,2844,2923,265660
187790,2017-08-07,2933,2988,2854,2923,102999
187790,2017-08-08,2966,2966,2866,2900,150470
187790,2017-08-09,2977,2977,2854,2866,250036
187790,2017-08-10,2866,2899,2777,2811,264419
187790,2017-08-11,2777,2799,2698,2767,374200
187790,2017-08-14,2721,3055,2721,2844,1041688
187790,2017-08-16,2854,2955,2854,2866,270348
187790,2017-08-17,2866,2899,2821,2878,138268
187790,2017-08-18,2877,2910,2821,2844,250257
187790,2017-08-21,2866,2899,2821,2900,137525
187790,2017-08-22,2910,2910,2832,2833,188298
187790,2017-08-23,2832,2877,2810,2811,149784
187790,2017-08-24,2832,2899,2777,2800,469808
187790,2017-08-25,2799,2988,2799,2900,1392884
187790,2017-08-28,2899,2933,2844,2856,247036
187790,2017-08-29,2832,3178,2810,2945,3536677
187790,2017-08-30,2943,2966,2877,2911,403644
187790,2017-08-31,2899,2943,2866,2911,321760
187790,2017-09-01,2933,2943,2866,2945,341229
187790,2017-09-04,2832,2899,2821,2866,315564
187790,2017-09-05,2888,2899,2810,2844,237180
187790,2017-09-06,2866,2866,2810,2844,137168
187790,2017-09-07,2854,2899,2799,2866,286750
187790,2017-09-08,2888,2888,2832,2856,286579
187790,2017-09-11,2899,3044,2854,3000,1580069
187790,2017-09-12,3022,3212,3022,3123,2508020
187790,2017-09-13,3122,3166,3044,3067,533153
187790,2017-09-14,3066,3301,3010,3246,2123896
187790,2017-09-15,3234,3301,3200,3291,690436
187790,2017-09-18,3323,3334,3178,3268,560623
187790,2017-09-19,3256,3312,3066,3291,815348
187790,2017-09-20,3323,3323,3122,3202,571451
187790,2017-09-21,3200,3234,3089,3089,424378
187790,2017-09-22,3055,3189,3010,3022,366631
187790,2017-09-25,3000,3223,2988,3178,829767
187790,2017-09-26,3178,3178,3033,3079,563646
187790,2017-09-27,3066,3189,3055,3056,487968
187790,2017-09-28,3077,3111,3000,3056,302605
187790,2017-09-29,3044,3077,3010,3022,207521
187790,2017-10-10,3010,3044,2899,2945,508841
187790,2017-10-11,2966,2988,2910,2989,174242
187790,2017-10-12,2988,2988,2921,2933,184657
187790,2017-10-13,2955,2966,2888,2911,269668
187790,2017-10-16,2921,2943,2888,2911,137902
187790,2017-10-17,2899,2988,2888,2945,263887
187790,2017-10-18,2921,3122,2743,2800,3452876
187790,2017-10-19,2799,2832,2777,2789,231139
187790,2017-10-20,2765,2844,2765,2800,237755
187790,2017-10-23,2832,2832,2777,2789,148995
187790,2017-10-24,2821,2832,2777,2811,299507
187790,2017-10-25,2810,2854,2777,2844,260722
187790,2017-10-26,2877,2877,2799,2811,226129
187790,2017-10-27,2799,2866,2787,2844,237988
187790,2017-10-30,2832,2854,2787,2822,251303
187790,2017-10-31,2821,2866,2787,2822,374818
187790,2017-11-01,2810,2854,2810,2844,244144
187790,2017-11-02,2844,2854,2799,2833,438252
187790,2017-11-03,2832,2854,2799,2833,326382
187790,2017-11-06,2832,2910,2821,2900,401001
187790,2017-11-07,2899,2921,2854,2856,314769
187790,2017-11-08,2854,2910,2844,2889,298960
187790,2017-11-09,2910,2910,2821,2833,455036
187790,2017-11-10,2844,2866,2810,2856,299156
187790,2017-11-13,2888,3066,2832,2967,2200702
187790,2017-11-14,3033,3044,2888,2945,660253
187790,2017-11-15,2943,2943,2810,2822,849533
187790,2017-11-16,2799,2854,2765,2844,477696
187790,2017-11-17,2844,2844,2765,2789,572288
187790,2017-11-20,2787,2810,2754,2800,385338
187790,2017-11-21,2787,2810,2721,2767,704816
187790,2017-11-22,2754,2765,2688,2688,534125
187790,2017-11-23,2710,2799,2688,2710,342746
187790,2017-11-24,2721,2787,2698,2755,312324
187790,2017-11-27,2754,2777,2721,2733,157355
187790,2017-11-28,2743,2754,2710,2733,222177
187790,2017-11-29,2743,2743,2698,2710,240020
187790,2017-11-30,2698,2710,2665,2677,342819
187790,2017-12-01,2676,2721,2665,2677,188967
187790,2017-12-04,2743,2743,2654,2688,283998
187790,2017-12-05,2688,2710,2665,2710,205339
187790,2017-12-06,2698,2710,2665,2666,250485
187790,2017-12-07,2665,2688,2520,2520,888945
187790,2017-12-08,2520,2542,2464,2476,487852
187790,2017-12-11,2486,2508,2453,2476,293773
187790,2017-12-12,2486,2542,2475,2476,289818
187790,2017-12-13,2475,2486,2453,2465,229397
187790,2017-12-14,2464,2475,2441,2476,188755
187790,2017-12-15,2464,2777,2419,2654,6193843
187790,2017-12-18,2609,2631,2553,2554,750904
187790,2017-12-19,2587,2598,2464,2520,705840
187790,2017-12-20,2520,2553,2442,2465,400810
187790,2017-12-21,2431,2475,2319,2331,545448
187790,2017-12-22,2319,2342,2230,2242,587934
187790,2017-12-26,2252,2297,2137,2137,600965
187790,2017-12-27,2137,2252,2103,2253,377339
187790,2017-12-28,2241,2275,2196,2231,229420
187790,2018-01-02,2226,2364,2226,2320,300506
187790,2018-01-03,2342,2442,2330,2398,523935
187790,2018-01-04,2419,2442,2375,2409,222749
187790,2018-01-05,2431,2431,2364,2398,166780
187790,2018-01-08,2409,2409,2285,2320,357544
187790,2018-01-09,2352,2609,2297,2398,1693326
187790,2018-01-10,2431,2464,2409,2454,276370
187790,2018-01-11,2453,2508,2409,2476,331472
187790,2018-01-12,2486,2486,2419,2487,281744
187790,2018-01-15,2565,2899,2542,2621,6811420
187790,2018-01-16,2631,2676,2508,2621,994321
187790,2018-01-17,2777,2821,2631,2767,2358557
187790,2018-01-18,2765,2777,2698,2722,644277
187790,2018-01-19,2721,2721,2654,2688,462039
187790,2018-01-22,2698,2743,2587,2621,474975
187790,2018-01-23,2620,2777,2565,2643,774006
187790,2018-01-24,2620,2698,2598,2700,497807
187790,2018-01-25,2710,2710,2654,2666,399424
187790,2018-01-26,2642,2688,2631,2666,1205391
187790,2018-01-29,0,0,0,2666,0
187790,2018-01-30,0,0,0,2666,0
187790,2018-01-31,0,0,0,2666,0
187790,2018-02-01,0,0,0,2666,0
187790,2018-02-02,0,0,0,2666,0
187790,2018-02-05,0,0,0,2666,0
187790,2018-02-06,0,0,0,2666,0
187790,2018-02-07,0,0,0,2666,0
187790,2018-02-08,0,0,0,2666,0
187790,2018-02-09,0,0,0,2666,0
187790,2018-02-12,0,0,0,2666,0
187790,2018-02-13,0,0,0,2666,0
187790,2018-02-14,0,0,0,2666,0
187790,2018-02-19,0,0,0,2666,0
187790,2018-02-20,0,0,0,2666,0
187790,2018-02-21,0,0,0,2666,0
187790,2018-02-22,0,0,0,2666,0
187790,2018-02-23,0,0,0,2666,0
187790,2018-02-26,0,0,0,2666,0
187790,2018-02-27,0,0,0,2666,0
187790,2018-02-28,0,0,0,2666,0
187790,2018-03-02,0,0,0,2666,0
187790,2018-03-05,0,0,0,2666,0
187790,2018-03-06,2879,3080,2594,2630,1136871
187790,2018-03-07,2630,2639,2438,2487,338758
187790,2018-03-08,2505,2688,2487,2630,361806
187790,2018-03-09,2621,2741,2621,2693,376903
187790,2018-03-12,2772,2906,2741,2875,1280863
187790,2018-03-13,2910,2928,2746,2849,478889
187790,2018-03-14,2826,2986,2799,2942,492423
187790,2018-03-15,2991,2991,2870,2902,255107
187790,2018-03-16,2906,2933,2839,2911,202375
187790,2018-03-19,2928,2928,2835,2875,165744
187790,2018-03-20,2853,2897,2821,2849,188756
187790,2018-03-21,2879,2910,2817,2853,188673
187790,2018-03-22,2839,2946,2830,2835,329667
187790,2018-03-23,2835,2835,2746,2764,343147
187790,2018-03-26,3035,3512,3031,3339,7220221
187790,2018-03-27,3450,3601,3214,3339,2970826
187790,2018-03-28,3401,3468,3280,3441,1946246
187790,2018-03-29,3477,3494,3173,3334,957031
187790,2018-03-30,3334,3383,3209,3281,695541
187790,2018-04-02,3267,3267,3120,3156,524063
187790,2018-04-03,2558,2741,2558,2630,1673047
187790,2018-04-04,2621,2630,2474,2487,1015596
187790,2018-04-05,2505,2572,2456,2537,449503
187790,2018-04-06,2536,2549,2487,2537,346324
187790,2018-04-09,2558,2576,2478,2505,296301
187790,2018-04-10,2505,2505,2407,2479,412811
187790,2018-04-11,2505,2509,2442,2447,222747
187790,2018-04-12,2447,2474,2402,2430,335422
187790,2018-04-13,2442,2474,2420,2461,255056
187790,2018-04-16,2478,2478,2433,2479,238741
187790,2018-04-17,2487,2518,2478,2514,302714
187790,2018-04-18,2527,2540,2487,2519,276095
187790,2018-04-19,2505,2732,2451,2590,1446021
187790,2018-04-20,2621,2625,2496,2563,350906
187790,2018-04-23,2554,2585,2505,2523,287865
187790,2018-04-24,2527,2540,2496,2496,214793
187790,2018-04-25,2496,2514,2451,2483,147221
187790,2018-04-26,2483,2487,2456,2474,147898
187790,2018-04-27,2456,2496,2456,2496,139212
187790,2018-04-30,2496,2540,2469,2523,232918
187790,2018-05-02,2514,2647,2491,2603,776936
187790,2018-05-03,2603,2603,2505,2550,321684
187790,2018-05-04,2549,2567,2509,2554,171889
187790,2018-05-08,2652,2817,2594,2706,1652068
187790,2018-05-09,2714,2719,2621,2661,290354
187790,2018-05-10,2656,2688,2590,2608,295930
187790,2018-05-11,2621,2647,2585,2643,320811
187790,2018-05-14,2598,2652,2518,2590,599342
187790,2018-05-15,2725,2755,2580,2645,606539
187790,2018-05-16,2630,2645,2585,2615,190392
187790,2018-05-17,2620,2655,2580,2605,259494
187790,2018-05-18,2635,2650,2585,2635,144308
187790,2018-05-21,2635,2730,2630,2660,146550
187790,2018-05-23,2660,2690,2610,2630,134532
187790,2018-05-24,2650,2660,2590,2640,100990
187790,2018-05-25,2645,2645,2500,2565,221730
187790,2018-05-28,2565,2635,2535,2595,118167
187790,2018-05-29,2635,2850,2565,2690,907380
187790,2018-05-30,2745,2780,2605,2745,461436
187790,2018-05-31,2750,2805,2675,2685,201251
187790,2018-06-01,2690,2720,2595,2625,194865
187790,2018-06-04,2645,2645,2520,2530,207118
187790,2018-06-05,2510,2575,2400,2440,287188
187790,2018-06-07,2450,2540,2405,2435,221494
187790,2018-06-08,2415,2465,2380,2410,207022
187790,2018-06-11,2410,2440,2385,2415,148901
187790,2018-06-12,2415,2505,2415,2450,234767
187790,2018-06-14,2495,2505,2425,2440,160222
187790,2018-06-15,2440,2485,2410,2410,96458
187790,2018-06-18,2420,2420,2245,2285,183355
187790,2018-06-19,2290,2290,2175,2180,160338
187790,2018-06-20,2200,2215,2125,2180,219646
187790,2018-06-21,2170,2170,1990,2020,655442
187790,2018-06-22,2035,2035,1980,2005,192591
187790,2018-06-25,1985,2090,1985,2050,147317
187790,2018-06-26,2010,2040,2005,2030,153915
187790,2018-06-27,2005,2035,1980,1995,203052
187790,2018-06-28,1960,2100,1915,1995,250586
187790,2018-06-29,2040,2040,1950,1975,130250
187790,2018-07-02,1995,1995,1885,1885,87982
187790,2018-07-03,1920,1950,1870,1925,106347
187790,2018-07-04,1990,1995,1925,1945,71252
187790,2018-07-05,1930,1955,1880,1885,76514
187790,2018-07-06,1925,1935,1865,1920,72376
187790,2018-07-09,1950,1950,1880,1900,37675
187790,2018-07-10,1910,1925,1900,1905,47087
187790,2018-07-11,1900,1990,1895,1930,102666
187790,2018-07-12,1960,2135,1920,2015,512749
187790,2018-07-13,2005,2065,2005,2030,87480
187790,2018-07-16,2045,2045,1990,2010,129140
187790,2018-07-17,1900,1925,1895,1895,647419
187790,2018-07-18,1900,1930,1895,1905,231748
187790,2018-07-19,1900,1910,1810,1870,627414
187790,2018-07-20,1875,1875,1770,1795,233559
187790,2018-07-23,1795,1795,1680,1680,389800
187790,2018-07-24,1675,1740,1665,1720,105828
187790,2018-07-25,1720,1730,1675,1690,85237
187790,2018-07-26,1705,1720,1690,1710,95800
187790,2018-07-27,1700,1830,1700,1810,734415
187790,2018-07-30,1780,1850,1775,1850,180067
187790,2018-07-31,1830,1855,1780,1790,141769
187790,2018-08-01,1790,1905,1790,1875,484359
187790,2018-08-02,1875,1910,1835,1875,167419
187790,2018-08-03,1870,1915,1870,1900,44561
187790,2018-08-06,1900,1915,1870,1880,84410
187790,2018-08-07,1900,1900,1810,1855,122406
187790,2018-08-08,1885,1920,1870,1910,201723
187790,2018-08-09,1920,1930,1885,1900,125322
187790,2018-08-10,1915,2420,1895,2170,13172454
187790,2018-08-13,2125,2135,1985,1985,1572793
187790,2018-08-14,1985,2105,1965,2010,1087068
187790,2018-08-16,2010,2125,1955,2100,1031041
187790,2018-08-17,2120,2140,2070,2085,626558
187790,2018-08-20,2085,2215,2080,2160,1125665
187790,2018-08-21,2175,2200,2140,2160,342000
187790,2018-08-22,2150,2165,2120,2140,342669
187790,2018-08-23,2150,2155,2060,2075,360293
187790,2018-08-24,2085,2130,2055,2110,233729
187790,2018-08-27,2115,2215,2115,2190,679940
187790,2018-08-28,2215,2240,2145,2170,394717
187790,2018-08-29,2200,2200,2135,2165,189735
187790,2018-08-30,2170,2195,2095,2095,314606
187790,2018-08-31,2090,2140,2075,2130,181251
187790,2018-09-03,2130,2130,2095,2130,148582
187790,2018-09-04,2145,2165,2125,2165,186601
187790,2018-09-05,2385,2425,2235,2280,3097422
187790,2018-09-06,2290,2495,2235,2440,1800119
187790,2018-09-07,2405,2475,2385,2440,620951
187790,2018-09-10,2470,2485,2355,2380,455917
187790,2018-09-11,2370,2420,2330,2380,356299
187790,2018-09-12,2380,2535,2370,2450,1034796
187790,2018-09-13,2440,2530,2430,2475,605954
187790,2018-09-14,2460,2510,2430,2480,351447
187790,2018-09-17,2500,2500,2370,2405,405821
187790,2018-09-18,2405,2405,2335,2340,314789
187790,2018-09-19,2340,2380,2300,2330,233315
187790,2018-09-20,2310,2350,2250,2280,343359
187790,2018-09-21,2260,2285,2250,2275,124875
187790,2018-09-27,2280,2435,2280,2365,352150
187790,2018-09-28,2420,2420,2345,2370,236824
187790,2018-10-01,2380,2450,2360,2410,360721
187790,2018-10-02,2445,2465,2350,2350,292627
187790,2018-10-04,2350,2375,2250,2265,476054
187790,2018-10-05,2240,2350,2235,2275,290084
187790,2018-10-08,2275,2275,2140,2215,168289
187790,2018-10-10,2180,2190,2020,2020,448656
187790,2018-10-11,1920,2020,1880,1950,260152
187790,2018-10-12,1955,2070,1920,2070,169899
187790,2018-10-15,2110,2155,2050,2075,199854
187790,2018-10-16,2100,2185,2100,2135,119572
187790,2018-10-17,2160,2210,2160,2200,139344
187790,2018-10-18,2195,2195,2120,2160,80150
187790,2018-10-19,2135,2210,2100,2185,122588
187790,2018-10-22,2225,2225,2155,2195,130051
187790,2018-10-23,2190,2230,2125,2135,147355
187790,2018-10-24,2155,2230,2115,2140,229757
187790,2018-10-25,2090,2110,1905,2010,513761
187790,2018-10-26,2060,2070,1905,2005,288738
187790,2018-10-29,2000,2030,1885,1915,228887
187790,2018-10-30,1895,1950,1785,1900,417935
187790,2018-10-31,1930,2015,1885,2000,227313
187790,2018-11-01,2020,2100,1990,2040,702679
187790,2018-11-02,2080,2120,2050,2075,206169
187790,2018-11-05,2090,2090,2030,2070,187102
187790,2018-11-06,2095,2135,2050,2095,224106
187790,2018-11-07,2195,2265,2090,2110,1033728
187790,2018-11-08,2150,2170,2120,2155,197711
187790,2018-11-09,2225,2225,2115,2185,249474
187790,2018-11-12,2190,2270,2175,2210,638160
187790,2018-11-13,2175,2200,2075,2185,447605
187790,2018-11-14,2160,2210,2105,2135,187133
187790,2018-11-15,2125,2140,2075,2100,279360
187790,2018-11-16,2130,2145,2060,2090,229487
187790,2018-11-19,2095,2135,2080,2110,251019
187790,2018-11-20,2075,2100,2025,2045,284892
187790,2018-11-21,2010,2125,1980,2055,376065
187790,2018-11-22,2080,2080,2000,2010,215989
187790,2018-11-23,2005,2040,1975,1980,188566
187790,2018-11-26,1985,2020,1980,2010,82563
187790,2018-11-27,2040,2070,2000,2045,293910
187790,2018-11-28,2060,2065,1975,2010,337902
187790,2018-11-29,2005,2035,1990,1990,163204
187790,2018-11-30,1990,2015,1965,1980,110520
187790,2018-12-03,1980,2000,1970,1975,217961
187790,2018-12-04,2005,2005,1965,1985,186049
187790,2018-12-05,1970,1985,1925,1925,204832
187790,2018-12-06,1940,1990,1905,1915,159481
187790,2018-12-07,1915,1960,1900,1915,130389
187790,2018-12-10,1905,1905,1830,1875,219628
187790,2018-12-11,1875,1895,1795,1830,342063
187790,2018-12-12,1840,1865,1800,1865,111396
187790,2018-12-13,1870,1940,1870,1935,126547
187790,2018-12-14,1935,1955,1900,1915,93085
187790,2018-12-17,1915,1960,1880,1915,114216
187790,2018-12-18,1900,1945,1860,1860,128545
187790,2018-12-19,1890,1935,1850,1935,152624
187790,2018-12-20,1935,1950,1885,1915,83714
187790,2018-12-21,1915,1920,1885,1910,56486
187790,2018-12-24,1935,2005,1905,1955,531097
187790,2018-12-26,1920,1950,1875,1880,172529
187790,2018-12-27,1930,1930,1890,1900,64407
187790,2018-12-28,1895,1925,1895,1915,64310
187790,2019-01-02,1925,1960,1915,1930,125242
187790,2019-01-03,1905,1940,1880,1880,123511
187790,2019-01-04,1860,2110,1855,2110,2541500
187790,2019-01-07,2150,2480,2115,2305,5868944
187790,2019-01-08,2300,2370,2235,2330,2071258
187790,2019-01-09,2300,2345,2265,2305,910865
187790,2019-01-10,2360,2420,2265,2305,1600007
187790,2019-01-11,2310,2325,2180,2210,845659
187790,2019-01-14,2265,2355,2210,2240,1773489
187790,2019-01-15,2255,2325,2200,2220,503277
187790,2019-01-16,2240,2300,2160,2300,799666
187790,2019-01-17,2315,2315,2230,2260,480411
187790,2019-01-18,2195,2250,2190,2250,687660
187790,2019-01-21,2245,2330,2230,2310,639216
187790,2019-01-22,2335,2400,2285,2360,932430
187790,2019-01-23,2400,2450,2300,2300,1092296
187790,2019-01-24,2300,2305,2245,2285,317419
187790,2019-01-25,2300,2315,2250,2305,221675
187790,2019-01-28,2310,2330,2270,2295,290884
187790,2019-01-29,2295,2300,2205,2225,365978
187790,2019-01-30,2250,2250,2175,2215,250084
187790,2019-01-31,2245,2285,2195,2240,233630
187790,2019-02-01,2240,2240,2180,2205,195702
187790,2019-02-07,2205,2295,2175,2275,340754
187790,2019-02-08,2270,2340,2260,2340,431748
187790,2019-02-11,2365,2385,2315,2355,355809
187790,2019-02-12,2360,2460,2300,2390,718650
187790,2019-02-13,2375,2495,2375,2485,914253
187790,2019-02-14,2470,2495,2430,2485,277711
187790,2019-02-15,2485,2520,2335,2375,593375
187790,2019-02-18,2395,2420,2330,2405,211200
187790,2019-02-19,2420,2470,2385,2470,389283
187790,2019-02-20,2520,2520,2420,2430,267633
187790,2019-02-21,2410,2470,2350,2440,335525
187790,2019-02-22,2450,2595,2360,2460,1633315
187790,2019-02-25,2515,2580,2390,2450,1046729
187790,2019-02-26,2470,2495,2370,2390,367922
187790,2019-02-27,2375,2465,2355,2385,511355
187790,2019-02-28,2385,2435,2285,2285,501673
187790,2019-03-04,2330,2480,2330,2430,504366
187790,2019-03-05,2500,2550,2410,2465,1030189
187790,2019-03-06,2500,2700,2480,2580,5533604
187790,2019-03-07,2560,2565,2405,2405,1243429
187790,2019-03-08,2370,2530,2370,2505,1011615
187790,2019-03-11,2490,2645,2425,2600,1652837
187790,2019-03-12,2605,2670,2530,2555,1293753
187790,2019-03-13,2570,2590,2450,2485,720462
187790,2019-03-14,2485,2500,2405,2465,479695
187790,2019-03-15,2475,2520,2390,2420,553506
187790,2019-03-18,2415,2455,2410,2420,326149
187790,2019-03-19,2410,2480,2405,2475,443949
187790,2019-03-20,2530,2555,2410,2440,387544
187790,2019-03-21,2450,2520,2410,2475,448271
187790,2019-03-22,2475,2915,2465,2825,10089155
187790,2019-03-25,2750,2980,2720,2980,4613262
187790,2019-03-26,3065,3105,2835,2980,3659867
187790,2019-03-27,3075,3380,2835,2940,9843134
187790,2019-03-28,2975,3030,2720,2740,2746734
187790,2019-03-29,2760,2780,2595,2700,1546705
187790,2019-04-01,2720,2880,2670,2785,2234907
187790,2019-04-02,2810,2895,2720,2855,1703560
187790,2019-04-03,2875,2930,2835,2915,1312059
187790,2019-04-04,2950,2960,2830,2855,1015483
187790,2019-04-05,2875,2915,2740,2800,942295
187790,2019-04-08,2785,2835,2735,2750,786296
187790,2019-04-09,2775,2775,2630,2725,973032
187790,2019-04-10,2785,2790,2700,2705,671168
187790,2019-04-11,2685,2790,2685,2770,734563
187790,2019-04-12,2775,2820,2745,2755,676583
187790,2019-04-15,2700,2710,2570,2605,1194488
187790,2019-04-16,2605,2630,2520,2575,546893
187790,2019-04-17,2600,2900,2570,2885,4485365
187790,2019-04-18,2985,3230,2785,2815,12482408
187790,2019-04-19,2800,2905,2730,2735,1415389
187790,2019-04-22,2880,2945,2780,2820,2035842
187790,2019-04-23,2800,2850,2735,2765,738130
187790,2019-04-24,2800,2800,2660,2700,744365
187790,2019-04-25,2725,2740,2615,2635,445804
187790,2019-04-26,2620,2800,2570,2715,966393
187790,2019-04-29,2715,2750,2640,2675,498241
187790,2019-04-30,2675,2870,2640,2740,2246174
187790,2019-05-02,2740,2785,2675,2760,895004
187790,2019-05-03,2775,2775,2705,2720,435659
187790,2019-05-07,2660,2685,2610,2635,501460
187790,2019-05-08,2595,2650,2560,2580,601979
187790,2019-05-09,2600,2755,2545,2570,2337237
187790,2019-05-10,2590,2795,2560,2785,3018966
187790,2019-05-13,2890,2895,2610,2610,2147726
187790,2019-05-14,2540,2595,2295,2520,1358115
187790,2019-05-15,2535,2580,2500,2550,745169
187790,2019-05-16,2520,2590,2420,2435,801769
187790,2019-05-17,2500,2500,2400,2425,384962
187790,2019-05-20,2410,2450,2390,2410,376598
187790,2019-05-21,2390,2410,2315,2350,383447
187790,2019-05-22,2385,2450,2320,2365,343051
187790,2019-05-23,2360,2360,2250,2255,507065
187790,2019-05-24,2205,2245,2170,2170,312369
187790,2019-05-27,2200,2200,2050,2090,470588
187790,2019-05-28,2120,2175,2080,2140,198668
187790,2019-05-29,2140,2140,2080,2080,235828
187790,2019-05-30,2070,2110,2060,2075,131604
187790,2019-05-31,2070,2110,2065,2080,185303
187790,2019-06-03,2080,2095,2065,2085,166787
187790,2019-06-04,2085,2245,2075,2130,378648
187790,2019-06-05,2190,2195,2135,2165,200452
187790,2019-06-07,2150,2180,2110,2150,229932
187790,2019-06-10,2170,2220,2130,2200,210673
187790,2019-06-11,2235,2240,2185,2210,247588
187790,2019-06-12,2210,2225,2185,2205,124222
187790,2019-06-13,2205,2335,2205,2265,464647
187790,2019-06-14,2295,2295,2235,2255,152784
187790,2019-06-17,2240,2270,2165,2220,188610
187790,2019-06-18,2180,2220,2160,2175,248738
187790,2019-06-19,2175,2275,2155,2195,418674
187790,2019-06-20,2215,2215,2175,2200,208219
187790,2019-06-21,2240,2245,2200,2225,238679
187790,2019-06-24,2225,2240,2185,2200,163325
187790,2019-06-25,2210,2225,2175,2195,199288
187790,2019-06-26,2195,2210,2160,2170,268757
187790,2019-06-27,2155,2225,2140,2190,389107
187790,2019-06-28,2215,2265,2165,2205,339625
187790,2019-07-01,2230,2250,2180,2200,176795
187790,2019-07-02,2230,2230,2185,2190,161076
187790,2019-07-03,2215,2215,2135,2170,208896
187790,2019-07-04,2170,2205,2110,2145,179989
187790,2019-07-05,2145,2160,2110,2145,128830
187790,2019-07-08,2155,2155,1995,1995,556699
187790,2019-07-09,1960,2025,1960,2000,192991
187790,2019-07-10,2000,2020,1960,2000,134057
187790,2019-07-11,2000,2050,1990,2040,122283
187790,2019-07-12,2075,2075,2030,2055,104747
187790,2019-07-15,2060,2090,2030,2055,121547
187790,2019-07-16,2070,2085,2040,2080,150011
187790,2019-07-17,2080,2080,1980,2045,213179
187790,2019-07-18,2020,2145,2005,2120,202056
187790,2019-07-19,2130,2295,2080,2170,1327488
187790,2019-07-22,2150,2150,2080,2120,219295
187790,2019-07-23,2115,2360,2080,2100,1392083
187790,2019-07-24,2100,2175,2070,2130,391492
187790,2019-07-25,2095,2125,2015,2030,374583
187790,2019-07-26,2025,2065,1925,1955,312004
187790,2019-07-29,1935,1935,1785,1795,464524
187790,2019-07-30,1770,1840,1770,1805,311738
187790,2019-07-31,1830,1830,1750,1780,210672
187790,2019-08-01,1800,1845,1760,1780,133135
187790,2019-08-02,1760,1820,1760,1805,253753
187790,2019-08-05,1795,1835,1660,1670,364624
187790,2019-08-06,1625,1735,1525,1610,333292
187790,2019-08-07,1610,1695,1610,1630,159576
187790,2019-08-08,1630,1705,1630,1675,150804
187790,2019-08-09,1680,1740,1680,1715,78883
187790,2019-08-12,1690,1765,1690,1720,152971
187790,2019-08-13,1690,1755,1685,1750,163183
187790,2019-08-14,1860,2010,1810,1890,1271012
187790,2019-08-16,1880,1880,1780,1825,233781
187790,2019-08-19,1825,1875,1815,1840,136323
187790,2019-08-20,1880,1880,1810,1840,136631
187790,2019-08-21,1840,1875,1815,1855,119202
187790,2019-08-22,1885,1885,1830,1850,65233
187790,2019-08-23,1870,1870,1810,1825,120469
187790,2019-08-26,1765,1825,1755,1775,73836
187790,2019-08-27,1780,1820,1780,1805,51697
187790,2019-08-28,1835,1840,1780,1810,107498
187790,2019-08-29,1810,1815,1775,1790,56455
187790,2019-08-30,1790,1860,1790,1825,112515
187790,2019-09-02,1825,1825,1800,1810,99214
187790,2019-09-03,1795,1895,1795,1895,250867
187790,2019-09-04,1870,1925,1825,1905,247514
187790,2019-09-05,1905,1945,1870,1910,144873
187790,2019-09-06,1910,1925,1890,1905,62612
187790,2019-09-09,1930,1985,1895,1905,259860
187790,2019-09-10,1905,1980,1900,1970,195798
187790,2019-09-11,2000,2085,1970,2035,421894
187790,2019-09-16,2030,2080,2025,2045,192549
187790,2019-09-17,2030,2070,2030,2055,156088
187790,2019-09-18,2040,2080,2040,2060,125449
187790,2019-09-19,2085,2110,2055,2085,177550
187790,2019-09-20,2105,2105,2060,2090,88822
187790,2019-09-23,2085,2090,2055,2070,165767
187790,2019-09-24,2075,2135,2050,2110,216418
187790,2019-09-25,2110,2110,2025,2030,307920
187790,2019-09-26,2030,2070,2005,2025,170151
187790,2019-09-27,2045,2045,1985,2000,108216
187790,2019-09-30,1995,2060,1940,2025,152682
187790,2019-10-01,2025,2095,2010,2070,189112
187790,2019-10-02,2070,2090,2030,2060,105721
187790,2019-10-04,2040,2095,2025,2040,69261
187790,2019-10-07,2035,2050,1985,1985,142813
187790,2019-10-08,1985,2015,1985,1990,78585
187790,2019-10-10,2005,2010,1975,1990,49758
187790,2019-10-11,2005,2040,1985,2020,76931
187790,2019-10-14,2060,2120,2025,2060,189842
187790,2019-10-15,2065,2220,2035,2145,533807
187790,2019-10-16,2165,2190,2115,2170,267495
187790,2019-10-17,2175,2215,2160,2170,163929
187790,2019-10-18,2170,2180,2110,2130,180190
187790,2019-10-21,2220,2245,2135,2135,490506
187790,2019-10-22,2115,2185,2110,2155,176146
187790,2019-10-23,2155,2190,2070,2120,169438
187790,2019-10-24,2120,2150,2080,2120,112613
187790,2019-10-25,2120,2120,2030,2095,176386
187790,2019-10-28,2095,2120,2065,2090,83147
187790,2019-10-29,2150,2160,2080,2120,163907
187790,2019-10-30,2105,2135,2070,2090,113641
187790,2019-10-31,2110,2175,2080,2165,190603
187790,2019-11-01,2165,2175,2110,2140,213504
187790,2019-11-04,2170,2175,2135,2170,197198
187790,2019-11-05,2150,2240,2150,2200,311428
187790,2019-11-06,2200,2230,2170,2210,139803
187790,2019-11-07,2230,2230,2180,2205,120603
187790,2019-11-08,2205,2265,2195,2210,210332
187790,2019-11-11,2230,2230,2155,2185,167360
187790,2019-11-12,2195,2205,2160,2180,119965
187790,2019-11-13,2180,2190,2115,2140,222538
187790,2019-11-14,2140,2160,2120,2135,81740
187790,2019-11-15,2130,2130,2080,2085,165471
187790,2019-11-18,1965,2035,1960,2010,561297
187790,2019-11-19,2025,2045,1990,2000,110672
187790,2019-11-20,2000,2005,1925,1930,268274
187790,2019-11-21,1930,1955,1850,1860,201847
187790,2019-11-22,1870,1930,1855,1870,128813
187790,2019-11-25,1880,1930,1880,1900,58411
187790,2019-11-26,1910,1930,1880,1930,63055
187790,2019-11-27,1930,1930,1895,1920,86401
187790,2019-11-28,1925,1950,1895,1910,71272
187790,2019-11-29,1910,1930,1880,1890,74114
187790,2019-12-02,1890,1925,1890,1905,62882
187790,2019-12-03,1900,1915,1860,1915,69557
187790,2019-12-04,1900,1915,1860,1880,64429
187790,2019-12-05,1875,1895,1845,1850,85345
187790,2019-12-06,1850,1910,1850,1910,50316
187790,2019-12-09,1920,1955,1900,1910,57524
187790,2019-12-10,2000,2195,1915,1945,1442973
187790,2019-12-11,1950,1955,1910,1925,160305
187790,2019-12-12,1945,1965,1910,1920,192644
187790,2019-12-13,1940,1960,1930,1955,95369
187790,2019-12-16,1960,2015,1945,2005,176755
187790,2019-12-17,1985,2030,1985,2005,125695
187790,2019-12-18,1985,2050,1985,2010,115950
187790,2019-12-19,2010,2020,1990,1995,90285
187790,2019-12-20,1985,2010,1980,1995,90115
187790,2019-12-23,2000,2015,1980,1995,92083
187790,2019-12-24,1995,2005,1975,1985,97166
187790,2019-12-26,1985,2010,1965,1975,85574
187790,2019-12-27,1975,2035,1975,2035,83450
187790,2019-12-30,2015,2075,2005,2030,56085
187790,2020-01-02,2040,2065,2015,2060,139254
187790,2020-01-03,2085,2090,2010,2040,220142
187790,2020-01-06,2000,2060,1975,2010,159436
187790,2020-01-07,1990,2035,1990,2010,110117
187790,2020-01-08,2000,2020,1895,1900,432631
187790,2020-01-09,1940,1990,1925,1970,148070
187790,2020-01-10,1985,2030,1980,2015,137370
187790,2020-01-13,2025,2090,2020,2055,252974
187790,2020-01-14,2070,2100,2050,2060,188794
187790,2020-01-15,2055,2095,2055,2085,140688
187790,2020-01-16,2085,2120,2075,2090,198412
187790,2020-01-17,2105,2125,2090,2105,178044
187790,2020-01-20,2125,2160,2100,2110,250309
187790,2020-01-21,2125,2150,2090,2125,241352
187790,2020-01-22,2150,2180,2125,2180,272893
187790,2020-01-23,2190,2250,2130,2205,304380
187790,2020-01-28,2140,2465,2075,2375,3792250
187790,2020-01-29,2410,2430,2280,2280,1508516
187790,2020-01-30,2290,2320,2165,2200,610248
187790,2020-01-31,2200,2250,2055,2140,616285
187790,2020-02-03,2050,2120,1950,2060,910566
187790,2020-02-04,2055,2135,2055,2120,217023
187790,2020-02-05,2140,2150,2070,2095,209625
187790,2020-02-06,2095,2115,2085,2095,203878
187790,2020-02-07,2090,2145,2075,2140,228294
187790,2020-02-10,2180,2180,2115,2140,159535
187790,2020-02-11,2140,2140,2080,2115,260567
187790,2020-02-12,2120,2130,2070,2115,196709
187790,2020-02-13,2115,2115,2075,2075,235691
187790,2020-02-14,2075,2095,2050,2085,156323
187790,2020-02-17,2085,2090,2060,2085,144249
187790,2020-02-18,2085,2095,2050,2070,129508
187790,2020-02-19,2070,2080,2035,2075,138929
187790,2020-02-20,2100,2100,2045,2065,189128
187790,2020-02-21,2065,2085,1980,1980,408807
187790,2020-02-24,1880,1950,1845,1865,571396
187790,2020-02-25,1880,1915,1830,1900,169691
187790,2020-02-26,1850,1880,1835,1875,182708
187790,2020-02-27,1870,1880,1690,1770,294959
187790,2020-02-28,1750,1760,1595,1645,474765
187790,2020-03-02,1630,1690,1585,1670,267446
187790,2020-03-03,1700,1770,1700,1740,244250
187790,2020-03-04,1730,1770,1710,1765,79495
187790,2020-03-05,1800,1820,1785,1805,127826
187790,2020-03-06,1785,1800,1735,1780,114549
187790,2020-03-09,1760,1760,1610,1640,303759
187790,2020-03-10,1580,1665,1570,1665,167164
187790,2020-03-11,1665,1665,1540,1555,288451
187790,2020-03-12,1525,1580,1395,1455,373011
187790,2020-03-13,1300,1375,1170,1300,582093
187790,2020-03-16,1310,1380,1190,1195,485199
187790,2020-03-17,1100,1195,1090,1180,290019
187790,2020-03-18,1180,1210,1115,1115,294178
187790,2020-03-19,1125,1160,901,935,614266
187790,2020-03-20,931,1010,931,1005,261516
187790,2020-03-23,960,992,895,900,261117
187790,2020-03-24,905,964,890,930,444058
187790,2020-03-25,965,1040,960,1000,373374
187790,2020-03-26,1030,1085,1000,1045,298922
187790,2020-03-27,1090,1135,1030,1070,388189
187790,2020-03-30,1030,1110,1000,1095,309411
187790,2020-03-31,1100,1185,1100,1155,246587
187790,2020-04-01,1155,1240,1140,1190,393252
187790,2020-04-02,1180,1250,1120,1245,268459
187790,2020-04-03,1310,1310,1215,1270,279316
187790,2020-04-06,1280,1405,1275,1405,565901
187790,2020-04-07,1415,1435,1345,1400,452261
187790,2020-04-08,1400,1410,1350,1390,161642
187790,2020-04-09,1410,1410,1355,1380,304383
187790,2020-04-10,1400,1400,1310,1340,324361
187790,2020-04-13,1340,1365,1290,1365,562152
187790,2020-04-14,1525,1750,1430,1460,8689471
187790,2020-04-16,1460,1460,1370,1430,667893
187790,2020-04-17,1470,1505,1420,1480,544882
187790,2020-04-20,1455,1550,1450,1505,660342
187790,2020-04-21,1515,1525,1380,1455,642738
187790,2020-04-22,1420,1470,1385,1455,349660
187790,2020-04-23,1490,1495,1450,1480,281681
187790,2020-04-24,1485,1495,1400,1425,439299
187790,2020-04-27,1420,1460,1415,1450,165803
187790,2020-04-28,1480,1485,1410,1425,190476
187790,2020-04-29,1425,1490,1410,1480,310874
187790,2020-05-04,1460,1555,1440,1535,537837
187790,2020-05-06,1530,1550,1510,1525,210424
187790,2020-05-07,1525,1530,1490,1505,307462
187790,2020-05-08,1505,1530,1490,1510,267167
187790,2020-05-11,1505,1530,1470,1480,240504
187790,2020-05-12,1480,1490,1415,1455,220683
187790,2020-05-13,1445,1495,1435,1460,131939
187790,2020-05-14,1465,1485,1435,1440,120315
187790,2020-05-15,1445,1470,1435,1450,135714
187790,2020-05-18,1435,1460,1435,1450,115182
187790,2020-05-19,1450,1510,1435,1510,410738
187790,2020-05-20,1515,1635,1510,1560,948842
187790,2020-05-21,1595,1650,1565,1580,619639
187790,2020-05-22,1600,1635,1545,1570,451141
187790,2020-05-25,1560,1620,1560,1605,242325
187790,2020-05-26,1605,1625,1585,1605,215402
187790,2020-05-27,1605,1620,1585,1610,205038
187790,2020-05-28,1625,1645,1545,1560,618162
187790,2020-05-29,1575,1590,1535,1575,141974
187790,2020-06-01,1575,1650,1575,1630,409671
187790,2020-06-02,1630,1695,1630,1670,613431
187790,2020-06-03,1695,1700,1640,1670,258098
187790,2020-06-04,1670,1685,1610,1645,300713
187790,2020-06-05,1620,1650,1600,1620,281315
187790,2020-06-08,1645,1645,1585,1630,258207
187790,2020-06-09,1680,1680,1600,1615,169913
187790,2020-06-10,1620,1630,1590,1595,150130
187790,2020-06-11,1600,1600,1545,1570,185615
187790,2020-06-12,1485,1525,1430,1510,279857
187790,2020-06-15,1500,1500,1375,1390,272746
187790,2020-06-16,1425,1465,1405,1445,245416
187790,2020-06-17,1430,1460,1390,1445,134099
187790,2020-06-18,1495,1495,1440,1455,218866
187790,2020-06-19,1465,1555,1445,1530,428312
187790,2020-06-22,1500,1535,1480,1500,176591
187790,2020-06-23,1500,1510,1435,1460,154190
187790,2020-06-24,1460,1480,1445,1470,190762
187790,2020-06-25,1435,1460,1420,1440,137301
187790,2020-06-26,1445,1455,1410,1445,81431
187790,2020-06-29,1435,1435,1385,1395,150609
187790,2020-06-30,1395,1410,1380,1390,97912
187790,2020-07-01,1395,1440,1395,1410,170411
187790,2020-07-02,1410,1440,1405,1430,100842
187790,2020-07-03,1430,1435,1410,1425,87569
187790,2020-07-06,1425,1485,1420,1465,225138
187790,2020-07-07,1535,1545,1435,1460,485989
187790,2020-07-08,1475,1490,1445,1450,167131
187790,2020-07-09,1455,1480,1420,1455,145348
187790,2020-07-10,1510,1510,1450,1450,185706
187790,2020-07-13,1450,1470,1435,1460,114914
187790,2020-07-14,1445,1495,1445,1485,168275
187790,2020-07-15,1485,1495,1460,1480,113498
187790,2020-07-16,1480,1530,1460,1500,334120
187790,2020-07-17,1485,1535,1485,1500,161851
187790,2020-07-20,1520,1520,1470,1480,113975
187790,2020-07-21,1480,1515,1475,1505,166615
187790,2020-07-22,1505,1540,1490,1525,124199
187790,2020-07-23,1525,1615,1490,1605,896322
187790,2020-07-24,1705,1705,1535,1560,1275579
187790,2020-07-27,1555,1555,1490,1495,410149
187790,2020-07-28,1500,1505,1455,1465,259859
187790,2020-07-29,1465,1465,1440,1440,163474
187790,2020-07-30,1440,1460,1435,1460,155416
187790,2020-07-31,1455,1455,1420,1425,218827
187790,2020-08-03,1415,1430,1390,1420,145328
187790,2020-08-04,1420,1450,1405,1450,207456
187790,2020-08-05,1450,1460,1420,1425,170170
187790,2020-08-06,1425,1450,1415,1425,151620
187790,2020-08-07,1425,1435,1400,1405,141820
187790,2020-08-10,1390,1405,1375,1405,192705
187790,2020-08-11,1410,1415,1395,1395,138496
187790,2020-08-12,1395,1395,1360,1380,181742
187790,2020-08-13,1380,1400,1375,1390,143551
187790,2020-08-14,1390,1405,1355,1370,156653
187790,2020-08-18,1365,1365,1215,1230,619918
187790,2020-08-19,1230,1260,1205,1240,193301
187790,2020-08-20,1240,1250,1150,1165,236761
187790,2020-08-21,1165,1195,1125,1175,145485
187790,2020-08-24,1170,1215,1150,1190,137389
187790,2020-08-25,1190,1285,1185,1260,232931
187790,2020-08-26,1260,1270,1215,1250,115968
187790,2020-08-27,1230,1250,1210,1215,123893
187790,2020-08-28,1215,1255,1200,1245,126408
187790,2020-08-31,1240,1275,1240,1250,120440
187790,2020-09-01,1250,1270,1245,1260,95881
187790,2020-09-02,1250,1265,1220,1240,270104
187790,2020-09-03,1245,1305,1245,1280,229734
187790,2020-09-04,1255,1275,1240,1250,127701
187790,2020-09-07,1250,1285,1235,1270,136467
187790,2020-09-08,1275,1330,1260,1275,285287
187790,2020-09-09,1270,1310,1245,1295,139958
187790,2020-09-10,1310,1350,1295,1330,205159
187790,2020-09-11,1340,1345,1290,1300,217063
187790,2020-09-14,1305,1335,1300,1320,137454
187790,2020-09-15,1320,1345,1310,1325,143282
187790,2020-09-16,1345,1345,1305,1320,95634
187790,2020-09-17,1320,1320,1270,1300,185940
187790,2020-09-18,1300,1305,1275,1290,90963
187790,2020-09-21,1290,1290,1250,1270,108688
187790,2020-09-22,1255,1275,1200,1225,274776
187790,2020-09-23,1230,1260,1200,1245,173412
187790,2020-09-24,1225,1235,1200,1210,147791
187790,2020-09-25,1210,1230,1190,1225,111773
187790,2020-09-28,1225,1345,1225,1265,378484
187790,2020-09-29,1350,1350,1220,1320,380970
187790,2020-10-05,1320,1345,1280,1340,209793
187790,2020-10-06,1350,1450,1330,1410,684564
187790,2020-10-07,1375,1540,1365,1540,2631599
187790,2020-10-08,1450,1540,1440,1490,1727339
187790,2020-10-12,1510,1510,1450,1475,345813
187790,2020-10-13,1485,1545,1440,1535,643763
187790,2020-10-14,1535,1590,1485,1485,801249
187790,2020-10-15,1495,1510,1390,1430,505612
187790,2020-10-16,1430,1450,1330,1380,569322
187790,2020-10-19,1390,1415,1350,1355,205383
187790,2020-10-20,1340,1390,1310,1380,297031
187790,2020-10-21,1380,1440,1375,1430,169409
187790,2020-10-22,1435,1445,1375,1390,158740
187790,2020-10-23,1390,1405,1360,1375,109490
187790,2020-10-26,1390,1390,1310,1310,200407
187790,2020-10-27,1300,1345,1295,1310,118019
187790,2020-10-28,1310,1340,1300,1340,84470
187790,2020-10-29,1300,1380,1285,1380,504684
187790,2020-10-30,1570,1630,1310,1310,7667243
187790,2020-11-02,1350,1375,1305,1335,641864
187790,2020-11-03,1345,1375,1335,1350,526239
187790,2020-11-04,1365,1380,1330,1345,427888
187790,2020-11-05,1370,1425,1355,1415,545188
187790,2020-11-06,1415,1465,1385,1460,898384
187790,2020-11-09,1490,1490,1445,1470,771303
187790,2020-11-10,1490,1565,1435,1530,1821560
187790,2020-11-11,1530,1540,1485,1535,498569
187790,2020-11-12,1535,1535,1485,1500,357507
187790,2020-11-13,1490,1515,1475,1490,380088
187790,2020-11-16,1490,1750,1490,1610,9540564
187790,2020-11-17,1595,1600,1545,1550,1232534
187790,2020-11-18,1550,1575,1540,1540,601206
187790,2020-11-19,1545,1545,1500,1510,463009
187790,2020-11-20,1515,1550,1490,1510,330571
187790,2020-11-23,1515,1540,1500,1525,269412
187790,2020-11-24,1525,1555,1520,1540,221662
187790,2020-11-25,1560,1575,1475,1505,408991
187790,2020-11-26,1500,1525,1480,1500,189610
187790,2020-11-27,1500,1525,1485,1505,110434
187790,2020-11-30,1530,1530,1495,1515,234917
187790,2020-12-01,1515,1515,1495,1510,108033
187790,2020-12-02,1530,1630,1525,1570,2318333
187790,2020-12-03,1570,1630,1535,1620,766109
187790,2020-12-04,1630,1630,1565,1570,496007
187790,2020-12-07,1580,1605,1510,1605,561777
187790,2020-12-08,1600,1605,1545,1550,365207
187790,2020-12-09,1550,1580,1535,1560,227319
187790,2020-12-10,1565,1590,1540,1590,212544
187790,2020-12-11,1610,1620,1565,1575,389666
187790,2020-12-14,1575,1595,1540,1555,265669
187790,2020-12-15,1555,1580,1505,1510,347511
187790,2020-12-16,1530,1585,1515,1565,231722
187790,2020-12-17,1560,1560,1485,1505,470336
187790,2020-12-18,1520,1520,1480,1505,218340
187790,2020-12-21,1505,1515,1440,1460,583792
187790,2020-12-22,1460,1470,1400,1400,412958
187790,2020-12-23,1425,1445,1390,1415,283897
187790,2020-12-24,1415,1415,1380,1395,212417
187790,2020-12-28,1430,1510,1405,1410,1016069
187790,2020-12-29,1410,1465,1410,1460,347378
187790,2020-12-30,1460,1500,1445,1480,299505
187790,2021-01-04,1480,1515,1470,1495,285724
187790,2021-01-05,1495,1505,1470,1505,267739
187790,2021-01-06,1510,1515,1470,1490,259381
187790,2021-01-06,1510,1515,1470,1490,260850
187790,2021-01-07,1490,1520,1485,1500,312447
187790,2021-01-08,1505,1520,1465,1475,252570
187790,2021-01-08,1505,1520,1465,1475,252608
187790,2021-01-11,1475,1495,1400,1445,418724
187790,2021-01-11,1475,1495,1400,1445,418921
187790,2021-01-12,1430,1470,1415,1460,197497
187790,2021-01-13,1475,1500,1450,1475,295800
