Symbol,Date,Open,High,Low,Close,Volume
039290,2006-07-04,4610,4850,3920,3920,760972
039290,2006-07-05,3630,4245,3605,3800,1070447
039290,2006-07-06,3810,3905,3715,3725,184981
039290,2006-07-07,3740,3865,3515,3515,473158
039290,2006-07-10,3455,3500,3360,3390,193614
039290,2006-07-11,3390,3720,3350,3500,396969
039290,2006-07-12,3515,3800,3435,3435,257522
039290,2006-07-13,3440,3590,3360,3400,127063
039290,2006-07-14,3360,3420,3035,3270,101011
039290,2006-07-18,3190,3190,3015,3015,73623
039290,2006-07-19,3155,3465,3030,3465,408138
039290,2006-07-20,3460,3615,3290,3295,232155
039290,2006-07-21,3260,3500,3170,3365,208815
039290,2006-07-24,3295,3695,3295,3550,226231
039290,2006-07-25,3520,3725,3500,3665,138483
039290,2006-07-26,3615,3675,3530,3550,69626
039290,2006-07-27,3485,3695,3485,3640,56676
039290,2006-07-28,3640,3700,3520,3700,55527
039290,2006-07-31,3705,3760,3550,3600,32466
039290,2006-08-01,3480,3600,3340,3355,55888
039290,2006-08-02,3260,3400,3250,3360,31288
039290,2006-08-03,3360,3370,3150,3335,29216
039290,2006-08-04,3375,3375,3260,3290,26818
039290,2006-08-07,3235,3490,3235,3285,11337
039290,2006-08-08,3345,3345,3235,3300,17803
039290,2006-08-09,3340,3580,3300,3495,105235
039290,2006-08-10,3620,4015,3455,4015,423856
039290,2006-08-11,4300,4405,3635,3695,431001
039290,2006-08-14,3955,4245,3690,3930,932025
039290,2006-08-16,4130,4205,3860,4000,405934
039290,2006-08-17,4055,4140,3710,3720,428594
039290,2006-08-18,3730,3790,3620,3655,148101
039290,2006-08-21,3790,3790,3630,3700,167259
039290,2006-08-22,3710,3740,3575,3605,143273
039290,2006-08-23,3635,3635,3475,3490,109237
039290,2006-08-24,3435,3570,3375,3530,106956
039290,2006-08-25,3580,3580,3495,3495,88703
039290,2006-08-28,3440,3495,3390,3425,77141
039290,2006-08-29,3425,3585,3410,3450,73144
039290,2006-08-30,3470,3570,3455,3550,52401
039290,2006-08-31,3575,3580,3510,3515,49514
039290,2006-09-01,3500,3555,3500,3520,48858
039290,2006-09-04,3520,3560,3475,3550,79511
039290,2006-09-05,3555,3840,3555,3740,173357
039290,2006-09-06,3790,3800,3610,3690,83820
039290,2006-09-07,3700,3700,3530,3600,84536
039290,2006-09-08,3555,3730,3550,3645,50393
039290,2006-09-11,3625,3690,3515,3595,43811
039290,2006-09-12,3580,3600,3430,3485,35895
039290,2006-09-13,3570,3570,3450,3490,47284
039290,2006-09-14,3450,3600,3450,3545,38698
039290,2006-09-15,3510,3700,3510,3620,69588
039290,2006-09-18,3690,3735,3620,3630,128878
039290,2006-09-19,3685,3710,3575,3620,45794
039290,2006-09-20,3580,3650,3500,3560,63661
039290,2006-09-21,3600,3645,3520,3550,37724
039290,2006-09-22,3505,3640,3430,3500,54394
039290,2006-09-25,3500,3575,3460,3500,32177
039290,2006-09-26,3500,3550,3365,3430,68490
039290,2006-09-27,3535,3535,3390,3425,34780
039290,2006-09-28,3400,3440,3380,3430,35313
039290,2006-09-29,3490,3490,3380,3420,32503
039290,2006-10-02,3465,3465,3320,3365,14915
039290,2006-10-04,3300,3350,3200,3230,33423
039290,2006-10-09,3210,3240,2750,2810,87713
039290,2006-10-10,2970,2970,2785,2945,37892
039290,2006-10-11,2860,2950,2860,2950,26352
039290,2006-10-12,2800,3045,2800,3025,17361
039290,2006-10-13,3025,3200,2940,3010,30527
039290,2006-10-16,3015,3040,2995,3030,31296
039290,2006-10-17,3050,3050,2950,3005,16103
039290,2006-10-18,3035,3035,2965,3030,6030
039290,2006-10-19,3060,3060,2980,3040,8529
039290,2006-10-20,3015,3060,2990,3040,61352
039290,2006-10-23,3040,3070,3015,3030,18470
039290,2006-10-24,3030,3125,2900,3030,48720
039290,2006-10-25,3010,3060,2950,2990,28778
039290,2006-10-26,2980,2990,2875,2890,64432
039290,2006-10-27,2950,2990,2880,2900,30799
039290,2006-10-30,2930,3000,2890,2920,50755
039290,2006-10-31,2920,2985,2890,2915,46507
039290,2006-11-01,2920,3070,2915,2995,56948
039290,2006-11-02,2965,3150,2965,3000,67914
039290,2006-11-03,3010,3070,2975,3015,45765
039290,2006-11-06,3050,3465,3045,3465,359379
039290,2006-11-07,3520,3535,3255,3270,301092
039290,2006-11-08,3250,3355,3175,3295,161513
039290,2006-11-09,3320,3370,3220,3240,110934
039290,2006-11-10,3210,3380,3210,3295,110081
039290,2006-11-13,3300,3400,3230,3250,93544
039290,2006-11-14,3210,3230,3050,3100,112534
039290,2006-11-15,3270,3270,3010,3100,80590
039290,2006-11-16,3110,3165,3090,3140,51780
039290,2006-11-17,3100,3155,3090,3110,44131
039290,2006-11-20,3090,3150,2700,3050,59526
039290,2006-11-21,3005,3080,3005,3020,33953
039290,2006-11-22,3045,3125,2990,3010,67309
039290,2006-11-23,2995,3100,2965,3000,30976
039290,2006-11-24,3030,3060,2955,3000,40404
039290,2006-11-27,3080,3230,2965,3200,50799
039290,2006-11-28,3195,3375,3080,3365,79651
039290,2006-11-29,3365,3470,3280,3420,57861
039290,2006-11-30,3360,3515,3360,3415,49105
039290,2006-12-01,3365,3460,3300,3415,43345
039290,2006-12-04,3365,3415,3305,3385,57424
039290,2006-12-05,3430,3890,3430,3890,413197
039290,2006-12-06,3865,3970,3670,3945,282656
039290,2006-12-07,3945,4190,3880,3905,178144
039290,2006-12-08,3900,4145,3800,4125,205280
039290,2006-12-11,4100,4500,4040,4100,224494
039290,2006-12-12,4055,4150,3750,3800,219930
039290,2006-12-13,3755,3990,3750,3835,83028
039290,2006-12-14,3940,3990,3795,3850,46028
039290,2006-12-15,3855,3920,3710,3830,45131
039290,2006-12-18,3845,4070,3845,3920,42702
039290,2006-12-19,3950,4085,3850,3920,48691
039290,2006-12-20,3995,4000,3830,3890,43852
039290,2006-12-21,3830,4150,3750,3930,34743
039290,2006-12-22,4000,4000,3830,3880,17793
039290,2006-12-26,3995,3995,3750,3750,49354
039290,2006-12-27,3770,3800,3600,3600,47881
039290,2006-12-28,3610,3750,3610,3730,31744
039290,2007-01-02,3840,3840,3690,3690,21084
039290,2007-01-03,3670,3735,3630,3690,31560
039290,2007-01-04,3745,3750,3660,3730,23848
039290,2007-01-05,3615,3760,3615,3750,54327
039290,2007-01-08,3750,4150,3750,4100,108261
039290,2007-01-09,4240,4350,4085,4150,56466
039290,2007-01-10,4200,4240,4000,4150,65791
039290,2007-01-11,4155,4500,4150,4440,59189
039290,2007-01-12,4590,4695,4450,4590,70937
039290,2007-01-15,4590,4700,4420,4670,111410
039290,2007-01-16,4685,4840,4550,4670,90874
039290,2007-01-17,4790,5200,4715,5060,192239
039290,2007-01-18,5150,5450,4750,4840,245767
039290,2007-01-19,4900,4900,4480,4630,138919
039290,2007-01-22,4630,5300,4610,5300,142325
039290,2007-01-23,5450,6090,5430,6090,1127287
039290,2007-01-24,6400,6600,5850,6100,1170667
039290,2007-01-25,7010,7010,6580,7010,2262663
039290,2007-01-26,7400,7760,6770,7180,2209448
039290,2007-01-29,7200,7610,6920,7050,1775680
039290,2007-01-30,7050,7090,6190,6420,1317030
039290,2007-01-31,6320,6890,6320,6750,1077065
039290,2007-02-01,6810,6920,6200,6580,969534
039290,2007-02-02,6650,7090,6480,6600,1397064
039290,2007-02-05,6500,6880,6160,6850,837193
039290,2007-02-06,7000,7350,6420,6560,1806465
039290,2007-02-07,6580,6800,6400,6400,904014
039290,2007-02-08,6310,6390,6080,6190,627078
039290,2007-02-09,6270,6850,6180,6290,1467984
039290,2007-02-12,5990,6110,5740,5880,561203
039290,2007-02-13,5970,5970,5270,5400,595295
039290,2007-02-14,5530,6150,5500,6020,1032917
039290,2007-02-15,5990,6400,5850,6050,880063
039290,2007-02-16,6200,6610,5850,6450,749445
039290,2007-02-20,6570,7410,6540,7410,1036610
039290,2007-02-21,7900,8500,7340,7610,2683353
039290,2007-02-22,7760,7760,6890,7340,1040576
039290,2007-02-23,7290,8090,6900,7850,1272376
039290,2007-02-26,8100,8900,7200,7200,2431776
039290,2007-02-27,7700,7770,7010,7300,1077982
039290,2007-02-28,6900,7390,6680,7110,596604
039290,2007-03-02,6900,7240,6890,7010,404048
039290,2007-03-05,6980,7420,6830,7200,668990
039290,2007-03-06,7330,7380,7010,7100,423512
039290,2007-03-07,7110,7240,6820,6820,310063
039290,2007-03-08,6860,7350,6820,7290,418194
039290,2007-03-09,7360,7680,7310,7310,447359
039290,2007-03-12,7150,7290,7000,7110,350538
039290,2007-03-13,7050,7300,7040,7160,158242
039290,2007-03-14,7120,7550,7060,7390,351523
039290,2007-03-15,7630,7900,7380,7690,818557
039290,2007-03-16,7690,7740,7450,7590,300878
039290,2007-03-19,7500,7660,7380,7600,236003
039290,2007-03-20,7690,7790,7300,7400,327026
039290,2007-03-21,7420,7430,6970,6970,308001
039290,2007-03-22,6980,7210,6920,7070,376359
039290,2007-03-23,7010,7120,6920,6920,176899
039290,2007-03-26,6970,7100,6850,7090,151669
039290,2007-03-27,7180,7490,7090,7160,282704
039290,2007-03-28,7140,7340,7070,7140,196489
039290,2007-03-29,7140,7170,6990,7100,135879
039290,2007-03-30,6840,7160,6840,7040,149648
039290,2007-04-02,7140,7190,6950,7100,141841
039290,2007-04-03,7240,7280,7000,7200,192314
039290,2007-04-04,7230,7650,7170,7470,367013
039290,2007-04-05,7580,7740,7400,7500,425343
039290,2007-04-06,7500,8200,7380,8000,524449
039290,2007-04-09,8170,8230,7910,8080,300612
039290,2007-04-10,8240,8600,8150,8480,480170
039290,2007-04-11,8670,8740,8360,8560,361980
039290,2007-04-12,9100,9840,9100,9350,1462598
039290,2007-04-13,9400,9510,9030,9510,305719
039290,2007-04-16,9600,9630,9300,9350,239018
039290,2007-04-17,9210,10750,9210,9990,1007230
039290,2007-04-18,9990,10500,9850,10250,470346
039290,2007-04-19,10850,10850,10150,10400,699493
039290,2007-04-20,10400,10550,10000,10200,334523
039290,2007-04-23,10200,10900,10150,10250,468138
039290,2007-04-24,10300,10700,10100,10700,366160
039290,2007-04-25,11000,11050,10550,10600,270486
039290,2007-04-26,10600,10700,9850,10000,538718
039290,2007-04-27,9900,9900,8500,8500,845542
039290,2007-04-30,8250,8580,8170,8320,320621
039290,2007-05-02,8530,8760,8400,8500,213639
039290,2007-05-03,8710,9670,8650,9670,363434
039290,2007-05-04,9460,9700,9250,9480,107859
039290,2007-05-07,9400,9650,9330,9380,105829
039290,2007-05-08,9500,9600,9210,9500,97352
039290,2007-05-09,9500,10000,9500,9740,136974
039290,2007-05-10,9730,9740,9210,9420,158165
039290,2007-05-11,9310,9310,8900,9140,197507
039290,2007-05-14,9010,9440,8780,9020,277410
039290,2007-05-15,9170,9340,8920,9210,106224
039290,2007-05-16,9240,9340,8900,8930,87813
039290,2007-05-17,9240,9240,8610,8790,88839
039290,2007-05-18,8850,8990,8720,8840,54096
039290,2007-05-21,8840,8950,8310,8490,144694
039290,2007-05-22,8400,8630,8370,8470,84708
039290,2007-05-23,8330,9090,8330,9050,126024
039290,2007-05-25,8990,8990,8630,8700,73028
039290,2007-05-28,8860,8860,8430,8500,82263
039290,2007-05-29,8500,8740,8410,8450,74454
039290,2007-05-30,8450,8570,8100,8150,136756
039290,2007-05-31,8300,8390,8070,8300,105679
039290,2007-06-01,8310,8550,8150,8170,93922
039290,2007-06-04,8200,8390,8000,8050,123921
039290,2007-06-05,8100,8550,8070,8540,138171
039290,2007-06-07,8400,9250,8400,9100,226889
039290,2007-06-08,9080,9270,8900,9100,92136
039290,2007-06-11,9450,9750,9180,9580,207681
039290,2007-06-12,9550,10750,9430,10100,503982
039290,2007-06-13,10100,10350,9850,10150,172983
039290,2007-06-14,10450,10500,10000,10250,238632
039290,2007-06-15,10250,10550,9950,10100,241349
039290,2007-06-18,10300,10400,10000,10200,178220
039290,2007-06-19,10300,11250,10200,10900,456146
039290,2007-06-20,11100,11100,9900,10200,249391
039290,2007-06-21,10150,10500,9900,10250,192585
039290,2007-06-22,10550,10850,10250,10500,233172
039290,2007-06-25,10550,11550,10200,10950,581616
039290,2007-06-26,11000,11700,10800,11600,473485
039290,2007-06-27,11750,11800,10800,10800,185361
039290,2007-06-28,11000,11250,10000,10400,225153
039290,2007-06-29,10500,11950,10100,11950,603200
039290,2007-07-02,12300,12500,11600,11900,477685
039290,2007-07-03,12100,12450,11650,12350,381404
039290,2007-07-04,12250,12300,11800,11800,281668
039290,2007-07-05,12100,13150,11650,12800,713194
039290,2007-07-06,13300,13400,10900,10900,1072451
039290,2007-07-09,10800,10850,9980,10150,640710
039290,2007-07-10,10500,10650,9990,10000,384146
039290,2007-07-11,9900,10100,9600,9750,261619
039290,2007-07-12,9900,10500,9900,10200,351272
039290,2007-07-13,10950,11150,10650,10950,501407
039290,2007-07-16,11100,11150,10250,10450,191413
039290,2007-07-18,10500,10500,9900,10050,210480
039290,2007-07-19,10200,10250,9940,10000,128312
039290,2007-07-20,10050,10050,9850,9880,169220
039290,2007-07-23,9810,10250,9810,9990,178880
039290,2007-07-24,10000,10100,9480,9560,136592
039290,2007-07-25,9400,9500,9000,9080,226967
039290,2007-07-26,9010,9500,9000,9000,126295
039290,2007-07-27,8680,8880,8500,8600,136591
039290,2007-07-30,8600,8870,8560,8600,98399
039290,2007-07-31,8650,9070,8650,8700,91285
039290,2007-08-01,8540,8870,8300,8350,84335
039290,2007-08-02,8500,8960,8250,8830,171397
039290,2007-08-03,9130,9180,8810,9050,129209
039290,2007-08-06,8920,8990,8790,8980,77244
039290,2007-08-07,9070,9070,8670,9000,101091
039290,2007-08-08,9100,9100,8700,8950,61718
039290,2007-08-09,8950,9030,8800,8950,60780
039290,2007-08-10,8650,8880,8210,8350,79740
039290,2007-08-13,8330,8530,8160,8500,62979
039290,2007-08-14,8560,8640,8120,8150,59151
039290,2007-08-16,7620,7630,6930,6930,93091
039290,2007-08-17,6200,7950,6150,6400,125596
039290,2007-08-20,6950,7050,6700,7000,77618
039290,2007-08-21,7000,7170,6920,7060,54432
039290,2007-08-22,7260,7280,7010,7140,29493
039290,2007-08-23,7230,7430,7100,7140,72863
039290,2007-08-24,7140,7300,7070,7200,28536
039290,2007-08-27,7390,7400,7140,7160,46690
039290,2007-08-28,7100,7800,7100,7400,134472
039290,2007-08-29,7190,7280,7030,7140,57922
039290,2007-08-30,7300,7450,6990,6990,107558
039290,2007-08-31,7010,7190,6890,7140,78657
039290,2007-09-03,7230,7250,7110,7190,64266
039290,2007-09-04,7200,7350,7110,7170,51176
039290,2007-09-05,7200,7230,6990,7030,60932
039290,2007-09-06,6910,7050,6880,6900,62266
039290,2007-09-07,7080,7080,6860,6870,73469
039290,2007-09-10,6600,6770,6520,6560,45045
039290,2007-09-11,6700,6800,6460,6460,73998
039290,2007-09-12,6460,6550,6070,6070,88046
039290,2007-09-13,6000,6340,6000,6150,71173
039290,2007-09-14,6290,7070,6210,7070,183742
039290,2007-09-17,7070,7350,6800,7150,162982
039290,2007-09-18,6990,7590,6990,7510,126291
039290,2007-09-19,7600,8200,7520,7520,173836
039290,2007-09-20,7360,7800,7100,7350,82503
039290,2007-09-21,7350,7410,7030,7070,47196
039290,2007-09-27,7090,7250,6600,6600,100917
039290,2007-09-28,6500,6880,6430,6880,86733
039290,2007-10-01,6950,6950,6690,6860,97789
039290,2007-10-02,6860,7450,6800,7040,110253
039290,2007-10-04,6950,7170,6750,6800,53053
039290,2007-10-05,6800,6800,6530,6700,83958
039290,2007-10-08,6800,6820,6340,6350,105941
039290,2007-10-09,6060,6540,5400,5710,176880
039290,2007-10-10,5710,5750,5430,5740,132907
039290,2007-10-11,5840,5840,5510,5610,60396
039290,2007-10-12,5500,5770,5260,5260,118201
039290,2007-10-15,5180,5370,4940,4950,153205
039290,2007-10-16,4800,5020,4500,4500,216266
039290,2007-10-17,4505,4980,4500,4690,240540
039290,2007-10-18,4610,5390,4515,5390,768697
039290,2007-10-19,5800,6190,5650,6190,354058
039290,2007-10-22,6000,7110,6000,7110,586486
039290,2007-10-23,7960,7960,6500,7170,959739
039290,2007-10-24,7230,7570,6600,6760,364568
039290,2007-10-25,6670,6700,5920,6010,626798
039290,2007-10-26,6000,6330,5570,5800,491988
039290,2007-10-29,6100,6100,5800,5900,239624
039290,2007-10-30,5970,6260,5930,6110,267534
039290,2007-10-31,6190,6650,6120,6300,416283
039290,2007-11-01,6300,6700,5900,6200,262010
039290,2007-11-02,5860,6100,5660,5690,125229
039290,2007-11-05,5610,6010,5480,5810,113217
039290,2007-11-06,5820,6680,5820,6140,678174
039290,2007-11-07,6150,6200,5750,5800,128752
039290,2007-11-08,5630,6040,5550,5850,99944
039290,2007-11-09,5870,6030,5730,5830,44782
039290,2007-11-12,5800,5890,5420,5480,61448
039290,2007-11-13,5380,5510,5140,5160,100657
039290,2007-11-14,5180,5450,5160,5180,104987
039290,2007-11-15,5180,5230,4920,4940,126376
039290,2007-11-16,4970,4970,4835,4945,50636
039290,2007-11-19,5050,5250,4950,4950,86338
039290,2007-11-20,4845,5040,4730,5010,79390
039290,2007-11-21,4960,5320,4960,5180,76486
039290,2007-11-22,5050,5280,5050,5190,35491
039290,2007-11-23,5110,5230,4750,5000,50322
039290,2007-11-26,5010,5240,4990,5000,42876
039290,2007-11-27,5000,5090,4770,4970,61686
039290,2007-11-28,5130,5130,4800,4920,82994
039290,2007-11-29,4960,5050,4750,4750,89443
039290,2007-11-30,4715,4825,4680,4800,36202
039290,2007-12-03,4900,4940,4750,4800,40045
039290,2007-12-04,4800,4920,4760,4800,42990
039290,2007-12-05,4800,4845,4650,4735,45146
039290,2007-12-06,4800,5170,4755,5000,110850
039290,2007-12-07,5100,5100,4765,4850,70775
039290,2007-12-10,4850,4850,4730,4795,36635
039290,2007-12-11,4810,4830,4670,4690,38632
039290,2007-12-12,4700,4700,4450,4555,84754
039290,2007-12-13,4470,4655,4470,4600,46247
039290,2007-12-14,4600,4650,4500,4510,51898
039290,2007-12-17,4500,4595,4455,4455,29362
039290,2007-12-18,4315,4730,4210,4560,62247
039290,2007-12-20,4750,4750,4530,4530,44686
039290,2007-12-21,4535,4625,4460,4480,36787
039290,2007-12-24,4405,4570,4380,4565,48863
039290,2007-12-26,4405,4600,4405,4460,36886
039290,2007-12-27,4420,4730,4420,4730,38465
039290,2007-12-28,4780,4795,4630,4775,33990
039290,2008-01-02,4785,5280,4785,5110,115822
039290,2008-01-03,5100,5160,4965,5140,41909
039290,2008-01-04,5140,5170,5050,5050,26664
039290,2008-01-07,4950,5040,4850,5010,18531
039290,2008-01-08,5120,5120,4930,4950,32418
039290,2008-01-09,4950,5070,4840,4975,48548
039290,2008-01-10,5030,5110,4900,4900,58076
039290,2008-01-11,5150,5150,4720,4860,32911
039290,2008-01-14,4860,5000,4600,4700,32023
039290,2008-01-15,4630,4740,4500,4530,31505
039290,2008-01-16,4410,4495,4115,4400,54572
039290,2008-01-17,4530,4530,4245,4250,27067
039290,2008-01-18,4180,4250,3950,4250,53642
039290,2008-01-21,4165,4250,4020,4035,53530
039290,2008-01-22,3850,4135,3430,3560,127790
039290,2008-01-23,3560,3780,3485,3485,99747
039290,2008-01-24,3500,3750,3475,3630,80005
039290,2008-01-25,3635,3800,3635,3695,37454
039290,2008-01-28,3640,3760,3500,3660,50916
039290,2008-01-29,3610,3710,3550,3595,34568
039290,2008-01-30,3570,3640,3310,3410,48132
039290,2008-01-31,3310,3480,3310,3415,75987
039290,2008-02-01,3490,3490,3360,3420,17417
039290,2008-02-04,3540,3540,3430,3500,36276
039290,2008-02-05,3465,3605,3465,3590,15082
039290,2008-02-11,3510,3570,3470,3500,14512
039290,2008-02-12,3520,3520,3445,3510,18327
039290,2008-02-13,3590,3660,3530,3650,31917
039290,2008-02-14,3730,3840,3620,3780,54995
039290,2008-02-15,3750,3820,3520,3780,25325
039290,2008-02-18,3800,4140,3795,4025,104772
039290,2008-02-19,4145,4400,4120,4250,108933
039290,2008-02-20,4305,4380,4150,4380,56554
039290,2008-02-21,4425,4425,4165,4260,31950
039290,2008-02-22,4230,4410,4100,4340,43819
039290,2008-02-25,4400,4450,4295,4340,25592
039290,2008-02-26,4350,4485,4210,4330,14676
039290,2008-02-27,4395,4395,4210,4240,10525
039290,2008-02-28,4230,4260,4035,4200,46540
039290,2008-02-29,4160,4290,4100,4175,13940
039290,2008-03-03,4230,4230,3900,4100,39194
039290,2008-03-04,4120,4120,3965,4080,8352
039290,2008-03-05,4080,4150,3955,4045,14611
039290,2008-03-06,4100,4250,4045,4250,35412
039290,2008-03-07,4150,4240,3955,4200,38764
039290,2008-03-10,4200,4350,4100,4215,36571
039290,2008-03-11,4100,4240,4085,4240,30492
039290,2008-03-12,4270,4380,4250,4310,33240
039290,2008-03-13,4330,4450,4135,4165,20464
039290,2008-03-14,4300,4300,3875,3875,36203
039290,2008-03-17,3890,3890,3500,3610,55041
039290,2008-03-18,3600,3600,3360,3520,37440
039290,2008-03-19,3640,3640,3400,3550,17861
039290,2008-03-20,3470,3540,3400,3480,14662
039290,2008-03-21,3600,3770,3500,3510,18591
039290,2008-03-24,3520,3615,2985,3400,68366
039290,2008-03-25,3490,3540,3380,3535,38684
039290,2008-03-26,3535,3600,3310,3400,56881
039290,2008-03-27,3400,3520,3355,3480,37445
039290,2008-03-28,3460,3590,3430,3570,30529
039290,2008-03-31,3600,3710,3580,3710,36081
039290,2008-04-01,3710,3955,3710,3920,54007
039290,2008-04-02,3980,4050,3910,4000,42177
039290,2008-04-03,4045,4045,3850,3870,20920
039290,2008-04-04,4000,4000,3780,3850,11221
039290,2008-04-07,3900,3900,3725,3890,33621
039290,2008-04-08,3950,4470,3795,4470,101854
039290,2008-04-10,5000,5100,4235,4235,478472
039290,2008-04-11,4235,4360,3980,4125,103396
039290,2008-04-14,4000,4125,3920,4015,46660
039290,2008-04-15,4070,4180,4020,4045,41968
039290,2008-04-16,4100,4200,4040,4120,42178
039290,2008-04-17,4150,4170,4065,4130,30355
039290,2008-04-18,4190,4190,4050,4050,30769
039290,2008-04-21,4050,4100,3960,3965,39515
039290,2008-04-22,3965,4170,3955,4115,36579
039290,2008-04-23,4050,4130,4045,4110,26784
039290,2008-04-24,4090,4115,4005,4070,45108
039290,2008-04-25,4030,4150,4030,4095,22783
039290,2008-04-28,4100,4145,4030,4095,12085
039290,2008-04-29,4055,4175,4055,4085,16508
039290,2008-04-30,4100,4100,4010,4010,31065
039290,2008-05-02,4050,4050,3940,3995,65560
039290,2008-05-06,4020,4045,3950,4045,34790
039290,2008-05-07,4080,4080,3950,3965,9909
039290,2008-05-08,3990,4040,3915,4030,22853
039290,2008-05-09,3960,4020,3850,3940,42951
039290,2008-05-13,4000,4000,3880,3880,18221
039290,2008-05-14,3930,4050,3880,3940,22136
039290,2008-05-15,3860,4060,3860,4020,31431
039290,2008-05-16,4050,4050,3800,4040,18022
039290,2008-05-19,4035,4035,3860,3860,30094
039290,2008-05-20,3930,3970,3720,3790,28251
039290,2008-05-21,3730,3790,3620,3630,45230
039290,2008-05-22,3700,3700,3435,3595,34192
039290,2008-05-23,3630,3640,3555,3580,29036
039290,2008-05-26,3600,3620,3490,3560,51575
039290,2008-05-27,3550,3690,3520,3560,15578
039290,2008-05-28,3695,3695,3515,3565,17520
039290,2008-05-29,3565,3645,3510,3605,13704
039290,2008-05-30,3600,3695,3600,3600,8076
039290,2008-06-02,3600,3750,3550,3600,29541
039290,2008-06-03,3520,3645,3460,3465,28541
039290,2008-06-04,3465,3490,3400,3490,11450
039290,2008-06-05,3460,3580,3460,3545,16685
039290,2008-06-09,3430,3570,3430,3455,24474
039290,2008-06-10,3500,3500,3300,3430,37723
039290,2008-06-11,3450,3450,3325,3325,18986
039290,2008-06-12,3345,3520,3325,3405,29153
039290,2008-06-13,3385,3500,3385,3500,17515
039290,2008-06-16,3500,3580,3400,3550,38184
039290,2008-06-17,3600,3745,3570,3650,25850
039290,2008-06-18,3680,3700,3640,3685,6940
039290,2008-06-19,3700,3700,3560,3600,8571
039290,2008-06-20,3545,3815,3510,3815,32081
039290,2008-06-23,3800,3800,3690,3740,31549
039290,2008-06-24,3790,3850,3600,3795,39499
039290,2008-06-25,3800,3835,3655,3800,19004
039290,2008-06-26,3890,3890,3690,3800,22098
039290,2008-06-27,3790,3790,3500,3750,11208
039290,2008-06-30,3750,3750,3620,3650,18676
039290,2008-07-01,3745,3745,3520,3660,19055
039290,2008-07-02,3590,3650,3335,3500,31055
039290,2008-07-03,3250,3470,3250,3400,25490
039290,2008-07-04,3400,3400,3180,3330,24398
039290,2008-07-07,3320,3435,3250,3300,16067
039290,2008-07-08,3250,3330,3120,3185,14405
039290,2008-07-09,3200,3260,3100,3210,27323
039290,2008-07-10,3230,3230,3000,3150,12480
039290,2008-07-11,3130,3180,3115,3150,12838
039290,2008-07-14,3150,3150,3060,3140,14986
039290,2008-07-15,3170,3170,3040,3080,6969
039290,2008-07-16,3175,3175,3000,3090,21834
039290,2008-07-17,3195,3495,3090,3195,31605
039290,2008-07-18,3340,3340,3100,3100,7746
039290,2008-07-21,3055,3170,3055,3100,11858
039290,2008-07-22,3190,3190,3050,3065,5668
039290,2008-07-23,3165,3165,3015,3040,31984
039290,2008-07-24,3115,3120,3045,3110,12871
039290,2008-07-25,3050,3120,3050,3110,9910
039290,2008-07-28,3220,3220,3065,3100,19251
039290,2008-07-29,3055,3105,3035,3100,5117
039290,2008-07-30,3120,3140,3060,3105,2424
039290,2008-07-31,3110,3140,3080,3140,6714
039290,2008-08-01,3165,3165,3095,3130,6581
039290,2008-08-04,3085,3190,3050,3095,19224
039290,2008-08-05,3095,3170,3040,3055,2095
039290,2008-08-06,3145,3145,3030,3095,7335
039290,2008-08-07,3165,3165,3030,3085,3862
039290,2008-08-08,3030,3090,3000,3050,10796
039290,2008-08-11,3150,3150,3005,3020,20132
039290,2008-08-12,3025,3100,2975,2985,14790
039290,2008-08-13,2910,3090,2910,3005,27048
039290,2008-08-14,3090,3090,2950,2970,16433
039290,2008-08-18,2925,2995,2860,2870,34181
039290,2008-08-19,2885,2890,2830,2880,15682
039290,2008-08-20,2880,2965,2805,2830,12930
039290,2008-08-21,2815,2900,2815,2875,35156
039290,2008-08-22,3000,3230,2805,2880,7461
039290,2008-08-25,2980,2980,2790,2800,11812
039290,2008-08-26,2895,2895,2710,2790,28908
039290,2008-08-27,2890,2890,2715,2735,9187
039290,2008-08-28,2800,3000,2700,2735,24308
039290,2008-08-29,2795,2895,2735,2790,7288
039290,2008-09-01,2885,2885,2475,2475,61980
039290,2008-09-02,2475,2590,2105,2105,98013
039290,2008-09-03,1915,2180,1795,1930,162193
039290,2008-09-04,2005,2210,1970,2145,45464
039290,2008-09-05,2000,2345,1950,2240,78729
039290,2008-09-08,2330,2575,2200,2510,61789
039290,2008-09-09,2510,2710,2455,2695,44285
039290,2008-09-10,2600,2830,2600,2680,33461
039290,2008-09-11,2795,2800,2670,2800,21402
039290,2008-09-12,2700,2895,2700,2830,16817
039290,2008-09-16,2575,2750,2415,2680,39943
039290,2008-09-17,2590,2875,2590,2840,27763
039290,2008-09-18,2835,2835,2665,2830,17035
039290,2008-09-19,2925,2955,2830,2900,13975
039290,2008-09-22,2900,3060,2860,2860,15392
039290,2008-09-23,2860,2930,2760,2890,7887
039290,2008-09-24,2900,2900,2750,2840,13128
039290,2008-09-25,2820,2840,2690,2780,6159
039290,2008-09-26,2800,2805,2600,2805,14643
039290,2008-09-29,2845,2845,2710,2740,1242
039290,2008-09-30,2500,2995,2500,2780,16896
039290,2008-10-01,2700,2900,2670,2680,5047
039290,2008-10-02,2800,2800,2620,2620,3902
039290,2008-10-06,2745,2745,2465,2575,2712
039290,2008-10-07,2500,2610,2190,2470,38225
039290,2008-10-08,2465,2465,2130,2400,28986
039290,2008-10-09,2175,2450,2175,2380,15570
039290,2008-10-10,2300,2340,2110,2310,8003
039290,2008-10-13,2390,2400,2200,2360,12940
039290,2008-10-14,2540,2540,2300,2425,21608
039290,2008-10-15,2440,2440,2315,2390,12226
039290,2008-10-16,2350,2350,2035,2035,37427
039290,2008-10-17,2135,2150,1800,2035,25285
039290,2008-10-20,1955,2050,1900,1985,11247
039290,2008-10-21,2050,2050,1885,1885,16673
039290,2008-10-22,1815,1850,1605,1605,63315
039290,2008-10-23,1505,1560,1365,1365,118612
039290,2008-10-24,1350,1420,1165,1165,126757
039290,2008-10-27,1020,1150,995,995,71689
039290,2008-10-28,1040,1140,890,1140,44467
039290,2008-10-29,1310,1310,1220,1310,57446
039290,2008-10-30,1505,1505,1390,1505,55633
039290,2008-10-31,1550,1665,1470,1570,25637
039290,2008-11-03,1780,1800,1600,1720,33542
039290,2008-11-04,1930,1930,1630,1835,18577
039290,2008-11-05,1900,1900,1780,1875,52207
039290,2008-11-06,1800,1850,1620,1690,32899
039290,2008-11-07,1540,1720,1500,1715,17725
039290,2008-11-10,1920,1920,1665,1800,18216
039290,2008-11-11,1810,1870,1610,1745,19017
039290,2008-11-12,1795,1795,1610,1780,10091
039290,2008-11-13,1660,1785,1660,1750,9355
039290,2008-11-14,1840,1840,1760,1790,11091
039290,2008-11-17,1950,1950,1670,1800,9026
039290,2008-11-18,1850,1890,1655,1750,24768
039290,2008-11-19,1840,1840,1650,1700,13729
039290,2008-11-20,1785,1785,1550,1620,11857
039290,2008-11-21,1620,1700,1420,1700,9784
039290,2008-11-24,1800,1800,1515,1670,18979
039290,2008-11-25,1690,1750,1565,1695,8727
039290,2008-11-26,1740,1740,1655,1725,6328
039290,2008-11-27,1725,1735,1660,1735,15898
039290,2008-11-28,1790,1790,1670,1740,7139
039290,2008-12-01,1840,1840,1695,1710,13296
039290,2008-12-02,1645,1690,1615,1615,21874
039290,2008-12-03,1615,1680,1600,1660,7740
039290,2008-12-04,1750,1750,1630,1685,14072
039290,2008-12-05,1650,1700,1500,1660,9031
039290,2008-12-08,1690,1690,1550,1675,10661
039290,2008-12-09,1725,1725,1620,1675,7563
039290,2008-12-10,1695,1695,1625,1695,9755
039290,2008-12-11,1705,1760,1655,1750,12336
039290,2008-12-12,1750,1750,1660,1690,9013
039290,2008-12-15,1700,1730,1660,1725,20407
039290,2008-12-16,1700,1740,1670,1695,6187
039290,2008-12-17,1680,1745,1660,1690,7416
039290,2008-12-18,1690,1715,1655,1690,17273
039290,2008-12-19,1730,1740,1660,1740,10988
039290,2008-12-22,1800,1800,1705,1720,6389
039290,2008-12-23,1790,1795,1640,1725,17298
039290,2008-12-24,1700,1700,1500,1610,10941
039290,2008-12-26,1760,1760,1555,1660,1037
039290,2008-12-29,1665,1680,1560,1660,22444
039290,2008-12-30,1570,1730,1570,1670,3741
039290,2009-01-02,1705,1705,1615,1655,6373
039290,2009-01-05,1660,1710,1615,1705,9121
039290,2009-01-06,1705,1960,1615,1960,31500
039290,2009-01-07,2050,2250,2050,2250,104926
039290,2009-01-08,2295,2320,2115,2250,92507
039290,2009-01-09,2200,2400,2090,2400,45217
039290,2009-01-12,2300,2455,2250,2455,18570
039290,2009-01-13,2505,2505,2335,2500,28635
039290,2009-01-14,2580,2580,2350,2365,31212
039290,2009-01-15,2215,2300,2205,2205,50400
039290,2009-01-16,2335,2335,2200,2260,21186
039290,2009-01-19,2215,2595,2160,2160,35832
039290,2009-01-20,2180,2245,2140,2215,14295
039290,2009-01-21,2300,2545,2105,2240,15948
039290,2009-01-22,2490,2490,2185,2220,7367
039290,2009-01-23,2300,2300,2165,2280,6685
039290,2009-01-28,2400,2400,2190,2310,27219
039290,2009-01-29,2400,2400,2200,2225,15729
039290,2009-01-30,2140,2280,2140,2200,14820
039290,2009-02-02,2200,2390,2200,2250,5346
039290,2009-02-03,2450,2450,2190,2330,24268
039290,2009-02-04,2330,2330,2245,2300,8965
039290,2009-02-05,2325,2325,2205,2240,6636
039290,2009-02-06,2260,2280,2155,2175,16190
039290,2009-02-09,2265,2265,2120,2165,7826
039290,2009-02-10,2185,2185,2120,2175,3203
039290,2009-02-11,2195,2275,2105,2130,7173
039290,2009-02-12,2140,2140,2080,2120,6455
039290,2009-02-13,2290,2290,2100,2215,8375
039290,2009-02-16,2255,2255,2090,2095,45737
039290,2009-02-17,2185,2185,2000,2075,14801
039290,2009-02-18,2030,2120,2010,2085,1804
039290,2009-02-19,2100,2100,1975,2025,7241
039290,2009-02-20,1975,2000,1820,1820,5639
039290,2009-02-23,1990,1990,1765,1845,967
039290,2009-02-24,1835,2005,1785,1830,3031
039290,2009-02-25,1850,1950,1810,1830,1127
039290,2009-02-26,1795,1925,1765,1765,8757
039290,2009-02-27,1835,1835,1635,1730,10639
039290,2009-03-02,1730,1835,1720,1730,5914
039290,2009-03-03,1790,1790,1600,1740,8231
039290,2009-03-04,1840,1840,1730,1810,9749
039290,2009-03-05,1840,1900,1745,1745,1049
039290,2009-03-06,1650,1850,1650,1760,1515
039290,2009-03-09,1760,1840,1760,1765,2683
039290,2009-03-10,1775,1900,1670,1715,6068
039290,2009-03-11,1855,1855,1750,1820,15092
039290,2009-03-12,1805,2085,1800,2045,30706
039290,2009-03-13,2280,2300,1880,2000,17960
039290,2009-03-16,1935,2050,1935,2015,5094
039290,2009-03-17,1960,2190,1960,2010,3346
039290,2009-03-18,2190,2190,1945,2070,10242
039290,2009-03-19,2070,2090,1990,2045,5293
039290,2009-03-20,2000,2090,1985,2060,11417
039290,2009-03-23,2075,2125,2035,2100,3329
039290,2009-03-24,2150,2150,2090,2090,6006
039290,2009-03-25,2110,2120,2065,2090,5403
039290,2009-03-26,2095,2130,2075,2105,2183
039290,2009-03-27,2260,2260,2100,2190,15459
039290,2009-03-30,2190,2230,2075,2075,13988
039290,2009-03-31,2195,2195,2025,2095,2626
039290,2009-04-01,2105,2140,2050,2110,10667
039290,2009-04-02,2190,2190,2060,2160,6969
039290,2009-04-03,2160,2220,2110,2160,7020
039290,2009-04-06,2200,2200,2150,2180,7571
039290,2009-04-07,2220,2220,2145,2215,19617
039290,2009-04-08,2220,2225,2180,2215,15813
039290,2009-04-09,2250,2500,2200,2420,47899
039290,2009-04-10,2430,2600,2350,2530,40795
039290,2009-04-13,2590,2590,2475,2525,18394
039290,2009-04-14,2650,2650,2480,2480,20602
039290,2009-04-15,2500,2590,2315,2590,61297
039290,2009-04-16,2610,2650,2510,2560,43616
039290,2009-04-17,2650,2900,2510,2570,20257
039290,2009-04-20,2570,2570,2440,2485,8375
039290,2009-04-21,2500,2530,2325,2530,16205
039290,2009-04-22,2590,2675,2530,2575,28503
039290,2009-04-23,2660,2660,2495,2580,36408
039290,2009-04-24,2645,2645,2485,2550,17759
039290,2009-04-27,2530,2605,2470,2520,31366
039290,2009-04-28,2505,2540,2420,2420,21789
039290,2009-04-29,2440,2570,2365,2560,7199
039290,2009-04-30,2550,2690,2495,2615,30054
039290,2009-05-04,2615,2720,2565,2600,15791
039290,2009-05-06,2660,2660,2530,2590,14516
039290,2009-05-07,2670,2670,2520,2570,8700
039290,2009-05-08,2700,2700,2500,2570,21204
039290,2009-05-11,2600,2640,2525,2590,24040
039290,2009-05-12,2610,2615,2510,2615,25868
039290,2009-05-13,2670,2770,2600,2700,46431
039290,2009-05-14,2730,2730,2660,2720,23419
039290,2009-05-15,2800,3100,2750,2990,32612
039290,2009-05-18,3015,3015,2830,2925,31003
039290,2009-05-19,2950,3000,2810,2920,59769
039290,2009-05-20,2915,2960,2875,2950,27551
039290,2009-05-21,3000,3000,2880,3000,48195
039290,2009-05-22,2955,3000,2865,2980,16324
039290,2009-05-25,2955,2980,2755,2870,34212
039290,2009-05-26,2845,2990,2820,2900,30404
039290,2009-05-27,2885,2985,2885,2950,33959
039290,2009-05-28,2930,3050,2830,3050,44891
039290,2009-05-29,3130,3370,3000,3230,112559
039290,2009-06-01,3300,3450,3235,3340,140320
039290,2009-06-02,3400,3490,3200,3340,114421
039290,2009-06-03,3180,3470,3125,3300,131859
039290,2009-06-04,3300,3300,3175,3230,39440
039290,2009-06-05,3160,3370,3110,3215,12913
039290,2009-06-08,3215,3220,3070,3215,14584
039290,2009-06-09,3300,3355,3225,3240,46898
039290,2009-06-10,3295,3295,3175,3245,32401
039290,2009-06-11,3230,3285,3185,3205,17094
039290,2009-06-12,3250,3290,3105,3190,34495
039290,2009-06-15,3190,3390,3190,3375,57924
039290,2009-06-16,3375,3390,3260,3375,25722
039290,2009-06-17,3430,3750,3260,3300,79200
039290,2009-06-18,3445,3445,3205,3255,12004
039290,2009-06-19,3220,3270,3160,3200,46419
039290,2009-06-22,3340,3340,3120,3165,9639
039290,2009-06-23,3165,3210,3075,3160,58544
039290,2009-06-24,3160,3300,3130,3155,46097
039290,2009-06-25,3155,3240,3155,3220,3729
039290,2009-06-26,3300,3300,3210,3280,3795
039290,2009-06-29,3300,3300,3195,3220,5057
039290,2009-06-30,3220,3220,3100,3145,13104
039290,2009-07-01,3100,3160,3050,3135,1581
039290,2009-07-02,3135,3190,3055,3125,7894
039290,2009-07-03,3150,3170,3045,3165,10770
039290,2009-07-06,3165,3165,3095,3110,10414
039290,2009-07-07,3130,3130,3060,3130,15285
039290,2009-07-08,3100,3150,3015,3095,5969
039290,2009-07-09,3145,3145,3000,3100,10452
039290,2009-07-10,3100,3150,3100,3145,6682
039290,2009-07-13,3140,3290,3100,3240,16725
039290,2009-07-14,3250,3290,3070,3145,24115
039290,2009-07-15,3200,3245,3075,3075,51683
039290,2009-07-16,3095,3110,3080,3100,13221
039290,2009-07-17,3100,3135,3020,3100,6491
039290,2009-07-20,3120,3245,3115,3170,20105
039290,2009-07-21,3145,3220,3145,3210,12723
039290,2009-07-22,3230,3300,3145,3275,21036
039290,2009-07-23,3335,3335,3200,3230,5594
039290,2009-07-24,3260,3260,3120,3120,18070
039290,2009-07-27,3150,3270,3125,3160,8220
039290,2009-07-28,3255,3255,3160,3195,10600
039290,2009-07-29,3255,3255,3120,3190,10310
039290,2009-07-30,3190,3190,3100,3180,5264
039290,2009-07-31,3245,3245,3120,3185,3094
039290,2009-08-03,3135,3240,3135,3160,10676
039290,2009-08-04,3165,3190,3140,3160,16891
039290,2009-08-05,3185,3185,3090,3090,9390
039290,2009-08-06,3070,3130,2995,3000,14061
039290,2009-08-07,3060,3070,2920,2960,34468
039290,2009-08-10,3000,3040,2960,2970,34220
039290,2009-08-11,3100,3100,2980,3000,5950
039290,2009-08-12,3020,3020,2950,3010,18652
039290,2009-08-13,3030,3030,3000,3015,19807
039290,2009-08-14,2980,3110,2980,3060,12355
039290,2009-08-17,3060,3060,2980,2980,9655
039290,2009-08-18,2870,2980,2865,2880,16683
039290,2009-08-19,2890,2920,2800,2860,14427
039290,2009-08-20,2965,2965,2810,2865,7229
039290,2009-08-21,2870,2870,2750,2780,12585
039290,2009-08-24,2790,2800,2680,2740,39691
039290,2009-08-25,2700,2710,2650,2670,19592
039290,2009-08-26,2670,2780,2670,2750,11591
039290,2009-08-27,2750,2820,2705,2715,6432
039290,2009-08-28,2765,2765,2705,2750,8439
039290,2009-08-31,2710,2830,2710,2760,8673
039290,2009-09-01,2760,2840,2730,2810,10610
039290,2009-09-02,2810,2815,2775,2810,7099
039290,2009-09-03,2815,3230,2790,3230,81499
039290,2009-09-04,3200,3665,3000,3500,137857
039290,2009-09-07,3490,3490,3250,3355,54044
039290,2009-09-08,3355,3405,3110,3160,33622
039290,2009-09-09,3195,3280,3050,3050,80623
039290,2009-09-10,3085,3150,2770,2770,286452
039290,2009-09-11,2795,2825,2750,2775,67301
039290,2009-09-14,2825,2880,2765,2880,62481
039290,2009-09-15,2820,2890,2775,2870,110579
039290,2009-09-16,2900,3300,2865,3300,265891
039290,2009-09-17,3345,3500,3100,3360,216750
039290,2009-09-18,3350,3565,3190,3450,182235
039290,2009-09-21,3450,3720,3360,3615,87426
039290,2009-09-22,3600,3650,3395,3500,73827
039290,2009-09-23,3500,3600,3255,3435,86884
039290,2009-09-24,3435,3500,3260,3355,50205
039290,2009-09-25,3360,3670,3305,3670,51211
039290,2009-09-28,3900,4100,3775,3885,182610
039290,2009-09-29,3940,3985,3775,3895,82292
039290,2009-09-30,3900,4190,3850,3905,123145
039290,2009-10-01,3935,4170,3900,4170,146932
039290,2009-10-05,4090,4250,3930,4115,103101
039290,2009-10-06,4080,4200,3975,4155,54459
039290,2009-10-07,4155,4290,4020,4200,139909
039290,2009-10-08,4200,4320,4120,4250,56065
039290,2009-10-09,4220,4570,4170,4410,91758
039290,2009-10-12,4430,4490,4280,4300,45261
039290,2009-10-13,4240,4300,3950,4010,116490
039290,2009-10-14,3955,4000,3865,3910,71364
039290,2009-10-15,3900,3985,3860,3860,30289
039290,2009-10-16,3860,3860,3500,3590,167955
039290,2009-10-19,3590,3590,3430,3530,63939
039290,2009-10-20,3530,3580,3400,3515,52284
039290,2009-10-21,3450,3515,3400,3475,42620
039290,2009-10-22,3495,3545,3405,3545,30781
039290,2009-10-23,3565,3680,3510,3605,19277
039290,2009-10-26,3690,3690,3460,3500,16744
039290,2009-10-27,3460,3550,3340,3400,27832
039290,2009-10-28,3490,3490,2950,2950,83254
039290,2009-10-29,2900,3040,2830,3005,31135
039290,2009-10-30,3130,3130,2995,3060,23666
039290,2009-11-02,3060,3060,2810,3030,13860
039290,2009-11-03,3105,3105,2920,2970,35466
039290,2009-11-04,2995,2995,2930,2970,8246
039290,2009-11-05,2970,2980,2860,2895,13369
039290,2009-11-06,2940,2940,2870,2920,5773
039290,2009-11-09,2955,2955,2850,2880,24720
039290,2009-11-10,2880,2915,2855,2905,24117
039290,2009-11-11,2980,2980,2875,2945,15752
039290,2009-11-12,2950,3225,2945,3190,83005
039290,2009-11-13,3190,3300,3005,3060,30362
039290,2009-11-16,3000,3045,2745,3000,50851
039290,2009-11-17,2905,3040,2825,3000,18659
039290,2009-11-18,3180,3180,2955,3050,6658
039290,2009-11-19,3150,3150,2965,3090,28208
039290,2009-11-20,3170,3170,3055,3120,1967
039290,2009-11-23,3010,3090,3005,3080,8209
039290,2009-11-24,3030,3070,2935,2975,51120
039290,2009-11-25,3090,3270,2950,3150,45605
039290,2009-11-26,3240,3620,3240,3620,81600
039290,2009-11-27,3810,4130,3400,3680,1195582
039290,2009-11-30,3980,4070,3595,3705,519661
039290,2009-12-01,3860,3970,3555,3640,423070
039290,2009-12-02,3720,3880,3495,3495,452627
039290,2009-12-03,3480,3640,3445,3555,289753
039290,2009-12-04,3580,3690,3510,3610,153510
039290,2009-12-07,3660,3745,3450,3470,173695
039290,2009-12-08,3450,3450,3290,3355,121230
039290,2009-12-09,3355,3535,3300,3470,106376
039290,2009-12-10,3480,3720,3480,3545,181844
039290,2009-12-11,3550,3595,3450,3470,106620
039290,2009-12-14,3545,3990,3465,3990,420928
039290,2009-12-15,4190,4245,3805,3895,813543
039290,2009-12-16,3940,4170,3830,4170,460968
039290,2009-12-17,4245,4300,4050,4105,351536
039290,2009-12-18,4070,4245,3900,4245,192592
039290,2009-12-21,4300,4650,4200,4425,374371
039290,2009-12-22,4430,4535,4155,4200,136900
039290,2009-12-23,4200,4270,4045,4105,95898
039290,2009-12-24,4125,4650,4050,4610,637583
039290,2009-12-28,4610,5140,4405,4940,509075
039290,2009-12-29,4940,4940,4680,4870,187080
039290,2009-12-30,4900,5070,4550,4650,277262
039290,2010-01-04,4670,5340,4600,5340,486475
039290,2010-01-05,5430,5450,5080,5450,481829
039290,2010-01-06,5500,5500,5230,5340,205859
039290,2010-01-07,5400,5630,5210,5400,429233
039290,2010-01-08,5400,5440,5020,5360,203006
039290,2010-01-11,5360,5460,5200,5200,115138
039290,2010-01-12,5070,5190,4800,4850,230007
039290,2010-01-13,4880,5100,4600,4600,160324
039290,2010-01-14,4600,4800,4570,4615,161407
039290,2010-01-15,4700,4815,4610,4800,174658
039290,2010-01-18,4730,4780,4600,4680,132045
039290,2010-01-19,4600,4950,4600,4890,283018
039290,2010-01-20,5080,5250,4600,4900,748432
039290,2010-01-21,4900,5130,4715,4820,593475
039290,2010-01-22,4750,4800,4510,4610,137776
039290,2010-01-25,4500,4730,4335,4460,196555
039290,2010-01-26,4550,4595,3795,4155,182666
039290,2010-01-27,4155,4365,4050,4240,127886
039290,2010-01-28,4240,4390,4075,4320,69369
039290,2010-01-29,4315,4315,3925,3980,81212
039290,2010-02-01,3980,4090,3900,4075,58282
039290,2010-02-02,4300,4300,4115,4130,60136
039290,2010-02-03,4155,4315,4155,4310,58860
039290,2010-02-04,4360,4400,4155,4210,62099
039290,2010-02-05,4000,4175,3930,4100,122716
039290,2010-02-08,4200,4270,4030,4030,61063
039290,2010-02-09,3920,4060,3830,3885,59604
039290,2010-02-10,4040,4040,3885,3900,36619
039290,2010-02-11,3910,4035,3865,3900,51043
039290,2010-02-12,3940,4470,3940,4160,234167
039290,2010-02-16,4100,4250,4090,4200,53353
039290,2010-02-17,4225,4460,4200,4400,103770
039290,2010-02-18,4350,4465,4210,4230,51043
039290,2010-02-19,4250,4600,4160,4250,106250
039290,2010-02-22,4310,4640,4310,4450,200049
039290,2010-02-23,4500,4500,4310,4435,83263
039290,2010-02-24,4350,4490,4250,4480,131256
039290,2010-02-25,4550,4675,4485,4490,242381
039290,2010-02-26,4500,4575,4360,4470,79265
039290,2010-03-02,4530,4530,4255,4260,93913
039290,2010-03-03,4255,4320,4230,4230,73606
039290,2010-03-04,4305,4390,4215,4215,80806
039290,2010-03-05,4270,4270,4115,4215,63489
039290,2010-03-08,4295,4300,4200,4215,26567
039290,2010-03-09,4200,4215,4075,4135,77901
039290,2010-03-10,4200,4200,4040,4065,63039
039290,2010-03-11,4120,4120,4000,4030,66871
039290,2010-03-12,4075,4100,4030,4060,54018
039290,2010-03-15,4145,4285,4100,4230,87143
039290,2010-03-16,4205,4230,4030,4090,53473
039290,2010-03-17,4115,4115,4030,4040,86303
039290,2010-03-18,4080,4080,3990,4000,65637
039290,2010-03-19,4060,4060,3925,3980,117992
039290,2010-03-22,3960,3995,3860,3900,77177
039290,2010-03-23,3910,4000,3840,3840,60347
039290,2010-03-24,3840,3865,3620,3620,117045
039290,2010-03-25,3620,3705,3600,3655,27411
039290,2010-03-26,3650,3820,3650,3765,38761
039290,2010-03-29,3650,3790,3650,3760,42259
039290,2010-03-30,3780,3860,3740,3770,13448
039290,2010-03-31,3765,3845,3765,3845,25247
039290,2010-04-01,3850,4250,3825,3990,362054
039290,2010-04-02,4150,4150,3970,3990,72188
039290,2010-04-05,4000,4040,3690,3765,60327
039290,2010-04-06,3770,3890,3720,3805,32449
039290,2010-04-07,3805,3895,3795,3795,22911
039290,2010-04-08,3800,3870,3740,3760,39200
039290,2010-04-09,3760,3815,3700,3710,26770
039290,2010-04-12,3825,3825,3655,3730,25413
039290,2010-04-13,3660,3730,3655,3665,14077
039290,2010-04-14,3700,3735,3605,3670,17717
039290,2010-04-15,3705,3705,3530,3565,22806
039290,2010-04-16,3540,3590,3525,3570,18312
039290,2010-04-19,3500,3580,3400,3470,33457
039290,2010-04-20,3475,3490,3410,3470,9067
039290,2010-04-21,3570,3830,3500,3555,133104
039290,2010-04-22,3555,3640,3540,3600,30713
039290,2010-04-23,3650,3825,3600,3725,76533
039290,2010-04-26,3780,3780,3615,3630,34801
039290,2010-04-27,3595,3675,3500,3600,22721
039290,2010-04-28,3450,3580,3450,3540,17984
039290,2010-04-29,3490,3580,3430,3450,47732
039290,2010-04-30,3495,3500,3400,3460,49120
039290,2010-05-03,3460,3500,3350,3455,15533
039290,2010-05-04,3500,3500,3350,3430,17683
039290,2010-05-06,3390,3450,3300,3450,92278
039290,2010-05-07,3400,3585,3290,3560,41447
039290,2010-05-10,3510,3630,3510,3630,71361
039290,2010-05-11,3655,3665,3475,3475,71447
039290,2010-05-12,3480,3600,3370,3385,25130
039290,2010-05-13,3395,3470,3395,3420,28781
039290,2010-05-14,3400,3520,3400,3435,23693
039290,2010-05-17,3470,3510,3290,3325,46023
039290,2010-05-18,3360,3360,3200,3215,55449
039290,2010-05-19,3285,3285,3020,3040,37966
039290,2010-05-20,3025,3135,2725,2735,33357
039290,2010-05-24,2720,2790,2560,2725,47409
039290,2010-05-25,2690,2780,2500,2560,54024
039290,2010-05-26,2560,2930,2505,2710,19543
039290,2010-05-27,2710,2845,2710,2710,6803
039290,2010-05-28,2730,3050,2700,3050,94568
039290,2010-05-31,3155,3505,3155,3505,412411
039290,2010-06-01,3625,4025,3550,3575,556971
039290,2010-06-03,3770,3780,3520,3560,138339
039290,2010-06-04,3600,3670,3400,3420,139167
039290,2010-06-07,3420,3905,3420,3810,590556
039290,2010-06-08,3800,3850,3720,3780,240405
039290,2010-06-09,3820,4245,3750,4050,517322
039290,2010-06-10,4010,4180,3820,3910,177597
039290,2010-06-11,3950,4140,3690,3715,99941
039290,2010-06-14,3750,3900,3710,3740,94278
039290,2010-06-15,3700,3800,3550,3580,86215
039290,2010-06-16,3600,3680,3400,3450,98589
039290,2010-06-17,3455,3770,3455,3600,141422
039290,2010-06-18,3550,3950,3550,3950,82911
039290,2010-06-21,3900,3945,3800,3860,56824
039290,2010-06-22,3860,3950,3780,3800,50796
039290,2010-06-23,3800,3800,3650,3720,35708
039290,2010-06-24,3840,3840,3720,3725,43769
039290,2010-06-25,3615,3725,3500,3600,70122
039290,2010-06-28,3530,3695,3480,3510,38664
039290,2010-06-29,3500,3575,3390,3390,64644
039290,2010-06-30,3260,3280,2980,3225,86811
039290,2010-07-01,3200,3305,3170,3260,77323
039290,2010-07-02,3185,3495,3185,3260,69405
039290,2010-07-05,3215,3300,3210,3290,30665
039290,2010-07-06,3260,3365,3205,3220,27610
039290,2010-07-07,3300,3390,3270,3300,28906
039290,2010-07-08,3340,3390,3310,3310,16286
039290,2010-07-09,3380,3380,3210,3270,19045
039290,2010-07-12,3270,3420,3210,3360,45718
039290,2010-07-13,3360,3375,3275,3275,29082
039290,2010-07-14,3285,3340,3270,3305,12585
039290,2010-07-15,3360,3360,3205,3230,24416
039290,2010-07-16,3240,3285,3130,3150,24165
039290,2010-07-19,3100,3230,3100,3225,10102
039290,2010-07-20,3155,3235,3150,3180,11451
039290,2010-07-21,3190,3260,3140,3185,14109
039290,2010-07-22,3140,3230,2970,2975,35740
039290,2010-07-23,3000,3120,3000,3100,13718
039290,2010-07-26,3130,3130,3020,3095,10832
039290,2010-07-27,3105,3105,3065,3065,14184
039290,2010-07-28,3100,3120,3035,3100,15871
039290,2010-07-29,3140,3140,3055,3090,19733
039290,2010-07-30,3030,3180,3030,3120,12777
039290,2010-08-02,3180,3200,3100,3125,18732
039290,2010-08-03,3085,3170,3075,3100,19919
039290,2010-08-04,3100,3100,3040,3085,8654
039290,2010-08-05,3085,3085,3015,3015,13631
039290,2010-08-06,2940,3005,2940,2975,18412
039290,2010-08-09,3045,3045,2950,2970,11356
039290,2010-08-10,2950,3000,2920,2940,15805
039290,2010-08-11,2940,2970,2550,2780,57579
039290,2010-08-12,2730,3195,2630,2940,59373
039290,2010-08-13,3080,3080,2870,2980,17990
039290,2010-08-16,2905,3090,2905,2970,7067
039290,2010-08-17,3050,3050,2880,2945,13916
039290,2010-08-18,2985,2985,2800,2905,27706
039290,2010-08-19,2860,3075,2860,2990,16864
039290,2010-08-20,2960,3020,2900,2900,8964
039290,2010-08-23,2995,2995,2885,2890,5396
039290,2010-08-24,2950,2955,2800,2900,10765
039290,2010-08-25,2920,2920,2800,2895,5059
039290,2010-08-26,2895,2895,2795,2840,16768
039290,2010-08-27,2840,2840,2715,2760,19084
039290,2010-08-30,2765,2995,2750,2995,27004
039290,2010-08-31,2990,2990,2775,2825,19539
039290,2010-09-01,2815,2845,2770,2785,30998
039290,2010-09-02,2805,2895,2785,2785,10533
039290,2010-09-03,2790,2830,2785,2815,6067
039290,2010-09-06,2825,2860,2805,2860,4741
039290,2010-09-07,2820,2900,2810,2865,11634
039290,2010-09-08,2900,2930,2870,2910,18510
039290,2010-09-09,2955,3120,2950,3120,58447
039290,2010-09-10,3150,3180,2935,2955,32549
039290,2010-09-13,3000,3050,2960,3040,12203
039290,2010-09-14,3045,3045,2935,2990,13022
039290,2010-09-15,3020,3020,2950,2960,11220
039290,2010-09-16,2930,3000,2930,2950,9767
039290,2010-09-17,2920,2990,2920,2950,11516
039290,2010-09-20,2950,2995,2930,2940,5605
039290,2010-09-24,2960,2970,2890,2890,7434
039290,2010-09-27,2950,2950,2850,2890,6433
039290,2010-09-28,2860,3125,2860,2990,28959
039290,2010-09-29,2990,3030,2910,2955,12844
039290,2010-09-30,2980,2990,2810,2870,25091
039290,2010-10-01,2835,2925,2835,2890,9671
039290,2010-10-04,2910,2930,2855,2875,11932
039290,2010-10-05,2910,2910,2800,2830,18333
039290,2010-10-06,2880,2890,2825,2840,5011
039290,2010-10-07,2880,2920,2840,2855,21763
039290,2010-10-08,2855,2940,2855,2870,10899
039290,2010-10-11,2900,2920,2835,2835,16848
039290,2010-10-12,2820,2920,2815,2815,8230
039290,2010-10-13,2835,2910,2815,2890,12585
039290,2010-10-14,2900,2900,2845,2870,10790
039290,2010-10-15,2870,2900,2845,2885,21234
039290,2010-10-18,2910,3000,2910,2960,21158
039290,2010-10-19,2970,2975,2900,2945,21451
039290,2010-10-20,2945,3000,2905,3000,14241
039290,2010-10-21,3000,3335,2950,3100,59836
039290,2010-10-22,3070,3160,3050,3110,26233
039290,2010-10-25,3110,3175,3080,3150,15959
039290,2010-10-26,3120,3175,3070,3085,11949
039290,2010-10-27,3085,3290,3000,3045,90848
039290,2010-10-28,3075,3090,2980,3040,8901
039290,2010-10-29,3070,3070,2980,3030,9837
039290,2010-11-01,3030,3095,3000,3065,6937
039290,2010-11-02,3120,3120,3000,3085,31695
039290,2010-11-03,3095,3145,3020,3040,11403
039290,2010-11-04,3040,3070,2950,2980,18530
039290,2010-11-05,3020,3195,2925,3005,53555
039290,2010-11-08,3030,3130,3000,3025,12635
039290,2010-11-09,3025,3050,3000,3000,6382
039290,2010-11-10,3030,3040,2975,3010,17170
039290,2010-11-11,3125,3125,2960,2960,20229
039290,2010-11-12,2960,2995,2715,2850,44023
039290,2010-11-15,2930,2930,2755,2880,20288
039290,2010-11-16,2900,2910,2810,2910,5250
039290,2010-11-17,2880,2970,2815,2915,4111
039290,2010-11-18,2930,3070,2905,3000,14896
039290,2010-11-19,2980,3040,2950,2965,13382
039290,2010-11-22,2940,3085,2890,2995,15410
039290,2010-11-23,3010,3050,2915,2980,10241
039290,2010-11-24,2685,2915,2665,2885,23735
039290,2010-11-25,2895,2980,2785,2860,50251
039290,2010-11-26,2860,2860,2750,2795,21112
039290,2010-11-29,2770,2790,2725,2725,11363
039290,2010-11-30,2725,2800,2700,2735,24111
039290,2010-12-01,2750,2770,2700,2730,22402
039290,2010-12-02,2760,2800,2700,2725,24884
039290,2010-12-03,2725,2745,2680,2700,12955
039290,2010-12-06,2690,2725,2665,2715,19841
039290,2010-12-07,2715,2715,2675,2700,14721
039290,2010-12-08,2695,2790,2640,2780,45111
039290,2010-12-09,2780,2800,2740,2795,6024
039290,2010-12-10,2800,2800,2730,2730,20857
039290,2010-12-13,2730,2785,2720,2740,28767
039290,2010-12-14,2745,2900,2720,2810,13533
039290,2010-12-15,2810,3140,2785,2985,186524
039290,2010-12-16,2945,3060,2855,2930,50498
039290,2010-12-17,2930,3000,2860,2890,22424
039290,2010-12-20,2880,2880,2650,2790,58623
039290,2010-12-21,2810,2850,2690,2720,84255
039290,2010-12-22,2720,2830,2715,2735,35052
039290,2010-12-23,2820,2820,2735,2810,11605
039290,2010-12-24,2780,2835,2745,2770,25812
039290,2010-12-27,2820,2840,2715,2780,13366
039290,2010-12-28,2800,2800,2690,2795,23676
039290,2010-12-29,2770,2800,2700,2710,22147
039290,2010-12-30,2710,2780,2700,2730,14069
039290,2011-01-03,2775,2785,2740,2745,12452
039290,2011-01-04,2770,2815,2725,2815,15751
039290,2011-01-05,2815,2970,2765,2910,22223
039290,2011-01-06,2920,2970,2845,2900,15883
039290,2011-01-07,2880,2930,2845,2900,22989
039290,2011-01-10,2920,2965,2880,2910,20078
039290,2011-01-11,2885,2920,2810,2890,9261
039290,2011-01-12,2890,2935,2825,2885,19138
039290,2011-01-13,2910,2915,2840,2840,8419
039290,2011-01-14,2925,2925,2830,2830,14753
039290,2011-01-17,2835,2900,2770,2820,14106
039290,2011-01-18,2890,2890,2760,2805,14230
039290,2011-01-19,2805,2835,2760,2795,11209
039290,2011-01-20,2790,2830,2765,2770,14371
039290,2011-01-21,2770,2850,2700,2735,18019
039290,2011-01-24,2735,2780,2685,2700,25396
039290,2011-01-25,2680,2785,2675,2750,13976
039290,2011-01-26,2810,2810,2700,2735,14664
039290,2011-01-27,2770,2860,2770,2805,13013
039290,2011-01-28,2830,2830,2750,2805,29105
039290,2011-01-31,2790,2830,2735,2820,18662
039290,2011-02-01,2770,2880,2765,2850,17057
039290,2011-02-07,2850,2885,2805,2825,16886
039290,2011-02-08,2885,2955,2860,2945,44734
039290,2011-02-09,2960,2970,2860,2870,24671
039290,2011-02-10,2900,2910,2850,2880,7945
039290,2011-02-11,2835,2920,2740,2865,24992
039290,2011-02-14,2765,2865,2765,2785,5822
039290,2011-02-15,2785,2865,2690,2690,13147
039290,2011-02-16,2690,2720,2660,2675,26404
039290,2011-02-17,2695,2780,2570,2630,13746
039290,2011-02-18,2670,2720,2635,2720,4569
039290,2011-02-21,2720,2740,2650,2740,4264
039290,2011-02-22,2730,2730,2630,2700,11364
039290,2011-02-23,2680,2735,2620,2620,20979
039290,2011-02-24,2595,2665,2545,2590,18553
039290,2011-02-25,2590,2710,2575,2600,2808
039290,2011-02-28,2650,2650,2555,2590,17917
039290,2011-03-02,2590,2600,2540,2585,6420
039290,2011-03-03,2585,2595,2530,2545,11283
039290,2011-03-04,2540,2690,2495,2495,38447
039290,2011-03-07,2510,2510,2390,2420,28419
039290,2011-03-08,2420,2430,2385,2420,21783
039290,2011-03-09,2420,2450,2400,2440,10487
039290,2011-03-10,2450,2500,2400,2455,5469
039290,2011-03-11,2440,2480,2395,2435,8548
039290,2011-03-14,2430,2450,2310,2370,8587
039290,2011-03-15,2325,2425,2210,2230,18725
039290,2011-03-16,2240,2290,2225,2230,7860
039290,2011-03-17,2270,2270,2210,2250,2497
039290,2011-03-18,2250,2380,2215,2285,8956
039290,2011-03-21,2300,2365,2300,2340,7899
039290,2011-03-22,2310,2370,2310,2340,5450
039290,2011-03-23,2365,2365,2310,2340,5461
039290,2011-03-24,2355,2375,2325,2345,2895
039290,2011-03-25,2355,2400,2305,2320,2768
039290,2011-03-28,2320,2345,2300,2320,9701
039290,2011-03-29,2305,2360,2285,2315,19787
039290,2011-03-30,2350,2350,2300,2330,6410
039290,2011-03-31,2345,2365,2300,2360,16464
039290,2011-04-01,2340,2425,2305,2415,16379
039290,2011-04-04,2390,2445,2390,2425,10516
039290,2011-04-05,2450,2455,2320,2430,27332
039290,2011-04-06,2430,2470,2380,2410,9471
039290,2011-04-07,2330,2500,2330,2385,9079
039290,2011-04-08,2425,2425,2320,2370,9685
039290,2011-04-11,2400,2410,2370,2400,10556
039290,2011-04-12,2385,2455,2385,2440,8152
039290,2011-04-13,2500,2805,2500,2805,237586
039290,2011-04-14,2750,2925,2720,2815,213487
039290,2011-04-15,2845,3050,2750,2880,139498
039290,2011-04-18,2900,2910,2710,2710,91335
039290,2011-04-19,2710,2845,2645,2780,30857
039290,2011-04-20,2805,2890,2710,2710,26025
039290,2011-04-21,2710,2800,2695,2725,16513
039290,2011-04-22,2725,2745,2550,2700,50996
039290,2011-04-25,2690,2800,2650,2715,7351
039290,2011-04-26,2710,2850,2650,2690,17017
039290,2011-04-27,2735,2735,2620,2675,11164
039290,2011-04-28,2745,2800,2505,2520,47038
039290,2011-04-29,2545,2570,2460,2500,16126
039290,2011-05-02,2440,2550,2390,2495,35002
039290,2011-05-03,2495,2560,2470,2515,6454
039290,2011-05-04,2550,2570,2500,2540,3140
039290,2011-05-06,2500,2590,2490,2525,3391
039290,2011-05-09,2560,2650,2465,2495,7703
039290,2011-05-11,2495,2495,2405,2440,13895
039290,2011-05-12,2330,2440,2330,2340,39621
039290,2011-05-13,2340,2385,2325,2360,19300
039290,2011-05-16,2375,2385,2335,2365,6920
039290,2011-05-17,2460,2460,2300,2365,8519
039290,2011-05-18,2365,2470,2360,2365,22322
039290,2011-05-19,2370,2490,2350,2400,19268
039290,2011-05-20,2480,2585,2425,2570,28288
039290,2011-05-23,2540,2585,2490,2520,20186
039290,2011-05-24,2550,2550,2435,2500,11087
039290,2011-05-25,2500,2610,2420,2480,16231
039290,2011-05-26,2490,2490,2380,2400,15628
039290,2011-05-27,2480,2480,2350,2410,6698
039290,2011-05-30,2450,2450,2360,2400,10456
039290,2011-05-31,2400,2470,2350,2385,19511
039290,2011-06-01,2345,2420,2330,2415,18285
039290,2011-06-02,2370,2400,2300,2395,6974
039290,2011-06-03,2440,2440,2370,2395,26264
039290,2011-06-07,2380,2540,2305,2365,23778
039290,2011-06-08,2360,2710,2350,2550,80072
039290,2011-06-09,2625,2720,2550,2720,38546
039290,2011-06-10,2790,2800,2605,2605,49404
039290,2011-06-13,2710,2780,2570,2610,24241
039290,2011-06-14,2790,2790,2570,2580,17382
039290,2011-06-15,2580,2630,2560,2600,8775
039290,2011-06-16,2560,2650,2560,2595,6258
039290,2011-06-17,2580,2650,2580,2600,23196
039290,2011-06-20,2600,2700,2550,2690,16430
039290,2011-06-21,2670,2895,2670,2805,30416
039290,2011-06-22,2800,2880,2765,2765,30494
039290,2011-06-23,2690,2800,2680,2800,13545
039290,2011-06-24,2800,2850,2700,2780,19668
039290,2011-06-27,2780,2880,2715,2775,25999
039290,2011-06-28,2795,2865,2645,2655,21676
039290,2011-06-29,2655,2690,2620,2660,4833
039290,2011-06-30,2685,2685,2580,2605,7532
039290,2011-07-01,2605,2655,2585,2650,7529
039290,2011-07-04,2700,2740,2585,2590,13968
039290,2011-07-05,2635,2635,2560,2620,2670
039290,2011-07-06,2570,2630,2570,2610,7317
039290,2011-07-07,2610,2615,2540,2565,13787
039290,2011-07-08,2525,2600,2500,2540,22342
039290,2011-07-11,2535,2535,2420,2490,24084
039290,2011-07-12,2485,2520,2400,2520,26025
039290,2011-07-13,2550,2580,2470,2565,23062
039290,2011-07-14,2560,2560,2500,2535,11115
039290,2011-07-15,2535,2790,2535,2605,11393
039290,2011-07-18,2605,2700,2580,2630,7169
039290,2011-07-19,2600,2685,2580,2630,7447
039290,2011-07-20,2680,2680,2600,2650,9498
039290,2011-07-21,2620,2640,2590,2625,11188
039290,2011-07-22,2630,2650,2600,2635,10384
039290,2011-07-25,2640,2640,2475,2595,22190
039290,2011-07-26,2590,2605,2560,2605,2967
039290,2011-07-27,2590,2790,2590,2730,32651
039290,2011-07-28,2720,2840,2655,2655,15916
039290,2011-07-29,2660,2945,2660,2850,95292
039290,2011-08-01,2850,2895,2800,2895,24508
039290,2011-08-02,2895,3050,2680,2680,60608
039290,2011-08-03,2680,2730,2480,2490,105424
039290,2011-08-04,2500,2565,2485,2545,20717
039290,2011-08-05,2350,2440,2225,2305,72581
039290,2011-08-08,2105,2280,2060,2150,56417
039290,2011-08-09,2150,2150,1830,2075,98274
039290,2011-08-10,2330,2330,2085,2150,8887
039290,2011-08-11,2080,2400,2080,2280,4716
039290,2011-08-12,2280,2350,2250,2345,36219
039290,2011-08-16,2345,2495,2345,2410,119888
039290,2011-08-17,2390,2445,2325,2415,60415
039290,2011-08-18,2500,2580,2375,2505,90573
039290,2011-08-19,2430,2815,2400,2700,139190
039290,2011-08-22,2750,2830,2605,2800,105213
039290,2011-08-23,2810,2965,2780,2960,127071
039290,2011-08-24,2990,2990,2800,2970,72435
039290,2011-08-25,2990,3085,2800,2800,157336
039290,2011-08-26,2730,2895,2730,2895,52566
039290,2011-08-29,2800,3300,2780,3080,114357
039290,2011-08-30,3070,3080,2960,3025,43870
039290,2011-08-31,2980,3025,2865,2875,35472
039290,2011-09-01,2900,3300,2840,3300,100913
039290,2011-09-02,3270,3435,3200,3225,117012
039290,2011-09-05,3200,3250,3060,3095,30150
039290,2011-09-06,3000,3330,2895,3215,94960
039290,2011-09-07,3345,3645,3215,3410,256530
039290,2011-09-08,3490,3500,3250,3270,41825
039290,2011-09-09,3165,3480,3160,3270,36327
039290,2011-09-14,3275,3275,3075,3190,22630
039290,2011-09-15,3040,3590,3040,3450,52639
039290,2011-09-16,3580,3580,3265,3300,76171
039290,2011-09-19,3200,3305,3125,3125,35032
039290,2011-09-20,3060,3340,3060,3340,43083
039290,2011-09-21,3340,3500,3225,3325,51682
039290,2011-09-22,3350,3445,3230,3300,14551
039290,2011-09-23,3300,3305,3000,3000,19192
039290,2011-09-26,2810,3080,2550,2560,35789
039290,2011-09-27,2610,2790,2505,2580,37343
039290,2011-09-28,2580,2745,2550,2565,17847
039290,2011-09-29,2750,2750,2515,2550,21732
039290,2011-09-30,2690,2690,2530,2650,24058
039290,2011-10-04,2720,2720,2450,2505,23888
039290,2011-10-05,2550,2550,2400,2475,32580
039290,2011-10-06,2540,2540,2450,2450,30880
039290,2011-10-07,2460,2530,2435,2480,13008
039290,2011-10-10,2500,2635,2480,2495,6612
039290,2011-10-11,2765,2765,2510,2535,18130
039290,2011-10-12,2640,2695,2540,2580,21609
039290,2011-10-13,2735,2735,2610,2640,14862
039290,2011-10-14,2640,2900,2630,2760,21540
039290,2011-10-17,2940,3000,2800,2865,9573
039290,2011-10-18,2865,2865,2705,2750,8774
039290,2011-10-19,2880,2880,2735,2775,7486
039290,2011-10-20,2710,2850,2625,2665,35692
039290,2011-10-21,2770,2770,2655,2710,4819
039290,2011-10-24,2730,2785,2680,2680,20900
039290,2011-10-25,2740,2790,2695,2725,32487
039290,2011-10-26,2850,2850,2720,2775,11121
039290,2011-10-27,2880,3185,2805,2860,105237
039290,2011-10-28,2895,2930,2830,2840,26747
039290,2011-10-31,2880,2880,2760,2765,10227
039290,2011-11-01,2750,2845,2715,2715,16541
039290,2011-11-02,2715,2715,2655,2675,9694
039290,2011-11-03,2685,2700,2615,2660,13977
039290,2011-11-04,2640,2735,2640,2670,20097
039290,2011-11-07,2780,2850,2660,2850,27576
039290,2011-11-08,2850,2950,2795,2870,20539
039290,2011-11-09,2925,2925,2820,2900,3646
039290,2011-11-10,2825,2875,2685,2685,10868
039290,2011-11-11,2630,2850,2630,2750,17214
039290,2011-11-14,2850,2975,2760,2950,40468
039290,2011-11-15,2950,2950,2825,2885,28547
039290,2011-11-16,2915,2960,2870,2955,24923
039290,2011-11-17,2955,3090,2860,2860,56765
039290,2011-11-18,2905,3095,2860,3030,43956
039290,2011-11-21,3030,3130,2920,2920,34293
039290,2011-11-22,2910,2995,2855,2940,20021
039290,2011-11-23,2950,3350,2880,3190,100845
039290,2011-11-24,3190,3380,3130,3265,43706
039290,2011-11-25,3265,3750,3150,3150,538145
039290,2011-11-28,3240,3280,3110,3155,111314
039290,2011-11-29,3185,3185,3005,3100,83099
039290,2011-11-30,3180,3180,3040,3100,19836
039290,2011-12-01,3100,3195,3045,3100,42855
039290,2011-12-02,3060,3150,3060,3135,7834
039290,2011-12-05,3240,3605,3165,3520,259003
039290,2011-12-06,3580,4045,3430,3950,701628
039290,2011-12-07,4070,4450,3880,4330,490739
039290,2011-12-08,4400,4530,4025,4290,325966
039290,2011-12-09,4240,4240,3730,3800,295818
039290,2011-12-12,3765,4140,3650,4000,277449
039290,2011-12-13,4000,4600,3805,4600,373267
039290,2011-12-14,5000,5290,4635,4635,1179749
039290,2011-12-15,4500,4630,4050,4165,366742
039290,2011-12-16,4240,4400,4090,4200,180013
039290,2011-12-19,4270,4270,3570,3760,402656
039290,2011-12-20,3760,4070,3455,4000,122841
039290,2011-12-21,4130,4370,3915,4055,136688
039290,2011-12-22,4060,4210,3910,4120,157107
039290,2011-12-23,4400,4400,4115,4175,165537
039290,2011-12-26,4335,4545,4155,4380,179414
039290,2011-12-27,4450,4490,4200,4205,118223
039290,2011-12-28,4290,4295,4165,4205,71738
039290,2011-12-29,4250,4835,4205,4835,422136
039290,2012-01-02,5560,5560,5500,5560,156075
039290,2012-01-03,6390,6390,6070,6390,329292
039290,2012-01-04,7240,7340,7100,7340,365041
039290,2012-01-05,8400,8440,8150,8440,167297
039290,2012-01-06,9700,9700,8660,9580,3109875
039290,2012-01-09,8520,9650,8150,8300,2448090
039290,2012-01-10,8400,9130,8120,8490,1082413
039290,2012-01-11,8510,8650,7330,7710,899064
039290,2012-01-12,7850,7920,6820,7240,654589
039290,2012-01-13,7800,8230,7260,8000,1305956
039290,2012-01-16,7800,7960,7260,7400,454007
039290,2012-01-17,7600,8050,7520,7740,636904
039290,2012-01-18,7660,7660,6980,7120,316956
039290,2012-01-19,7280,7740,7160,7450,515392
039290,2012-01-20,7400,7900,7220,7840,742134
039290,2012-01-25,7920,8080,7400,7900,939709
039290,2012-01-26,9080,9080,9080,9080,250021
039290,2012-01-27,9550,9800,8890,9180,2067045
039290,2012-01-30,9070,9230,8620,8940,744708
039290,2012-01-31,8750,8980,8250,8450,629007
039290,2012-02-01,8520,8780,8270,8500,507663
039290,2012-02-02,8330,8420,7900,8000,426966
039290,2012-02-03,8270,8680,8070,8200,644154
039290,2012-02-06,8050,8150,7790,7880,398137
039290,2012-02-07,8000,9060,7880,8700,1861807
039290,2012-02-08,8460,8700,7900,7900,825101
039290,2012-02-09,7910,8390,7500,8010,753553
039290,2012-02-10,7860,7900,7510,7540,371936
039290,2012-02-13,7540,7750,7540,7540,169232
039290,2012-02-14,7540,7880,7450,7600,196448
039290,2012-02-15,7630,8700,7550,7720,1164462
039290,2012-02-16,7960,8270,7780,7790,575824
039290,2012-02-17,7940,8240,7790,8070,238790
039290,2012-02-20,8070,8200,7870,8040,159402
039290,2012-02-21,8110,8110,7900,8020,144044
039290,2012-02-22,8100,8240,7790,7790,168309
039290,2012-02-23,7850,7850,7300,7300,196617
039290,2012-02-24,7420,7780,7160,7590,306977
039290,2012-02-27,7590,7620,7000,7210,88687
039290,2012-02-28,7210,7340,7120,7130,59829
039290,2012-02-29,7060,7190,6720,6770,178268
039290,2012-03-02,6700,6700,6200,6350,323406
039290,2012-03-05,6480,6480,6110,6110,158196
039290,2012-03-06,6110,6130,5200,5480,580188
039290,2012-03-07,5300,5710,5300,5530,302677
039290,2012-03-08,5560,5790,5420,5550,479517
039290,2012-03-09,5580,5720,5430,5630,160362
039290,2012-03-12,5640,6100,5470,5550,635865
039290,2012-03-13,5570,5660,5350,5450,160005
039290,2012-03-14,5540,6100,5400,5700,729438
039290,2012-03-15,5730,6500,5630,6280,934853
039290,2012-03-16,6300,6420,6030,6120,440997
039290,2012-03-19,6150,6350,6060,6290,196877
039290,2012-03-20,6340,6340,5910,6000,245377
039290,2012-03-21,5970,6310,5970,6260,288488
039290,2012-03-22,6350,6590,6020,6030,410651
039290,2012-03-23,6170,6830,6050,6640,850621
039290,2012-03-26,6760,7630,6710,7100,1492911
039290,2012-03-27,7150,7810,6330,6450,1832847
039290,2012-03-28,6610,7290,6510,7200,1384314
039290,2012-03-29,7140,7820,6800,6830,1285538
039290,2012-03-30,6890,7150,6510,6650,796443
039290,2012-04-02,6820,6820,6200,6440,549082
039290,2012-04-03,6600,6720,5800,5910,631762
039290,2012-04-04,5830,5890,5300,5630,443213
039290,2012-04-05,5510,5670,5070,5120,374505
039290,2012-04-06,5100,5240,4915,4965,267672
039290,2012-04-09,4860,4935,4225,4225,354705
039290,2012-04-10,4200,4595,3925,4330,681681
039290,2012-04-12,4190,4560,4015,4430,179887
039290,2012-04-13,4435,4990,4435,4790,235633
039290,2012-04-16,5070,5390,4950,5240,635110
039290,2012-04-17,5140,5150,4815,5020,243465
039290,2012-04-18,5150,5150,4900,5050,131726
039290,2012-04-19,5050,5130,4900,5020,138359
039290,2012-04-20,4980,5020,4845,4845,69952
039290,2012-04-23,4900,5000,4845,4945,56814
039290,2012-04-24,4785,4940,4720,4815,61272
039290,2012-04-25,4950,4950,4755,4780,52135
039290,2012-04-26,4750,4870,4375,4455,105629
039290,2012-04-27,4400,4850,4400,4595,121534
039290,2012-04-30,4660,5160,4660,4995,413080
039290,2012-05-02,4995,5080,4880,5000,189179
039290,2012-05-03,5110,5450,4990,5430,516153
039290,2012-05-04,5400,5600,5210,5340,235111
039290,2012-05-07,5300,5380,5100,5330,123078
039290,2012-05-08,5360,5490,5240,5250,162129
039290,2012-05-09,5190,5260,5000,5000,70537
039290,2012-05-10,5090,5210,4910,5170,99476
039290,2012-05-11,5230,5230,4970,5010,82778
039290,2012-05-14,5010,5100,4640,4755,113091
039290,2012-05-15,4790,4790,4395,4750,125610
039290,2012-05-16,5460,5460,5000,5460,2148304
039290,2012-05-17,5900,5960,5270,5500,1854946
039290,2012-05-18,5360,5470,4690,4820,754835
039290,2012-05-21,4845,4935,4550,4605,346415
039290,2012-05-22,4660,4835,4650,4730,262398
039290,2012-05-23,4730,4810,4505,4600,277840
039290,2012-05-24,4600,4675,4400,4510,151808
039290,2012-05-25,4650,4830,4630,4690,185263
039290,2012-05-29,4700,5190,4600,4875,166785
039290,2012-05-30,4920,4930,4745,4840,98842
039290,2012-05-31,4690,5050,4650,5040,137590
039290,2012-06-01,5120,5440,5050,5070,336459
039290,2012-06-04,4885,4885,4665,4700,148377
039290,2012-06-05,4905,5280,4850,4870,374891
039290,2012-06-07,5070,5580,4980,5510,777532
039290,2012-06-08,5800,6100,5200,5200,1436657
039290,2012-06-11,5290,5480,5200,5380,326963
039290,2012-06-12,5260,6180,5220,6180,2217754
039290,2012-06-13,6200,6430,5970,6210,1539100
039290,2012-06-14,6330,6670,6110,6320,1103211
039290,2012-06-15,6280,6540,6000,6000,704315
039290,2012-06-18,6200,6320,6120,6260,392738
039290,2012-06-19,6470,6980,6300,6320,1183831
039290,2012-06-20,6320,6640,6270,6440,458196
039290,2012-06-21,6460,6480,6090,6090,301627
039290,2012-06-22,6040,6090,5850,5980,208256
039290,2012-06-25,6150,6250,5900,5940,191788
039290,2012-06-26,5990,6790,5990,6730,1276291
039290,2012-06-27,7730,7730,7730,7730,169160
039290,2012-06-28,8120,8440,7400,7400,2596707
039290,2012-06-29,7410,8050,7250,7770,1317179
039290,2012-07-02,7800,8000,7540,7670,607349
039290,2012-07-03,7720,8340,7200,7410,1671997
039290,2012-07-04,7500,7500,7230,7380,465613
039290,2012-07-05,7440,7540,7310,7380,395985
039290,2012-07-06,7540,7910,7340,7380,787199
039290,2012-07-09,7380,7380,7040,7110,284036
039290,2012-07-10,7110,7860,7110,7230,980371
039290,2012-07-11,7240,7800,7200,7680,868245
039290,2012-07-12,7920,7940,7410,7430,458551
039290,2012-07-13,7560,7570,6800,7310,267950
039290,2012-07-16,7430,8000,7320,7980,841262
039290,2012-07-17,7850,7930,7660,7850,353808
039290,2012-07-18,8040,8280,7480,7540,714707
039290,2012-07-19,7610,7770,7320,7500,255834
039290,2012-07-20,7550,7750,7430,7600,240776
039290,2012-07-23,7600,7600,7190,7200,223599
039290,2012-07-24,7060,7230,6660,6700,281193
039290,2012-07-25,6510,6690,6140,6140,236962
039290,2012-07-26,6230,6490,6190,6440,202889
039290,2012-07-27,6590,6710,6500,6540,127779
039290,2012-07-30,6610,6610,6460,6490,65320
039290,2012-07-31,6470,6600,6440,6530,62015
039290,2012-08-01,6600,6620,6450,6500,64041
039290,2012-08-02,6590,6600,6320,6390,66457
039290,2012-08-03,6430,6430,6210,6260,57870
039290,2012-08-06,6370,6500,6300,6350,51132
039290,2012-08-07,6350,6400,6260,6280,84016
039290,2012-08-08,6370,6680,6340,6560,199836
039290,2012-08-09,6840,7000,6570,6610,402379
039290,2012-08-10,6600,6810,6560,6610,121661
039290,2012-08-13,6690,6760,6430,6450,188185
039290,2012-08-14,6450,6610,6450,6610,103112
039290,2012-08-16,6620,6670,6520,6590,122477
039290,2012-08-17,6590,6860,6490,6830,252475
039290,2012-08-20,6880,7650,6800,7310,884933
039290,2012-08-21,7310,7780,7200,7310,330883
039290,2012-08-22,7400,7730,7310,7560,477361
039290,2012-08-23,7630,7820,7520,7520,373842
039290,2012-08-24,7600,7690,7280,7560,269757
039290,2012-08-27,7400,7490,7200,7250,207649
039290,2012-08-28,7600,7620,7370,7570,345857
039290,2012-08-29,7560,8690,7480,8140,1474690
039290,2012-08-30,8390,9360,8300,9350,1994484
039290,2012-08-31,9050,9280,8730,9060,917363
039290,2012-09-03,9190,9550,8880,9240,704973
039290,2012-09-04,9290,9970,9020,9450,867225
039290,2012-09-05,9900,10100,9530,9600,693080
039290,2012-09-06,9840,9920,9580,9780,448836
039290,2012-09-07,10050,11200,9930,11200,1601730
039290,2012-09-10,11350,12700,10900,11900,1890646
039290,2012-09-11,11900,12400,11200,11750,1025482
039290,2012-09-12,11750,12200,11400,12200,846052
039290,2012-09-13,12150,12200,11750,11950,457596
039290,2012-09-14,12100,12100,10500,10700,1124158
039290,2012-09-17,10750,11450,10350,11450,707239
039290,2012-09-18,11550,11800,11150,11250,549562
039290,2012-09-19,11550,12150,11150,12000,1579988
039290,2012-09-20,11900,11950,11450,11700,471823
039290,2012-09-21,11850,12300,11400,11600,978986
039290,2012-09-24,11550,12250,11350,11750,1158015
039290,2012-09-25,11700,11800,10100,11400,830311
039290,2012-09-26,11150,11650,11150,11400,303404
039290,2012-09-27,11250,11500,10800,11100,306277
039290,2012-09-28,11250,11250,10350,10550,447083
039290,2012-10-02,10850,11050,10650,10750,345295
039290,2012-10-04,10900,10950,10650,10850,197830
039290,2012-10-05,11000,12300,10850,12100,1264995
039290,2012-10-08,12250,13700,12100,13150,1584854
039290,2012-10-09,13150,13700,12650,13700,699727
039290,2012-10-10,13400,14100,13150,13200,645979
039290,2012-10-11,12850,14600,12850,14100,844555
039290,2012-10-12,14200,14900,14000,14000,613744
039290,2012-10-15,14100,15300,13600,14150,1143138
039290,2012-10-16,14600,15000,12800,13400,824544
039290,2012-10-17,13550,14000,12350,12550,716159
039290,2012-10-18,12550,12950,11600,11900,653429
039290,2012-10-19,11800,12000,11000,11850,470867
039290,2012-10-22,11350,12450,11350,12300,282622
039290,2012-10-23,12550,12550,12050,12050,183570
039290,2012-10-24,11650,12200,10750,11050,423109
039290,2012-10-25,10800,11200,10500,10750,498473
039290,2012-10-26,10800,10800,9440,9550,1088494
039290,2012-10-29,9700,9750,9090,9350,319288
039290,2012-10-30,9350,10450,9240,10050,756676
039290,2012-10-31,10150,10650,10100,10250,383910
039290,2012-11-01,10350,11300,10350,10600,591564
039290,2012-11-02,10900,11000,10100,10500,307751
039290,2012-11-05,10400,11200,10400,11000,419413
039290,2012-11-06,10900,11350,10750,10900,225610
039290,2012-11-07,11100,11100,10550,10700,189617
039290,2012-11-08,10400,10850,10250,10700,261580
039290,2012-11-09,10650,10650,10250,10350,147212
039290,2012-11-12,10500,10850,10450,10550,186362
039290,2012-11-13,10550,10950,10050,10050,279746
039290,2012-11-14,10150,10300,9670,9980,198918
039290,2012-11-15,9980,10200,9580,9600,101812
039290,2012-11-16,9600,9750,8520,8600,228815
039290,2012-11-19,8800,9200,8730,9000,127792
039290,2012-11-20,9210,9470,9000,9270,120658
039290,2012-11-21,9270,9430,8390,8450,206639
039290,2012-11-22,8700,8750,7970,8070,457148
039290,2012-11-23,8050,8270,7830,7870,229080
039290,2012-11-26,8040,8870,8040,8600,677313
039290,2012-11-27,8780,8850,8430,8600,249128
039290,2012-11-28,8650,9390,8530,8900,614488
039290,2012-11-29,8950,9150,8790,8900,170872
039290,2012-11-30,9100,9300,8900,8900,224996
039290,2012-12-03,9010,9060,8390,8470,190986
039290,2012-12-04,8450,8780,8440,8490,135812
039290,2012-12-05,8550,8550,8100,8390,189896
039290,2012-12-06,8350,8350,7900,8010,160004
039290,2012-12-07,8120,8250,7810,7950,89343
039290,2012-12-10,7950,8050,7660,7770,124762
039290,2012-12-11,7750,7850,7460,7460,148332
039290,2012-12-12,7430,7830,7430,7690,139133
039290,2012-12-13,7750,8090,7750,7920,154588
039290,2012-12-14,8030,8250,7890,7900,135818
039290,2012-12-17,7920,7940,7700,7750,77976
039290,2012-12-18,7840,7840,7490,7590,83392
039290,2012-12-20,7570,7670,7290,7290,98213
039290,2012-12-21,7290,7450,7220,7320,123569
039290,2012-12-24,7420,7920,7310,7900,226592
039290,2012-12-26,7900,8430,7820,8270,283578
039290,2012-12-27,8270,8620,8190,8610,228142
039290,2012-12-28,8650,9290,8610,9150,421381
039290,2013-01-02,9090,9090,8860,9070,174637
039290,2013-01-03,9160,9310,8990,9110,124300
039290,2013-01-04,9020,9590,9020,9170,222698
039290,2013-01-07,9500,9500,9130,9140,62137
039290,2013-01-08,9050,9160,8950,9070,99437
039290,2013-01-09,9080,10200,9070,9630,457072
039290,2013-01-10,9760,10050,9630,9880,159325
039290,2013-01-11,9810,10000,9540,9700,87456
039290,2013-01-14,9630,10250,9630,9690,94531
039290,2013-01-15,9630,9740,9120,9300,107881
039290,2013-01-16,9460,9720,9390,9500,156282
039290,2013-01-17,9510,10000,9410,9920,295559
039290,2013-01-18,10000,10350,9960,10050,225807
039290,2013-01-21,10150,10200,9880,9940,104557
039290,2013-01-22,9960,9960,9600,9710,139069
039290,2013-01-23,9850,9980,9700,9800,72809
039290,2013-01-24,9700,9900,9300,9300,73151
039290,2013-01-25,9270,9500,8900,9030,85505
039290,2013-01-28,9050,9350,9050,9100,48130
039290,2013-01-29,9190,9450,9090,9330,73112
039290,2013-01-30,9440,9440,9170,9310,39035
039290,2013-01-31,9310,9310,9050,9100,39363
039290,2013-02-01,9200,9200,8710,8840,67825
039290,2013-02-04,8940,8940,8450,8460,57106
039290,2013-02-05,8430,8780,8370,8650,63296
039290,2013-02-06,8700,8890,8570,8820,20135
039290,2013-02-07,8800,8810,8490,8570,52505
039290,2013-02-08,8750,8840,8520,8770,33324
039290,2013-02-12,8840,8840,8600,8740,30600
039290,2013-02-13,8800,9130,8800,9010,40574
039290,2013-02-14,8990,9090,8860,8940,36468
039290,2013-02-15,9020,9020,8650,8770,111555
039290,2013-02-18,8800,8870,8720,8780,27809
039290,2013-02-19,8700,8820,8670,8700,50674
039290,2013-02-20,8680,8840,8670,8700,48855
039290,2013-02-21,8730,8940,8600,8880,80803
039290,2013-02-22,8850,9090,8720,9010,74582
039290,2013-02-25,9140,9700,9120,9510,343865
039290,2013-02-26,9520,10800,9470,10750,889048
039290,2013-02-27,10600,10800,10250,10700,415259
039290,2013-02-28,10800,11050,10500,10500,314286
039290,2013-03-04,10950,10950,10350,10500,362845
039290,2013-03-05,10600,10800,10250,10450,260581
039290,2013-03-06,10950,11450,10450,10500,1033631
039290,2013-03-07,10600,10700,10250,10500,207971
039290,2013-03-08,10500,11050,10400,10600,293824
039290,2013-03-11,10850,11100,10500,10800,457770
039290,2013-03-12,10850,11200,10650,11200,418369
039290,2013-03-13,11350,11400,11000,11200,274830
039290,2013-03-14,11100,11300,10700,10900,242885
039290,2013-03-15,10900,11000,10300,10400,271816
039290,2013-03-18,10400,10600,10200,10200,156200
039290,2013-03-19,10300,10500,10200,10350,116136
039290,2013-03-20,10450,10850,10400,10650,302799
039290,2013-03-21,10700,10900,9990,10100,245313
039290,2013-03-22,10000,10300,9900,10100,111653
039290,2013-03-25,10300,10300,9990,10050,102299
039290,2013-03-26,10100,10250,10000,10200,72701
039290,2013-03-27,10250,10250,9920,9950,132690
039290,2013-03-28,10000,10150,9850,9860,102265
039290,2013-03-29,10050,10050,9690,9960,161167
039290,2013-04-01,9960,10000,9860,9940,53310
039290,2013-04-02,9940,9940,9560,9800,101288
039290,2013-04-03,9830,9850,9430,9560,123072
039290,2013-04-04,9560,9560,9030,9340,138591
039290,2013-04-05,9340,9700,9200,9200,128070
039290,2013-04-08,9060,9280,8710,8710,72089
039290,2013-04-09,8570,8830,8410,8560,86392
039290,2013-04-10,8520,8730,8380,8500,127830
039290,2013-04-11,8680,8860,8500,8860,171442
039290,2013-04-12,8990,9350,8880,9060,138362
039290,2013-04-15,9070,9320,8820,9220,82445
039290,2013-04-16,9140,9170,8850,9000,88726
039290,2013-04-17,9090,9280,9050,9100,80280
039290,2013-04-18,9070,9660,9050,9570,198493
039290,2013-04-19,9590,9800,9370,9460,131286
039290,2013-04-22,9460,9910,9380,9900,202629
039290,2013-04-23,9960,10150,9790,9840,191870
039290,2013-04-24,9840,9970,9720,9920,101854
039290,2013-04-25,9920,10150,9850,10000,175526
039290,2013-04-26,10200,10700,10050,10050,282454
039290,2013-04-29,10050,10250,9900,10150,112392
039290,2013-04-30,10150,10450,9990,10100,189031
039290,2013-05-02,10250,10650,10000,10550,186559
039290,2013-05-03,10550,10650,10300,10500,100903
039290,2013-05-06,10550,10800,10400,10550,170818
039290,2013-05-07,10800,10850,10550,10700,118542
039290,2013-05-08,10650,10750,10450,10550,113996
039290,2013-05-09,10600,10600,9910,10000,199954
039290,2013-05-10,10100,10400,10000,10250,109232
039290,2013-05-13,10350,10500,10100,10100,92567
039290,2013-05-14,10050,10200,9520,9580,214221
039290,2013-05-15,9540,9680,9430,9600,80715
039290,2013-05-16,9600,9630,9400,9510,85699
039290,2013-05-20,9560,9650,9450,9500,59255
039290,2013-05-21,9480,9920,9480,9920,88291
039290,2013-05-22,10000,10050,9680,9870,60293
039290,2013-05-23,9960,9970,9400,9400,71149
039290,2013-05-24,9350,9590,9250,9500,56998
039290,2013-05-27,9650,9650,9410,9420,49824
039290,2013-05-28,9410,9500,9280,9500,74874
039290,2013-05-29,9600,9600,9380,9450,77117
039290,2013-05-30,9490,9500,9310,9450,57813
039290,2013-05-31,9360,9440,9020,9130,99169
039290,2013-06-03,9130,9130,8800,8860,87163
039290,2013-06-04,8860,9300,8860,9300,123011
039290,2013-06-05,9150,9410,9070,9380,73478
039290,2013-06-07,9380,9430,9000,9030,34753
039290,2013-06-10,9030,9280,9030,9130,21320
039290,2013-06-11,9030,9050,8800,8850,88961
039290,2013-06-12,8850,8940,8800,8820,54737
039290,2013-06-13,8820,8820,8440,8660,59161
039290,2013-06-14,8690,8950,8550,8570,22165
039290,2013-06-17,8600,8600,7990,8070,47954
039290,2013-06-18,8050,8300,7990,8300,28766
039290,2013-06-19,8210,8350,8150,8200,19901
039290,2013-06-20,8050,8240,8000,8190,17940
039290,2013-06-21,8030,8050,7690,7880,62075
039290,2013-06-24,7880,8010,7710,7720,21084
039290,2013-06-25,7650,7750,7000,7200,75029
039290,2013-06-26,7250,7490,7130,7300,45200
039290,2013-06-27,7450,7700,7360,7600,28084
039290,2013-06-28,7770,7770,7400,7470,51046
039290,2013-07-01,7380,7570,7380,7450,36818
039290,2013-07-02,7450,7600,7350,7350,25056
039290,2013-07-03,7290,7530,7210,7340,42886
039290,2013-07-04,7370,7460,7130,7210,48770
039290,2013-07-05,7310,7330,7100,7180,42583
039290,2013-07-08,7200,7280,6960,7050,30378
039290,2013-07-09,7060,7090,6710,7000,68646
039290,2013-07-10,7010,7120,6900,6940,23260
039290,2013-07-11,6860,7100,6860,7070,32235
039290,2013-07-12,7120,7300,7060,7230,32099
039290,2013-07-15,7230,7440,7150,7370,41241
039290,2013-07-16,7370,7820,7350,7820,61665
039290,2013-07-17,7840,7930,7650,7730,48788
039290,2013-07-18,7790,7790,7590,7690,25483
039290,2013-07-19,7690,7760,7400,7530,32967
039290,2013-07-22,7540,7540,7400,7520,25295
039290,2013-07-23,7520,7640,7480,7530,11025
039290,2013-07-24,7480,7690,7480,7550,9603
039290,2013-07-25,7550,7830,7460,7800,33568
039290,2013-07-26,7920,7920,7600,7840,16022
039290,2013-07-29,7900,7900,7410,7600,25570
039290,2013-07-30,7450,7540,7210,7420,71715
039290,2013-07-31,7300,7480,7300,7360,21385
039290,2013-08-01,7220,7510,7220,7510,31463
039290,2013-08-02,7600,7960,7600,7630,94987
039290,2013-08-05,7770,7770,7500,7610,14296
039290,2013-08-06,7520,7690,7390,7510,31411
039290,2013-08-07,8040,8630,8040,8630,1039883
039290,2013-08-08,8620,8910,8590,8660,557790
039290,2013-08-09,8800,9120,8710,8840,388329
039290,2013-08-12,8800,8950,8680,8900,146926
039290,2013-08-13,8920,9270,8800,8800,252703
039290,2013-08-14,8760,9070,8650,9040,125262
039290,2013-08-16,8800,9020,8800,8840,60932
039290,2013-08-19,8850,8950,8660,8680,80542
039290,2013-08-20,8680,8720,8100,8230,121581
039290,2013-08-21,8330,8550,8150,8400,114457
039290,2013-08-22,8190,8250,7910,7960,72877
039290,2013-08-23,8010,8320,8010,8300,46911
039290,2013-08-26,8310,8900,8310,8620,220976
039290,2013-08-27,8450,8920,8320,8330,99950
039290,2013-08-28,8150,8470,8060,8280,45258
039290,2013-08-29,8380,8410,8200,8200,44731
039290,2013-08-30,8240,8350,7630,7790,157378
039290,2013-09-02,7790,7860,7660,7790,35093
039290,2013-09-03,7800,7990,7800,7900,30990
039290,2013-09-04,7850,7930,7770,7800,20929
039290,2013-09-05,7790,7890,7750,7750,23720
039290,2013-09-06,7790,7790,7240,7320,135184
039290,2013-09-09,7340,7440,7000,7080,150562
039290,2013-09-10,7080,7220,7080,7160,39881
039290,2013-09-11,7250,7540,7210,7400,80746
039290,2013-09-12,7350,7490,7220,7260,38554
039290,2013-09-13,7200,7330,7200,7270,24785
039290,2013-09-16,7230,7310,7100,7100,41728
039290,2013-09-17,7110,7180,7100,7160,15530
039290,2013-09-23,7160,7240,7090,7120,18409
039290,2013-09-24,7020,7170,7010,7050,27634
039290,2013-09-25,7020,7120,6960,6980,27640
039290,2013-09-26,7000,7200,7000,7110,21754
039290,2013-09-27,7400,7400,7140,7280,30155
039290,2013-09-30,7400,7400,7110,7160,20500
039290,2013-10-01,7060,7190,6970,7000,40650
039290,2013-10-02,7080,7110,6960,7000,33213
039290,2013-10-04,7070,7070,6810,6870,27894
039290,2013-10-07,7000,7000,6730,6730,42686
039290,2013-10-08,6700,6700,6520,6580,33209
039290,2013-10-10,6630,6660,6500,6540,23199
039290,2013-10-11,6540,6590,6430,6430,28689
039290,2013-10-14,6440,6520,6380,6400,24317
039290,2013-10-15,6410,6950,6400,6950,78059
039290,2013-10-16,6940,7420,6760,6810,108990
039290,2013-10-17,6810,7000,6640,6800,24279
039290,2013-10-18,6680,6780,6560,6660,40823
039290,2013-10-21,6590,6740,6550,6640,34562
039290,2013-10-22,6670,6800,6610,6620,19207
039290,2013-10-23,6700,6700,6500,6530,34102
039290,2013-10-24,6500,6600,6400,6460,32318
039290,2013-10-25,6540,6580,6460,6470,16282
039290,2013-10-28,6500,6590,6450,6550,16481
039290,2013-10-29,6510,6770,6500,6670,36832
039290,2013-10-30,6750,6830,6650,6690,31109
039290,2013-10-31,6630,6800,6600,6600,31172
039290,2013-11-01,6570,6640,6470,6560,26865
039290,2013-11-04,6510,7300,6510,6600,104426
039290,2013-11-05,6670,6670,6500,6560,38713
039290,2013-11-06,6500,6530,6400,6400,30654
039290,2013-11-07,6450,6450,6140,6190,50183
039290,2013-11-08,6070,6120,5950,6000,52287
039290,2013-11-11,6000,6120,5660,5660,56827
039290,2013-11-12,5610,5770,5500,5700,41936
039290,2013-11-13,5700,5750,5420,5420,48446
039290,2013-11-14,5430,5480,5290,5340,47780
039290,2013-11-15,5340,5400,5190,5300,38738
039290,2013-11-18,5340,5340,5000,5110,63853
039290,2013-11-19,5110,5160,4920,5050,100925
039290,2013-11-20,5070,5350,5000,5130,57087
039290,2013-11-21,5180,5280,5110,5120,61215
039290,2013-11-22,5130,5470,5130,5370,112716
039290,2013-11-25,5380,5480,5340,5350,51018
039290,2013-11-26,5370,5400,5280,5380,42872
039290,2013-11-27,5400,5500,5330,5330,30477
039290,2013-11-28,5300,5350,5200,5320,47234
039290,2013-11-29,5350,5350,5230,5320,28419
039290,2013-12-02,5310,5370,5260,5270,36110
039290,2013-12-03,5230,5300,5130,5300,38130
039290,2013-12-04,5250,5480,5210,5480,37413
039290,2013-12-05,5480,5700,5380,5570,110359
039290,2013-12-06,5640,6400,5600,6400,807679
039290,2013-12-09,6500,6570,6180,6370,953672
039290,2013-12-10,6360,6430,6050,6070,420978
039290,2013-12-11,6140,6140,5520,5620,367477
039290,2013-12-12,5470,5570,5210,5330,229074
039290,2013-12-13,5300,5360,5210,5260,99752
039290,2013-12-16,5260,5340,5260,5280,43972
039290,2013-12-17,5290,5320,4975,4975,80578
039290,2013-12-18,4950,5070,4945,4975,53058
039290,2013-12-19,5000,5130,5000,5040,43328
039290,2013-12-20,5050,5420,5050,5300,108423
039290,2013-12-23,5380,5920,5300,5680,356176
039290,2013-12-24,5680,5770,5580,5710,54599
039290,2013-12-26,5750,5860,5610,5690,75167
039290,2013-12-27,5690,5840,5690,5830,38162
039290,2013-12-30,5830,5890,5750,5860,27066
039290,2014-01-02,5810,5870,5680,5680,45920
039290,2014-01-03,5540,5790,5540,5740,22445
039290,2014-01-06,5750,6080,5750,5870,97201
039290,2014-01-07,5830,6070,5770,6030,71784
039290,2014-01-08,6030,6060,5850,5970,69817
039290,2014-01-09,6050,6090,5900,5960,42203
039290,2014-01-10,6090,6090,5850,6010,69723
039290,2014-01-13,6010,6330,5940,6250,151998
039290,2014-01-14,6180,6290,6120,6150,80316
039290,2014-01-15,6200,6270,6090,6210,66620
039290,2014-01-16,6210,6510,6150,6340,124163
039290,2014-01-17,6420,6470,6230,6290,82344
039290,2014-01-20,6300,6350,6100,6100,51667
039290,2014-01-21,6090,6560,6020,6350,150095
039290,2014-01-22,6360,6620,6220,6220,213636
039290,2014-01-23,6240,6400,6120,6120,58262
039290,2014-01-24,6120,6240,6070,6220,59575
039290,2014-01-27,6130,6190,5870,5870,81827
039290,2014-01-28,5830,5950,5760,5920,47916
039290,2014-01-29,6050,6130,5970,6030,45537
039290,2014-02-03,6080,6200,6010,6090,35443
039290,2014-02-04,6000,6060,5910,5950,39987
039290,2014-02-05,5990,6120,5930,5960,21491
039290,2014-02-06,5950,6140,5900,5950,44602
039290,2014-02-07,6000,6040,5950,5980,37246
039290,2014-02-10,6010,6310,5980,6300,104729
039290,2014-02-11,6350,6480,6300,6410,127644
039290,2014-02-12,6450,6550,6290,6450,78678
039290,2014-02-13,6400,6550,6370,6510,170535
039290,2014-02-14,6550,6680,6380,6420,237479
039290,2014-02-17,6440,6500,6280,6300,84419
039290,2014-02-18,6300,6390,6260,6350,51188
039290,2014-02-19,6350,6540,6230,6540,100981
039290,2014-02-20,6560,6620,6410,6600,115479
039290,2014-02-21,6720,7420,6720,6900,911626
039290,2014-02-24,6900,6900,6610,6690,219094
039290,2014-02-25,6790,6940,6620,6880,110523
039290,2014-02-26,6900,7010,6750,6820,70853
039290,2014-02-27,6800,6930,6600,6600,69231
039290,2014-02-28,6600,6660,6300,6370,156211
039290,2014-03-03,6380,6580,6230,6560,85194
039290,2014-03-04,6530,6890,6530,6890,117103
039290,2014-03-05,6950,7280,6860,7230,503643
039290,2014-03-06,7230,7340,7110,7160,156840
039290,2014-03-07,7150,7270,7150,7210,98857
039290,2014-03-10,7210,7330,7090,7120,108199
039290,2014-03-11,7180,7180,6830,6950,144897
039290,2014-03-12,6990,6990,6700,6710,112723
039290,2014-03-13,6750,6950,6700,6940,73248
039290,2014-03-14,6810,7150,6810,7090,70183
039290,2014-03-17,7120,7120,6910,7080,81553
039290,2014-03-18,7120,7170,6960,7000,40319
039290,2014-03-19,7050,7170,6940,6970,70259
039290,2014-03-20,6920,6990,6800,6820,45480
039290,2014-03-21,6890,7600,6820,7070,350050
039290,2014-03-24,7140,7360,7070,7080,117882
039290,2014-03-25,7130,7190,7020,7080,64357
039290,2014-03-26,7070,7640,7040,7160,354951
039290,2014-03-27,7160,7180,7010,7040,43923
039290,2014-03-28,6950,7030,6770,6800,80949
039290,2014-03-31,6770,6820,6550,6610,75646
039290,2014-04-01,6580,6800,6580,6640,29612
039290,2014-04-02,6750,6870,6710,6800,51752
039290,2014-04-03,6860,6980,6700,6760,109276
039290,2014-04-04,6750,6860,6400,6510,114227
039290,2014-04-07,6520,6520,6240,6260,90606
039290,2014-04-08,6230,6260,5950,6040,172326
039290,2014-04-09,6140,6140,5960,6020,67342
039290,2014-04-10,6040,6180,5980,6130,64091
039290,2014-04-11,6030,6070,6000,6020,49571
039290,2014-04-14,5980,6210,5980,6130,54512
039290,2014-04-15,6120,6320,6120,6250,60359
039290,2014-04-16,6330,6330,6190,6230,14952
039290,2014-04-17,6300,6890,6270,6620,281908
039290,2014-04-18,6620,6740,6460,6680,53196
039290,2014-04-21,6580,6580,6320,6420,137951
039290,2014-04-22,6440,7150,6350,6690,415799
039290,2014-04-23,6760,7690,6760,7690,438978
039290,2014-04-24,8190,8640,7850,7940,2707420
039290,2014-04-25,8000,8050,7390,7400,565928
039290,2014-04-28,7340,7900,7310,7500,695916
039290,2014-04-29,7480,7590,7120,7200,381693
039290,2014-04-30,7270,8280,7120,8280,1597740
039290,2014-05-02,8280,9070,8050,8470,2582906
039290,2014-05-07,8560,9620,8530,9200,2405184
039290,2014-05-08,9220,9520,8700,8820,1095389
039290,2014-05-09,9010,9420,8850,8850,957815
039290,2014-05-12,8850,8930,8500,8650,489803
039290,2014-05-13,8600,8960,8600,8600,611818
039290,2014-05-14,8530,8660,8380,8600,399799
039290,2014-05-15,8700,9050,8520,8520,924108
039290,2014-05-16,8510,8520,8150,8240,340509
039290,2014-05-19,8320,8350,7790,7880,333306
039290,2014-05-20,7950,7970,7300,7460,396805
039290,2014-05-21,7460,7650,7270,7270,340800
039290,2014-05-22,7380,7630,7310,7400,383188
039290,2014-05-23,7420,8080,7310,7870,1009972
039290,2014-05-26,8100,8720,8100,8250,1684056
039290,2014-05-27,8300,8480,7830,7910,552213
039290,2014-05-28,7990,7990,7490,7500,281266
039290,2014-05-29,7470,7700,7420,7670,166874
039290,2014-05-30,7680,7730,7460,7600,133472
039290,2014-06-02,7620,7640,7000,7000,233651
039290,2014-06-03,6990,7120,6630,7000,218444
039290,2014-06-05,7030,7480,7030,7180,181672
039290,2014-06-09,7250,7250,6850,7170,110100
039290,2014-06-10,7100,7500,7090,7260,204257
039290,2014-06-11,7390,7730,7300,7310,369586
039290,2014-06-12,7280,7340,7120,7250,85227
039290,2014-06-13,7200,7300,7110,7140,115477
039290,2014-06-16,7220,7270,7100,7140,62308
039290,2014-06-17,7240,7880,7140,7540,592000
039290,2014-06-18,7660,7740,7480,7650,185994
039290,2014-06-19,7650,7670,7480,7500,119821
039290,2014-06-20,7470,7600,7360,7390,110415
039290,2014-06-23,7400,7550,6770,6900,143874
039290,2014-06-24,7100,7100,6560,6870,119959
039290,2014-06-25,6980,6980,6590,6630,81327
039290,2014-06-26,6620,6860,6610,6740,79751
039290,2014-06-27,6740,6870,6720,6840,55840
039290,2014-06-30,6970,7380,6950,7020,330034
039290,2014-07-01,7050,7140,6900,7030,62378
039290,2014-07-02,7090,7210,7040,7070,83790
039290,2014-07-03,7050,7160,6850,6890,142021
039290,2014-07-04,6930,7090,6840,6930,87046
039290,2014-07-07,6900,6940,6730,6740,90235
039290,2014-07-08,6740,7100,6700,6950,97822
039290,2014-07-09,7000,7100,6900,7010,61451
039290,2014-07-10,7120,7420,7060,7060,203786
039290,2014-07-11,6980,7320,6960,7110,130483
039290,2014-07-14,7150,7240,7050,7130,75094
039290,2014-07-15,7140,7310,6950,6950,94660
039290,2014-07-16,6950,7080,6710,6710,95477
039290,2014-07-17,6850,6940,6770,6860,63585
039290,2014-07-18,6790,7060,6770,6910,42258
039290,2014-07-21,7020,7020,6880,6900,50911
039290,2014-07-22,6850,7260,6810,7110,174786
039290,2014-07-23,7180,7180,6990,7050,53419
039290,2014-07-24,7050,7110,6830,6850,94129
039290,2014-07-25,6800,6930,6780,6880,49581
039290,2014-07-28,7060,7060,6700,6790,59125
039290,2014-07-29,6740,6870,6600,6660,80871
039290,2014-07-30,6550,6650,6310,6310,87891
039290,2014-07-31,6310,6450,6060,6380,56765
039290,2014-08-01,6150,6400,6150,6310,26594
039290,2014-08-04,6380,6380,6210,6290,39003
039290,2014-08-05,6300,6330,6110,6200,42412
039290,2014-08-06,6140,6220,5950,5950,79997
039290,2014-08-07,5900,6120,5890,5980,58679
039290,2014-08-08,5990,6090,5800,5810,52466
039290,2014-08-11,5780,5980,5750,5750,37846
039290,2014-08-12,5780,5820,5580,5610,47246
039290,2014-08-13,5560,5610,5400,5510,81405
039290,2014-08-14,5620,5640,5450,5470,45642
039290,2014-08-18,5490,5850,5490,5720,72703
039290,2014-08-19,5810,5940,5700,5720,50707
039290,2014-08-20,5760,5790,5620,5690,37601
039290,2014-08-21,5740,5760,5580,5580,39223
039290,2014-08-22,5570,5730,5560,5710,27023
039290,2014-08-25,5740,5780,5490,5540,44896
039290,2014-08-26,5520,5680,5430,5470,38411
039290,2014-08-27,5570,5570,5410,5460,31578
039290,2014-08-28,5410,5600,5400,5550,30111
039290,2014-08-29,5580,5590,5440,5510,20860
039290,2014-09-01,5580,6140,5530,5910,260955
039290,2014-09-02,5950,6080,5740,6060,127636
039290,2014-09-03,6000,6090,5810,5900,119478
039290,2014-09-04,5940,5980,5760,5760,67227
039290,2014-09-05,5740,5810,5610,5710,32528
039290,2014-09-11,5730,5810,5710,5800,39360
039290,2014-09-12,5770,6090,5710,6090,65552
039290,2014-09-15,6100,6100,5900,5960,38066
039290,2014-09-16,6050,6090,5900,6050,26706
039290,2014-09-17,6090,6160,6020,6070,41007
039290,2014-09-18,6050,6160,6020,6020,20921
039290,2014-09-19,6140,6150,5870,5870,33997
039290,2014-09-22,5910,5970,5800,5800,39624
039290,2014-09-23,5790,5860,5700,5780,33314
039290,2014-09-24,5840,5880,5690,5880,38869
039290,2014-09-25,5980,5980,5770,5800,20476
039290,2014-09-26,5790,5830,5620,5830,24389
039290,2014-09-29,5780,5950,5760,5800,40302
039290,2014-09-30,5760,5990,5740,5750,19370
039290,2014-10-01,5740,5740,5340,5560,43056
039290,2014-10-02,5410,5620,5400,5470,26952
039290,2014-10-06,5470,5640,5430,5490,27150
039290,2014-10-07,5450,5560,5300,5420,25070
039290,2014-10-08,5330,5430,5240,5240,45023
039290,2014-10-10,5220,5220,4755,4920,83262
039290,2014-10-13,4755,4920,4710,4720,40041
039290,2014-10-14,4540,4760,4540,4665,34684
039290,2014-10-15,4660,4860,4660,4805,31476
039290,2014-10-16,4890,5000,4720,4720,22060
039290,2014-10-17,4750,4800,4650,4735,17376
039290,2014-10-20,4735,4770,4620,4680,26561
039290,2014-10-21,4655,4680,4515,4570,38999
039290,2014-10-22,4610,4650,4530,4570,36569
039290,2014-10-23,4720,4730,4600,4610,29090
039290,2014-10-24,4700,4730,4570,4705,32214
039290,2014-10-27,5050,5050,4760,4975,36648
039290,2014-10-28,4860,5000,4860,4900,16772
039290,2014-10-29,4900,4965,4830,4885,24736
039290,2014-10-30,4840,5030,4840,4970,27237
039290,2014-10-31,4970,5250,4905,5180,46947
039290,2014-11-03,5210,5400,5200,5240,50639
039290,2014-11-04,5200,5350,4930,5090,24506
039290,2014-11-05,5110,5250,4810,4835,45941
039290,2014-11-06,4830,4840,4670,4750,36154
039290,2014-11-07,4750,4920,4750,4895,13970
039290,2014-11-10,4865,4955,4850,4950,10943
039290,2014-11-11,4990,5090,4800,4975,10640
039290,2014-11-12,5080,5080,4825,4975,11317
039290,2014-11-13,4910,4970,4800,4850,28620
039290,2014-11-14,4870,4870,4785,4840,11774
039290,2014-11-17,4855,4880,4755,4870,7305
039290,2014-11-18,4880,4965,4850,4900,9336
039290,2014-11-19,4960,4960,4695,4695,15961
039290,2014-11-20,4745,4840,4710,4800,16527
039290,2014-11-21,4755,4990,4700,4975,21019
039290,2014-11-24,4920,5300,4920,5300,48764
039290,2014-11-25,5230,5960,5210,5810,210727
039290,2014-11-26,5980,5990,5650,5710,78127
039290,2014-11-27,5630,5780,5330,5770,150469
039290,2014-11-28,5660,5930,5650,5680,50889
039290,2014-12-01,6200,6200,5260,5400,201067
039290,2014-12-02,5400,5480,5080,5120,53572
039290,2014-12-03,5220,5220,4970,4990,47685
039290,2014-12-04,4990,5050,4920,4920,35762
039290,2014-12-05,4970,5130,4900,5110,35512
039290,2014-12-08,5130,5200,4950,5050,49358
039290,2014-12-09,5050,5080,4950,4975,23940
039290,2014-12-10,5030,5030,4735,4810,41081
039290,2014-12-11,4780,4870,4750,4825,26498
039290,2014-12-12,4825,4895,4700,4710,31095
039290,2014-12-15,4630,4780,4605,4680,9545
039290,2014-12-16,4750,4750,4550,4675,24848
039290,2014-12-17,4680,4850,4680,4680,15778
039290,2014-12-18,4670,4790,4460,4575,22267
039290,2014-12-19,4740,4740,4580,4605,6380
039290,2014-12-22,4575,4710,4555,4615,12387
039290,2014-12-23,4565,4630,4465,4500,29769
039290,2014-12-24,4510,4600,4460,4545,15977
039290,2014-12-26,4560,4590,4470,4500,25713
039290,2014-12-29,4550,4600,4470,4500,20282
039290,2014-12-30,4510,4595,4500,4500,27704
039290,2015-01-02,4480,4700,4480,4700,41078
039290,2015-01-05,4710,5400,4710,5400,203270
039290,2015-01-06,5710,6210,5580,5850,1053922
039290,2015-01-07,5760,5830,5610,5800,220571
039290,2015-01-08,5830,6500,5620,5940,1064294
039290,2015-01-09,6000,6050,5840,5870,274587
039290,2015-01-12,5900,6070,5730,6030,288625
039290,2015-01-13,5960,6030,5610,5610,182990
039290,2015-01-14,5690,6180,5620,5960,513436
039290,2015-01-15,5930,6130,5780,6100,317094
039290,2015-01-16,6090,6410,5950,6290,495650
039290,2015-01-19,6260,6430,6130,6270,208870
039290,2015-01-20,6390,6890,6150,6150,577950
039290,2015-01-21,6230,6230,5930,6010,161738
039290,2015-01-22,6050,6090,5740,5800,160690
039290,2015-01-23,5870,5940,5730,5880,80496
039290,2015-01-26,5970,6000,5820,5850,51733
039290,2015-01-27,5850,5900,5550,5580,111730
039290,2015-01-28,5510,5740,5500,5570,71414
039290,2015-01-29,5590,5690,5530,5610,55204
039290,2015-01-30,5640,5690,5450,5520,44794
039290,2015-02-02,5450,5600,5430,5500,42499
039290,2015-02-03,5610,5690,5510,5680,67145
039290,2015-02-04,5680,5700,5540,5560,48649
039290,2015-02-05,5720,6070,5650,5820,255599
039290,2015-02-06,5760,5880,5700,5760,82536
039290,2015-02-09,5770,6620,5770,6620,495141
039290,2015-02-10,6820,7400,6810,7000,1430152
039290,2015-02-11,7200,7270,6870,7100,702628
039290,2015-02-12,7200,7460,6970,6980,681208
039290,2015-02-13,6950,7300,6910,7300,408044
039290,2015-02-16,7370,8390,7230,8390,541252
039290,2015-02-17,8480,9060,7840,7840,1885106
039290,2015-02-23,7840,8200,7400,7400,530973
039290,2015-02-24,7450,8450,7250,7850,1011862
039290,2015-02-25,7870,7920,7500,7570,320726
039290,2015-02-26,7460,7550,7100,7140,336729
039290,2015-02-27,7130,7240,7000,7090,188121
039290,2015-03-02,7090,7290,6980,7020,152371
039290,2015-03-03,7140,7730,7140,7280,661868
039290,2015-03-04,7230,7310,7020,7070,195817
039290,2015-03-05,7090,7700,7070,7320,495291
039290,2015-03-06,7340,7770,7340,7620,385806
039290,2015-03-09,7790,7900,7450,7600,311430
039290,2015-03-10,7720,7820,7450,7570,177103
039290,2015-03-11,7560,7640,7470,7480,111082
039290,2015-03-12,7510,7760,7500,7500,176293
039290,2015-03-13,7520,7600,7330,7340,117312
039290,2015-03-16,7180,7280,6990,7020,189548
039290,2015-03-17,7030,7170,6970,7080,103892
039290,2015-03-18,7040,7370,7000,7000,143513
039290,2015-03-19,7010,7350,6960,7070,244132
039290,2015-03-20,7050,7220,7030,7150,84371
039290,2015-03-23,7200,7720,7170,7340,329984
039290,2015-03-24,7430,7430,7180,7240,106136
039290,2015-03-25,7280,7400,7180,7180,126842
039290,2015-03-26,7160,7220,6830,6990,186516
039290,2015-03-27,7010,7150,6860,7000,116711
039290,2015-03-30,7000,7030,6900,6910,76215
039290,2015-03-31,7000,7480,6910,7370,284292
039290,2015-04-01,7450,7470,7200,7260,160315
039290,2015-04-02,7360,7830,7260,7690,415959
039290,2015-04-03,7820,7940,7620,7670,239281
039290,2015-04-06,7800,8320,7800,7890,324225
039290,2015-04-07,7800,7880,7550,7550,196800
039290,2015-04-08,7550,7610,7360,7490,123125
039290,2015-04-09,7500,7690,7430,7540,87031
039290,2015-04-10,7580,7830,7560,7580,199712
039290,2015-04-13,7580,7650,7370,7370,168386
039290,2015-04-14,7370,7430,7140,7250,164646
039290,2015-04-15,7180,7320,7160,7210,66291
039290,2015-04-16,7250,7440,7210,7430,75764
039290,2015-04-17,7500,7700,7420,7500,200944
039290,2015-04-20,7500,7530,7420,7530,75774
039290,2015-04-21,7560,7990,7400,7600,329264
039290,2015-04-22,7610,7860,6950,7300,381631
039290,2015-04-23,7330,7970,7230,7380,385478
039290,2015-04-24,7450,7450,7110,7130,110146
039290,2015-04-27,7230,7330,7110,7320,57740
039290,2015-04-28,7330,7330,7170,7170,63516
039290,2015-04-29,7310,7840,7120,7170,298570
039290,2015-04-30,7250,7390,7080,7080,91546
039290,2015-05-04,7160,7480,7160,7200,96964
039290,2015-05-06,7380,7760,7210,7290,731942
039290,2015-05-07,7350,7420,6580,7000,238472
039290,2015-05-08,7000,7150,6930,6930,90501
039290,2015-05-11,6920,7100,6920,6930,81441
039290,2015-05-12,6990,7000,6740,6740,85048
039290,2015-05-13,6740,6770,6480,6560,124763
039290,2015-05-14,6530,6620,6500,6560,41685
039290,2015-05-15,6560,6830,6530,6610,108700
039290,2015-05-18,6610,6800,6590,6630,28683
039290,2015-05-19,6630,6630,6250,6380,132021
039290,2015-05-20,6490,6490,6290,6360,43461
039290,2015-05-21,6300,6500,6080,6150,162511
039290,2015-05-22,6230,6400,6150,6240,86335
039290,2015-05-26,6260,6290,6130,6280,35604
039290,2015-05-27,6210,6330,6070,6080,59737
039290,2015-05-28,6150,6200,6060,6180,37512
039290,2015-05-29,6180,6730,6180,6230,175046
039290,2015-06-01,6240,6390,6080,6390,73375
039290,2015-06-02,6390,6430,6150,6160,66641
039290,2015-06-03,6150,6350,6070,6100,51203
039290,2015-06-04,6130,6400,6100,6120,38935
039290,2015-06-05,6100,6170,5870,5880,92017
039290,2015-06-08,5720,6000,5720,5920,39066
039290,2015-06-09,5770,5990,5770,5930,30939
039290,2015-06-10,6000,6490,5850,6430,271121
039290,2015-06-11,6480,6480,6250,6410,129507
039290,2015-06-12,6480,6480,6260,6330,57606
039290,2015-06-15,6320,6450,6170,6220,49958
039290,2015-06-16,6180,6300,6000,6090,43791
039290,2015-06-17,6100,6370,6090,6190,33094
039290,2015-06-18,6220,6230,6090,6200,28482
039290,2015-06-19,6310,6310,6040,6060,44635
039290,2015-06-22,6160,6160,5930,6000,39329
039290,2015-06-23,6010,6130,5890,6000,62627
039290,2015-06-24,6090,6090,5930,6000,40719
039290,2015-06-25,6050,6100,5900,6040,77100
039290,2015-06-26,5910,6260,5910,6130,80770
039290,2015-06-29,6080,6380,5980,6140,123853
039290,2015-06-30,6030,6120,5910,5990,56207
039290,2015-07-01,6000,6230,6000,6150,33768
039290,2015-07-02,6250,6300,6040,6100,43722
039290,2015-07-03,6130,6280,6120,6210,45520
039290,2015-07-06,6110,6670,6080,6500,307355
039290,2015-07-07,6470,6610,6270,6490,89536
039290,2015-07-08,6560,6560,6300,6350,46770
039290,2015-07-09,6210,6230,6010,6170,79060
039290,2015-07-10,6230,6280,6120,6160,31690
039290,2015-07-13,6100,6330,6090,6280,34275
039290,2015-07-14,6280,6380,6220,6290,37102
039290,2015-07-15,6240,6340,6180,6290,37623
039290,2015-07-16,6310,6550,6270,6530,123303
039290,2015-07-17,6510,6700,6500,6600,144093
039290,2015-07-20,6660,6940,6620,6930,214613
039290,2015-07-21,6940,6980,6660,6860,103653
039290,2015-07-22,6860,6940,6740,6930,127740
039290,2015-07-23,6930,7070,6860,6930,80083
039290,2015-07-24,6900,6930,6600,6700,105361
039290,2015-07-27,6630,6650,6460,6520,56062
039290,2015-07-28,6470,6470,6000,6370,98855
039290,2015-07-29,6370,6420,6010,6060,186111
039290,2015-07-30,6070,6250,6000,6200,64582
039290,2015-07-31,6240,6240,6030,6130,71452
039290,2015-08-03,6050,6230,5940,5940,41012
039290,2015-08-04,6050,6060,5920,6050,54875
039290,2015-08-05,6070,6170,6000,6150,34294
039290,2015-08-06,6110,6230,6080,6150,29749
039290,2015-08-07,6120,6230,6040,6120,32975
039290,2015-08-10,6110,6190,6050,6110,30910
039290,2015-08-11,6150,6150,6070,6130,25636
039290,2015-08-12,6130,6130,5880,5940,72756
039290,2015-08-13,5950,6050,5770,6050,29118
039290,2015-08-17,6110,6140,5970,6130,46559
039290,2015-08-18,6170,6170,6000,6000,30583
039290,2015-08-19,5890,6080,5340,5690,146918
039290,2015-08-20,5570,5900,5360,5360,56245
039290,2015-08-21,5210,5210,4845,4965,154642
039290,2015-08-24,4800,5070,4800,4835,61425
039290,2015-08-25,4720,5050,4720,4910,62800
039290,2015-08-26,4910,5180,4910,5180,18092
039290,2015-08-27,5180,5270,5080,5120,29734
039290,2015-08-28,5130,5340,5130,5260,37714
039290,2015-08-31,5230,5410,5230,5360,47965
039290,2015-09-01,5360,5470,5300,5370,38898
039290,2015-09-02,5220,5490,5220,5480,29552
039290,2015-09-03,5550,5650,5440,5590,27928
039290,2015-09-04,5590,5630,5390,5500,33436
039290,2015-09-07,5410,5520,5260,5360,34349
039290,2015-09-08,5360,5450,5280,5370,14981
039290,2015-09-09,5440,5470,5290,5400,22614
039290,2015-09-10,5320,5440,5300,5440,18169
039290,2015-09-11,5440,5550,5320,5490,22983
039290,2015-09-14,5490,5530,5410,5420,26228
039290,2015-09-15,5420,5490,5320,5420,10215
039290,2015-09-16,5430,5560,5400,5540,46026
039290,2015-09-17,5510,5700,5350,5540,70363
039290,2015-09-18,5550,5900,5500,5720,80237
039290,2015-09-21,5700,5930,5550,5820,53839
039290,2015-09-22,5980,7130,5820,6430,685286
039290,2015-09-23,6340,6460,6100,6220,119673
039290,2015-09-24,6240,6480,6100,6190,61827
039290,2015-09-25,6190,6300,6100,6200,42761
039290,2015-09-30,6190,6200,6070,6140,26966
039290,2015-10-01,6150,6290,6010,6110,31891
039290,2015-10-02,6110,6250,6060,6120,30763
039290,2015-10-05,6120,6200,6090,6160,25890
039290,2015-10-06,6160,6350,6100,6170,69307
039290,2015-10-07,6180,6200,6030,6110,47900
039290,2015-10-08,6110,6940,6050,6660,640492
039290,2015-10-12,6660,6950,6530,6790,150848
039290,2015-10-13,6790,6790,6540,6590,67129
039290,2015-10-14,6590,6780,6380,6400,118556
039290,2015-10-15,6470,6630,6440,6500,67912
039290,2015-10-16,6620,6630,6410,6610,99305
039290,2015-10-19,6650,6660,6500,6630,72619
039290,2015-10-20,6680,6680,6560,6620,45009
039290,2015-10-21,6620,6720,6510,6620,79525
039290,2015-10-22,6710,7000,6520,6520,146849
039290,2015-10-23,6540,7000,6410,7000,165668
039290,2015-10-26,7110,7110,6800,6850,122951
039290,2015-10-27,6750,6850,6600,6740,74170
039290,2015-10-28,6740,6790,6600,6660,41143
039290,2015-10-29,6660,6660,6480,6570,74842
039290,2015-10-30,6520,6690,6340,6460,50395
039290,2015-11-02,6460,6460,6160,6310,41822
039290,2015-11-03,6310,6510,6220,6490,33996
039290,2015-11-04,6540,6540,6400,6490,27656
039290,2015-11-05,6530,6600,6390,6390,45378
039290,2015-11-06,6400,6530,6260,6420,39382
039290,2015-11-09,6550,6550,6100,6100,57278
039290,2015-11-10,5990,6090,5710,5790,79467
039290,2015-11-11,5730,6080,5730,5910,39265
039290,2015-11-12,5950,6050,5870,6020,14232
039290,2015-11-13,5980,5990,5850,5970,12150
039290,2015-11-16,5740,6020,5720,5820,30028
039290,2015-11-17,5820,6040,5820,5970,24612
039290,2015-11-18,5970,6130,5930,5980,11378
039290,2015-11-19,6030,6110,6020,6060,13748
039290,2015-11-20,6010,6260,5970,6170,22313
039290,2015-11-23,6240,6490,6240,6300,72356
039290,2015-11-24,6320,6440,6240,6270,19046
039290,2015-11-25,6270,6420,6220,6220,27999
039290,2015-11-26,6290,6450,6250,6270,38282
039290,2015-11-27,6290,6450,6290,6390,32526
039290,2015-11-30,6450,6640,6420,6500,86392
039290,2015-12-01,6530,6620,6410,6500,31971
039290,2015-12-02,6580,6580,6440,6460,36401
039290,2015-12-03,6460,6500,6360,6450,20895
039290,2015-12-04,6390,6450,6200,6230,28315
039290,2015-12-07,6290,6430,6290,6410,28264
039290,2015-12-08,6410,6460,6310,6320,32324
039290,2015-12-09,6320,6600,6280,6540,61866
039290,2015-12-10,8200,8500,6700,6850,3170099
039290,2015-12-11,6950,7730,6670,7270,889974
039290,2015-12-14,7090,7700,6960,7490,467542
039290,2015-12-15,7430,7700,7270,7300,446430
039290,2015-12-16,7360,7740,7320,7600,413148
039290,2015-12-17,7700,8050,7490,7520,480992
039290,2015-12-18,7480,7480,7270,7310,255269
039290,2015-12-21,7370,8000,7240,7850,475461
039290,2015-12-22,7880,7890,7670,7800,211540
039290,2015-12-23,7850,8040,7630,7860,243327
039290,2015-12-24,7840,8180,7800,7800,266874
039290,2015-12-28,7900,7900,7350,7500,235576
039290,2015-12-29,7600,7660,7440,7640,102590
039290,2015-12-30,7680,8160,7570,8160,299630
039290,2016-01-04,8230,8360,7830,7830,387668
039290,2016-01-05,7680,8000,7670,7790,218093
039290,2016-01-06,7900,7900,7180,7240,372949
039290,2016-01-07,7340,7340,6850,6870,232929
039290,2016-01-08,6740,6930,6570,6640,225605
039290,2016-01-11,6540,6970,6540,6910,391990
039290,2016-01-12,6860,7000,6790,6900,100940
039290,2016-01-13,6900,7130,6900,7000,129908
039290,2016-01-14,6750,6930,6740,6830,170434
039290,2016-01-15,6940,7200,6880,6880,190779
039290,2016-01-18,6790,6870,6700,6750,81060
039290,2016-01-19,6760,6830,6650,6810,80255
039290,2016-01-20,6820,7130,6580,6760,141345
039290,2016-01-21,6700,6820,6580,6630,107638
039290,2016-01-22,6660,6800,6480,6630,89077
039290,2016-01-25,6770,6810,6630,6780,76416
039290,2016-01-26,6790,6840,6680,6730,58453
039290,2016-01-27,6790,6790,6630,6740,44279
039290,2016-01-28,6660,6790,6610,6730,44247
039290,2016-01-29,6790,6980,6740,6980,110016
039290,2016-02-01,7100,7100,6890,7020,76470
039290,2016-02-02,7090,7750,6920,6920,681549
039290,2016-02-03,6850,7020,6780,7020,157742
039290,2016-02-04,7200,7260,7030,7030,166435
039290,2016-02-05,7000,7320,6990,7150,104145
039290,2016-02-11,6880,7070,6810,6860,80434
039290,2016-02-12,6720,6830,6170,6350,137987
039290,2016-02-15,6370,6530,6300,6420,42325
039290,2016-02-16,6490,6600,6420,6530,43328
039290,2016-02-17,6540,6700,6360,6370,38872
039290,2016-02-18,6460,6650,6440,6450,42070
039290,2016-02-19,6410,6700,6410,6650,53001
039290,2016-02-22,6660,6860,6660,6780,47308
039290,2016-02-23,6900,6910,6750,6830,57057
039290,2016-02-24,6830,7440,6720,7050,295282
039290,2016-02-25,7120,7180,6970,7000,87042
039290,2016-02-26,7070,7130,6960,7100,47567
039290,2016-02-29,7100,7220,7050,7180,86021
039290,2016-03-02,7260,7400,7200,7280,176328
039290,2016-03-03,7300,7300,7150,7250,51714
039290,2016-03-04,7270,7300,7060,7130,59435
039290,2016-03-07,7110,7230,7030,7130,42122
039290,2016-03-08,7100,7250,7080,7130,38522
039290,2016-03-09,7170,7230,7100,7140,30039
039290,2016-03-10,7210,7210,7050,7100,25458
039290,2016-03-11,7140,7140,7040,7100,26326
039290,2016-03-14,7180,7180,7000,7060,37614
039290,2016-03-15,7190,7900,7100,7350,519357
039290,2016-03-16,7420,7420,7170,7200,88098
039290,2016-03-17,7210,7300,7120,7160,45166
039290,2016-03-18,7190,7300,7070,7230,48222
039290,2016-03-21,7230,7290,7010,7020,89407
039290,2016-03-22,7020,7110,6760,6920,70899
039290,2016-03-23,6980,6980,6820,6820,34709
039290,2016-03-24,6830,7010,6800,6900,29847
039290,2016-03-25,6890,7100,6890,6990,20833
039290,2016-03-28,7000,7030,6870,6960,34587
039290,2016-03-29,6910,7080,6910,6970,28977
039290,2016-03-30,7050,7100,6950,7040,76127
039290,2016-03-31,7020,7240,6970,7150,53707
039290,2016-04-01,7200,7240,7080,7110,30726
039290,2016-04-04,7110,7190,6870,6940,44555
039290,2016-04-05,6940,7000,6790,6900,54341
039290,2016-04-06,6900,6970,6810,6850,25752
039290,2016-04-07,6910,6920,6720,6720,61056
039290,2016-04-08,6720,6820,6690,6810,41517
039290,2016-04-11,6810,6850,6710,6740,35224
039290,2016-04-12,6780,7150,6770,7000,89100
039290,2016-04-14,7180,7180,6840,6900,68604
039290,2016-04-15,7010,7040,6900,7000,31702
039290,2016-04-18,6970,7050,6930,6950,32443
039290,2016-04-19,6930,7450,6900,7060,304551
039290,2016-04-20,6960,7260,6960,7160,148301
039290,2016-04-21,7200,7370,7200,7250,120026
039290,2016-04-22,7340,7340,7160,7270,40421
039290,2016-04-25,7270,7430,7190,7270,83678
039290,2016-04-26,7300,7330,7200,7230,42544
039290,2016-04-27,7230,7270,7180,7180,49447
039290,2016-04-28,7200,7290,7150,7180,47162
039290,2016-04-29,7160,7750,7130,7550,465460
039290,2016-05-02,7490,7850,7490,7620,204749
039290,2016-05-03,7620,7690,7500,7680,75640
039290,2016-05-04,7680,7720,7500,7500,60197
039290,2016-05-09,7590,7600,7340,7340,46293
039290,2016-05-10,7290,7760,7270,7720,96178
039290,2016-05-11,7820,7870,7690,7760,110640
039290,2016-05-12,7760,7760,7630,7670,38057
039290,2016-05-13,7670,7870,7630,7680,58031
039290,2016-05-16,7680,7800,7600,7600,42897
039290,2016-05-17,7400,7400,7030,7220,179748
039290,2016-05-18,7160,7270,7050,7250,37660
039290,2016-05-19,7560,7630,7200,7300,133024
039290,2016-05-20,7290,7380,7180,7300,29728
039290,2016-05-23,7330,7400,7200,7350,40637
039290,2016-05-24,7350,7350,7150,7190,28481
039290,2016-05-25,7200,7380,7200,7260,44233
039290,2016-05-26,7280,7360,7260,7270,29106
039290,2016-05-27,7270,7380,7250,7340,21764
039290,2016-05-30,7440,7440,7280,7320,43427
039290,2016-05-31,7300,7550,7290,7550,116842
039290,2016-06-01,7900,7970,7550,7550,197532
039290,2016-06-02,7630,7660,7480,7550,39988
039290,2016-06-03,7550,7660,7400,7450,41310
039290,2016-06-07,7460,7570,7270,7410,43658
039290,2016-06-08,7340,7450,7330,7400,33088
039290,2016-06-09,7350,7570,7350,7420,49777
039290,2016-06-10,7420,7560,7380,7550,48175
039290,2016-06-13,7480,7530,7420,7430,18817
039290,2016-06-14,7390,7490,7220,7220,37046
039290,2016-06-15,7220,7290,7150,7250,22535
039290,2016-06-16,7180,7330,6930,6930,37444
039290,2016-06-17,6750,6920,6670,6690,98097
039290,2016-06-20,6810,6900,6700,6850,22777
039290,2016-06-21,6880,6960,6820,6820,13551
039290,2016-06-22,6880,6930,6830,6890,20961
039290,2016-06-23,6940,6940,6670,6680,25572
039290,2016-06-24,6720,6920,6320,6410,60657
039290,2016-06-27,6250,6480,6000,6300,46408
039290,2016-06-28,6280,6590,6220,6360,13643
039290,2016-06-29,6420,6550,6370,6470,21835
039290,2016-06-30,6470,6660,6470,6520,9859
039290,2016-07-01,6680,6690,6520,6620,16554
039290,2016-07-04,6570,6710,6530,6610,28177
039290,2016-07-05,6610,6700,6490,6510,26951
039290,2016-07-06,6510,6840,6500,6580,20388
039290,2016-07-07,6570,6740,6520,6630,31956
039290,2016-07-08,6730,6730,6590,6640,15678
039290,2016-07-11,6550,6690,6550,6680,14044
039290,2016-07-12,6620,6980,6620,6970,56831
039290,2016-07-13,6980,6990,6850,6930,19980
039290,2016-07-14,7080,7090,6850,6910,11819
039290,2016-07-15,7040,7050,6900,6930,26196
039290,2016-07-18,6950,7000,6830,6900,12982
039290,2016-07-19,6860,7020,6860,6940,19223
039290,2016-07-20,7020,7090,6930,6950,11976
039290,2016-07-21,7090,7120,6960,7020,43198
039290,2016-07-22,7020,7110,7000,7030,7203
039290,2016-07-25,7020,7090,6880,6880,10976
039290,2016-07-26,6940,6940,6800,6800,14547
039290,2016-07-27,6800,6920,6630,6680,20016
039290,2016-07-28,6890,6890,6650,6650,16362
039290,2016-07-29,6660,6810,6660,6800,13391
039290,2016-08-01,6780,7130,6780,6940,25368
039290,2016-08-02,6940,7010,6700,6800,18466
039290,2016-08-03,6890,6890,6680,6700,5892
039290,2016-08-04,7130,8450,7130,7900,4775825
039290,2016-08-05,7790,8470,7540,7740,2544612
039290,2016-08-08,7860,8120,7510,7600,823042
039290,2016-08-09,7800,9570,7750,8750,9911113
039290,2016-08-10,8680,8960,8300,8960,1890313
039290,2016-08-11,9750,10500,8420,8460,4916495
039290,2016-08-12,8570,9550,8510,8970,2711208
039290,2016-08-16,8880,9310,8420,8420,1156570
039290,2016-08-17,8360,9600,8160,8790,3739726
039290,2016-08-18,9090,9500,8850,9500,1824794
039290,2016-08-19,9350,9490,9150,9330,885847
039290,2016-08-22,9200,9270,8860,8900,530854
039290,2016-08-23,8920,9140,8450,8610,560498
039290,2016-08-24,8800,11150,8760,10750,11851355
039290,2016-08-25,10550,10750,9890,10300,2640031
039290,2016-08-26,10850,11350,9770,9790,4112848
039290,2016-08-29,9660,9710,9170,9450,781456
039290,2016-08-30,9820,10000,9300,9300,1080270
039290,2016-08-31,9150,9790,9050,9580,846927
039290,2016-09-01,9700,10700,9680,9770,3046765
039290,2016-09-02,9950,10100,9610,9790,779116
039290,2016-09-05,9980,10550,9870,10250,987255
039290,2016-09-06,10200,10300,9550,9710,949438
039290,2016-09-07,9800,9830,9230,9230,513717
039290,2016-09-08,9230,9610,8800,8950,553828
039290,2016-09-09,8870,8950,8470,8780,451349
039290,2016-09-12,8440,8600,8200,8260,369821
039290,2016-09-13,8330,10450,8320,9800,1702848
039290,2016-09-19,9550,10400,9400,10150,1469890
039290,2016-09-20,10250,10300,9900,10100,498113
039290,2016-09-21,10200,13000,10100,11900,5651432
039290,2016-09-22,11900,12400,11300,12200,1525982
039290,2016-09-23,12050,12600,11750,12000,1096876
039290,2016-09-26,11800,12750,11800,12550,1385249
039290,2016-09-27,12350,12800,11900,12450,884110
039290,2016-09-28,12450,14200,11650,12000,4048587
039290,2016-09-29,12100,12350,11900,12000,622499
039290,2016-09-30,11850,13150,11700,12400,1483508
039290,2016-10-04,12400,13100,12300,12750,878354
039290,2016-10-05,12800,12950,12550,12550,455796
039290,2016-10-06,12750,13800,12550,12650,1547147
039290,2016-10-07,12650,13150,11850,11850,707411
039290,2016-10-10,11750,12100,11400,11600,331936
039290,2016-10-11,11750,12200,11550,11800,471638
039290,2016-10-12,11800,12200,11650,11900,307263
039290,2016-10-13,11850,12150,11450,11450,209608
039290,2016-10-14,11400,12050,10800,11550,1013906
039290,2016-10-17,11600,11600,11000,11000,251544
039290,2016-10-18,11200,11750,11000,11250,506759
039290,2016-10-19,11350,11650,11100,11300,238070
039290,2016-10-20,11350,11400,10600,10700,272029
039290,2016-10-21,10750,11000,10350,10350,217583
039290,2016-10-24,10400,10850,10300,10500,256340
039290,2016-10-25,10700,11050,10500,10800,386615
039290,2016-10-26,10700,10750,10050,10600,292810
039290,2016-10-27,10650,11150,10650,10750,297881
039290,2016-10-28,10900,10900,10400,10400,136199
039290,2016-10-31,10150,10300,9720,9790,335409
039290,2016-11-01,9650,10200,9630,9930,168097
039290,2016-11-02,9730,9900,9050,9050,288851
039290,2016-11-03,9000,9440,9000,9200,165410
039290,2016-11-04,9210,9390,9010,9210,118099
039290,2016-11-07,9390,9940,9340,9850,163667
039290,2016-11-08,10050,10100,9800,9980,114697
039290,2016-11-09,10000,10050,8760,9220,443928
039290,2016-11-10,9420,9670,9310,9460,191603
039290,2016-11-11,9770,11700,9770,10400,2936007
039290,2016-11-14,10500,10600,10000,10600,752430
039290,2016-11-15,13000,13050,11100,11150,2712935
039290,2016-11-16,11150,11850,11000,11550,838936
039290,2016-11-17,11350,11900,11250,11600,432481
039290,2016-11-18,11550,11800,11400,11550,221744
039290,2016-11-21,11650,11650,10850,11150,325336
039290,2016-11-22,11100,12200,10900,11650,946113
039290,2016-11-23,11600,12150,11250,11250,647587
039290,2016-11-24,11250,11700,11050,11700,376203
039290,2016-11-25,11650,12100,11550,11700,449469
039290,2016-11-28,11700,11800,11100,11100,264512
039290,2016-11-29,11250,11600,10700,11100,491321
039290,2016-11-30,11200,11200,10700,10700,181200
039290,2016-12-01,10850,10950,10200,10200,236058
039290,2016-12-02,10300,10300,9800,9850,230564
039290,2016-12-05,9760,10450,9760,9890,267468
039290,2016-12-06,10000,10400,10000,10250,170114
039290,2016-12-07,10300,10400,9910,10000,112027
039290,2016-12-08,10100,11100,10100,10850,648607
039290,2016-12-09,10850,11150,10700,11000,256854
039290,2016-12-12,11000,11600,11000,11200,314565
039290,2016-12-13,11150,11400,10950,11200,185957
039290,2016-12-14,11350,11650,11100,11200,247889
039290,2016-12-15,11100,11900,11100,11600,483250
039290,2016-12-16,11700,12150,11450,12050,454041
039290,2016-12-19,12000,12000,11700,11750,225155
039290,2016-12-20,11700,12650,11700,12100,760619
039290,2016-12-21,12200,12450,12000,12250,240017
039290,2016-12-22,12250,12400,11800,11900,192623
039290,2016-12-23,12000,12500,11950,12200,310913
039290,2016-12-26,12200,12600,12050,12250,359924
039290,2016-12-27,12300,12800,12150,12750,360485
039290,2016-12-28,12750,13000,12650,12750,329468
039290,2016-12-29,12750,14650,12500,14400,1773226
039290,2017-01-02,14350,14650,14100,14550,620635
039290,2017-01-03,14550,14750,14200,14500,491822
039290,2017-01-04,14850,15000,13550,13800,1421553
039290,2017-01-05,13750,13800,13350,13750,487116
039290,2017-01-06,13850,13900,13400,13400,452923
039290,2017-01-09,13550,13600,13150,13400,272115
039290,2017-01-10,13350,13800,13200,13350,438531
039290,2017-01-11,13450,13700,13250,13600,228488
039290,2017-01-12,13450,13550,12950,12950,259822
039290,2017-01-13,13050,13150,12400,12650,425560
039290,2017-01-16,12550,12800,12050,12100,227167
039290,2017-01-17,12200,12300,11850,12250,229074
039290,2017-01-18,12150,12350,11950,12250,133690
039290,2017-01-19,12500,13250,12300,12300,892975
039290,2017-01-20,12400,12400,11950,12100,213984
039290,2017-01-23,12100,12400,11550,11550,305338
039290,2017-01-24,11600,12200,11550,12200,218635
039290,2017-01-25,12200,12550,12050,12400,234213
039290,2017-01-26,12500,12750,12300,12400,238966
039290,2017-01-31,12550,12650,12250,12500,169481
039290,2017-02-01,12700,13450,12650,12900,896530
039290,2017-02-02,13450,13550,12550,12700,683444
039290,2017-02-03,12650,12750,12150,12200,210933
039290,2017-02-06,12200,12850,11950,12550,239117
039290,2017-02-07,12550,12550,12100,12350,152172
039290,2017-02-08,12350,13000,12250,12800,420099
039290,2017-02-09,12800,13050,12650,12950,223938
039290,2017-02-10,12900,12950,12350,12450,213330
039290,2017-02-13,12450,13000,12150,13000,282324
039290,2017-02-14,13050,13400,12750,13150,477608
039290,2017-02-15,13150,13200,12750,12850,165032
039290,2017-02-16,12850,12900,12300,12550,249231
039290,2017-02-17,12400,12850,12350,12850,144001
039290,2017-02-20,13300,13450,12700,12850,665924
039290,2017-02-21,12900,12950,12650,12850,160724
039290,2017-02-22,12950,13150,12650,12650,163958
039290,2017-02-23,12700,12750,12350,12400,192081
039290,2017-02-24,12500,12550,11950,12050,243699
039290,2017-02-27,12050,12150,11750,12000,86010
039290,2017-02-28,12000,12200,11850,12000,72503
039290,2017-03-02,12200,12200,11450,11550,145183
039290,2017-03-03,11450,11600,10850,10950,240094
039290,2017-03-06,10800,11100,10600,11000,116338
039290,2017-03-07,10950,11700,10900,11400,223065
039290,2017-03-08,11400,11550,11150,11150,73652
039290,2017-03-09,11150,11350,11050,11100,78202
039290,2017-03-10,11100,11300,10500,11250,210640
039290,2017-03-13,11300,11400,11100,11250,101036
039290,2017-03-14,11500,11700,11300,11350,259565
039290,2017-03-15,11350,11550,11050,11100,151851
039290,2017-03-16,11350,11900,11300,11650,359319
039290,2017-03-17,11650,12150,11450,12000,469707
039290,2017-03-20,11900,12000,11650,11800,212277
039290,2017-03-21,11950,12200,11700,11700,359669
039290,2017-03-22,11600,11800,11150,11200,193331
039290,2017-03-23,11350,11500,11100,11150,115184
039290,2017-03-24,11200,11400,11050,11250,105893
039290,2017-03-27,11150,11350,11000,11100,139261
039290,2017-03-28,11200,11450,11050,11350,109015
039290,2017-03-29,11400,11450,11250,11350,99851
039290,2017-03-30,11450,11900,11450,11600,294547
039290,2017-03-31,11650,11750,11400,11750,122342
039290,2017-04-03,11700,11800,11550,11600,97279
039290,2017-04-04,11650,12000,11600,11800,328926
039290,2017-04-05,11700,12050,11600,11900,288664
039290,2017-04-06,11800,11800,11550,11600,97647
039290,2017-04-07,11650,11950,11400,11900,205417
039290,2017-04-10,11850,11850,11400,11400,145765
039290,2017-04-11,11850,11850,11250,11450,192909
039290,2017-04-12,11500,11500,11250,11250,97572
039290,2017-04-13,11200,11350,11050,11150,115305
039290,2017-04-14,11150,11650,11000,11050,264243
039290,2017-04-17,11200,11500,11150,11300,107584
039290,2017-04-18,11300,11400,11100,11250,80579
039290,2017-04-19,11200,11300,11000,11150,73606
039290,2017-04-20,11150,11300,11050,11100,63142
039290,2017-04-21,11200,11200,10800,10850,114301
039290,2017-04-24,10850,10900,10250,10350,130229
039290,2017-04-25,10400,10500,10250,10450,89393
039290,2017-04-26,10550,10650,10450,10500,66487
039290,2017-04-27,10500,10500,10350,10350,61214
039290,2017-04-28,10400,10600,10200,10600,74564
039290,2017-05-02,10750,10850,10450,10550,98142
039290,2017-05-04,10450,10650,10400,10500,55236
039290,2017-05-08,10550,10550,10300,10400,84316
039290,2017-05-10,10400,10650,10400,10550,67459
039290,2017-05-11,10600,10600,10450,10550,51489
039290,2017-05-12,10600,11250,10600,10900,422814
039290,2017-05-15,10900,11050,10800,10800,62109
039290,2017-05-16,10750,10900,10300,10500,95222
039290,2017-05-17,10450,10550,10250,10350,65883
039290,2017-05-18,10150,10350,10050,10350,63520
039290,2017-05-19,10450,10450,10200,10250,51635
039290,2017-05-22,10450,11000,10400,10450,342988
039290,2017-05-23,10500,10550,10250,10300,62205
039290,2017-05-24,10300,10450,10200,10200,56395
039290,2017-05-25,10200,10350,10100,10250,55999
039290,2017-05-26,10200,10350,10150,10200,40161
039290,2017-05-29,10150,10650,10050,10250,142723
039290,2017-05-30,10250,10450,10250,10300,46593
039290,2017-05-31,10300,10600,10200,10600,102815
039290,2017-06-01,10750,10750,10400,10450,38724
039290,2017-06-02,10550,10900,10550,10800,166006
039290,2017-06-05,10850,10850,10600,10700,33397
039290,2017-06-07,10850,10850,10450,10600,45966
039290,2017-06-08,10500,10650,10300,10350,55965
039290,2017-06-09,10400,10800,10400,10600,74237
039290,2017-06-12,10700,10700,10400,10550,61784
039290,2017-06-13,10600,10800,10550,10650,67033
039290,2017-06-14,10750,10750,10500,10500,64237
039290,2017-06-15,10500,10650,10350,10350,58110
039290,2017-06-16,10350,10450,10300,10400,45756
039290,2017-06-19,10400,10500,10150,10250,50269
039290,2017-06-20,10400,10400,9750,9760,203513
039290,2017-06-21,9740,9990,9670,9670,86591
039290,2017-06-22,9590,9640,9350,9380,105091
039290,2017-06-23,9400,9970,9400,9700,118337
039290,2017-06-26,9730,9790,9580,9600,80034
039290,2017-06-27,9600,9940,9600,9750,55360
039290,2017-06-28,9750,9840,9750,9780,27741
039290,2017-06-29,9930,9930,9720,9800,29929
039290,2017-06-30,9720,9810,9720,9770,23901
039290,2017-07-03,9660,9780,9580,9590,38161
039290,2017-07-04,9600,9850,9600,9650,59505
039290,2017-07-05,9610,9720,9600,9640,25643
039290,2017-07-06,9620,9740,9610,9640,24113
039290,2017-07-07,9550,9700,9460,9500,47635
039290,2017-07-10,9500,9560,9170,9370,79873
039290,2017-07-11,9440,9450,9190,9200,42276
039290,2017-07-12,9150,9330,9150,9170,25892
039290,2017-07-13,9180,9900,9030,9780,218823
039290,2017-07-14,9880,9880,9500,9630,105106
039290,2017-07-17,9630,9750,9550,9680,51152
039290,2017-07-18,9750,9820,9650,9710,44966
039290,2017-07-19,9880,9910,9740,9850,65202
039290,2017-07-20,9870,10100,9870,10100,124559
039290,2017-07-21,10100,10200,10000,10100,50400
039290,2017-07-24,10050,10250,10000,10100,53741
039290,2017-07-25,10250,10700,10150,10150,200989
039290,2017-07-26,10250,10450,9980,10050,88419
039290,2017-07-27,10100,10200,9930,9980,40519
039290,2017-07-28,9850,10750,9680,10100,472359
039290,2017-07-31,10600,11100,10250,10500,627984
039290,2017-08-01,10550,10850,10350,10650,158605
039290,2017-08-02,10550,10550,10250,10300,75000
039290,2017-08-03,10350,10350,9980,9980,94695
039290,2017-08-04,9850,10050,9750,9960,60006
039290,2017-08-07,10100,10400,10000,10150,58613
039290,2017-08-08,10200,10200,9900,9950,37622
039290,2017-08-09,9950,9950,9700,9710,40964
039290,2017-08-10,9660,9770,9550,9620,32872
039290,2017-08-11,9500,9900,9410,9590,46519
039290,2017-08-14,9520,9680,9520,9580,20087
039290,2017-08-16,9580,9650,9530,9570,25164
039290,2017-08-17,9570,9680,9570,9680,10951
039290,2017-08-18,9620,9680,9550,9640,17132
039290,2017-08-21,9700,9810,9560,9560,24715
039290,2017-08-22,9630,9680,9520,9680,22893
039290,2017-08-23,9740,9740,9550,9560,23241
039290,2017-08-24,9600,9690,9510,9580,10761
039290,2017-08-25,9670,9670,9530,9540,12527
039290,2017-08-28,9610,9870,9500,9870,54162
039290,2017-08-29,9760,9910,9760,9900,23666
039290,2017-08-30,9900,10050,9620,9980,31423
039290,2017-08-31,10250,10250,9850,9980,34599
039290,2017-09-01,9990,10600,9990,10350,190559
039290,2017-09-04,10000,10250,10000,10050,62800
039290,2017-09-05,10150,10250,9980,10100,71505
039290,2017-09-06,10050,10200,9920,10000,42377
039290,2017-09-07,10000,10250,9970,10050,40379
039290,2017-09-08,10150,11000,10150,10300,980555
039290,2017-09-11,10400,10500,10050,10100,190386
039290,2017-09-12,10150,10300,9850,9980,110228
039290,2017-09-13,9970,10200,9970,10100,96976
039290,2017-09-14,10050,10450,9980,10450,233762
039290,2017-09-15,10600,10750,10250,10250,228276
039290,2017-09-18,10200,10400,10100,10300,111903
039290,2017-09-19,10350,10350,10000,10050,127622
039290,2017-09-20,9950,10000,9340,9500,218001
039290,2017-09-21,9420,9530,9100,9100,123118
039290,2017-09-22,9090,9210,8720,8800,165473
039290,2017-09-25,8620,8790,7770,7770,360494
039290,2017-09-26,7620,8090,7620,7860,137932
039290,2017-09-27,7980,9250,7900,8150,876758
039290,2017-09-28,8190,8190,7990,7990,82910
039290,2017-09-29,8030,8060,7910,8060,37946
039290,2017-10-10,8120,8130,7830,7890,65715
039290,2017-10-11,7900,8010,7850,7970,48742
039290,2017-10-12,8000,8230,7940,8230,51478
039290,2017-10-13,8210,8490,8000,8290,136665
039290,2017-10-16,8250,8330,7660,8040,91609
039290,2017-10-17,8040,8180,7990,8070,38744
039290,2017-10-18,8030,8130,7910,7990,29361
039290,2017-10-19,7930,8050,7820,7960,43591
039290,2017-10-20,7910,8060,7900,7900,28452
039290,2017-10-23,7850,8000,7850,7930,21888
039290,2017-10-24,7920,8210,7910,8150,103581
039290,2017-10-25,8130,8170,8040,8120,32270
039290,2017-10-26,8120,8210,8080,8120,40479
039290,2017-10-27,8170,8170,8080,8140,29021
039290,2017-10-30,8140,8170,8050,8050,35792
039290,2017-10-31,8050,8160,8010,8160,33450
039290,2017-11-01,8210,8410,8180,8260,74999
039290,2017-11-02,8400,8410,8230,8330,62657
039290,2017-11-03,8390,8700,8290,8420,140085
039290,2017-11-06,8530,8610,8400,8440,79637
039290,2017-11-07,8440,8580,8350,8420,69061
039290,2017-11-08,8470,8470,8350,8410,28215
039290,2017-11-09,8410,8430,8280,8410,59299
039290,2017-11-10,8380,8510,8330,8510,52369
039290,2017-11-13,8530,8590,8430,8470,64745
039290,2017-11-14,8470,8570,8450,8520,66626
039290,2017-11-15,8520,8530,8310,8420,71438
039290,2017-11-16,8370,8440,8320,8400,51568
039290,2017-11-17,8400,8480,8330,8430,36276
039290,2017-11-20,8430,8440,8320,8420,29905
039290,2017-11-21,8420,8550,8400,8450,62659
039290,2017-11-22,8450,8940,8450,8870,255690
039290,2017-11-23,8870,9000,8700,8770,57062
039290,2017-11-24,8900,9190,8790,8910,147142
039290,2017-11-27,8980,8980,8700,8720,78769
039290,2017-11-28,8760,8900,8600,8630,60865
039290,2017-11-29,8500,8690,8500,8550,78928
039290,2017-11-30,8580,8660,8380,8410,74243
039290,2017-12-01,8420,8620,8400,8560,67135
039290,2017-12-04,8510,8800,8510,8640,64792
039290,2017-12-05,8740,9040,8640,8950,126653
039290,2017-12-06,8960,9110,8750,8860,104588
039290,2017-12-07,8950,9000,8640,8880,101667
039290,2017-12-08,8860,8960,8560,8700,59610
039290,2017-12-11,8620,8640,8470,8490,77952
039290,2017-12-12,8490,8550,8330,8470,48928
039290,2017-12-13,8440,8670,8440,8600,71702
039290,2017-12-14,8600,8870,8510,8750,106187
039290,2017-12-15,8830,8850,8660,8670,37140
039290,2017-12-18,8740,10200,8720,9600,1090926
039290,2017-12-19,9550,9600,9150,9460,321651
039290,2017-12-20,9420,9750,9210,9750,284207
039290,2017-12-21,9950,10400,8850,8850,1095862
039290,2017-12-22,8820,9390,8770,8850,172408
039290,2017-12-26,8970,9030,8660,8660,108376
039290,2017-12-27,8660,8890,8620,8890,51226
039290,2017-12-28,8860,9100,8860,9030,62905
039290,2018-01-02,9060,9440,9060,9390,100990
039290,2018-01-03,9510,9530,9250,9450,101011
039290,2018-01-04,9560,9570,9370,9460,89652
039290,2018-01-05,9430,9800,9420,9500,146606
039290,2018-01-08,9560,9580,9280,9350,107701
039290,2018-01-09,9350,10000,9350,9820,487143
039290,2018-01-10,9850,9850,9390,9540,172448
039290,2018-01-11,9540,9620,9370,9490,138853
039290,2018-01-12,9480,9600,9290,9360,91061
039290,2018-01-15,9480,9480,9250,9320,70855
039290,2018-01-16,9410,10100,9320,9860,448637
039290,2018-01-17,9870,9950,9680,9810,138791
039290,2018-01-18,9840,10700,9840,10350,473031
039290,2018-01-19,10450,10450,10000,10350,154226
039290,2018-01-22,10300,10400,9920,10100,138421
039290,2018-01-23,10150,10250,10050,10250,88725
039290,2018-01-24,10250,10350,10000,10150,89550
039290,2018-01-25,10150,10650,10150,10350,287293
039290,2018-01-26,10400,10600,10300,10450,107666
039290,2018-01-29,10650,10650,10050,10050,158602
039290,2018-01-30,10000,10250,9900,10150,119871
039290,2018-01-31,10000,10150,9890,10100,73570
039290,2018-02-01,10150,10200,10000,10100,70165
039290,2018-02-02,10100,10100,9350,9600,267288
039290,2018-02-05,9370,9470,9020,9280,129764
039290,2018-02-06,9100,9110,8560,9040,171845
039290,2018-02-07,9180,9240,8690,8720,93699
039290,2018-02-08,8760,9020,8550,8850,57136
039290,2018-02-09,8550,8910,8550,8690,50383
039290,2018-02-12,8710,8950,8650,8720,36104
039290,2018-02-13,8750,8820,8590,8670,44656
039290,2018-02-14,8770,8770,8470,8510,63118
039290,2018-02-19,8530,8810,8530,8750,50866
039290,2018-02-20,8780,9000,8750,8820,48617
039290,2018-02-21,8910,8960,8860,8890,35045
039290,2018-02-22,8840,9090,8840,8990,47343
039290,2018-02-23,8990,9040,8870,8980,32158
039290,2018-02-26,9040,9040,8820,8830,27279
039290,2018-02-27,8840,8890,8690,8770,31937
039290,2018-02-28,8770,8770,8360,8380,90729
039290,2018-03-02,8350,8440,8180,8350,46438
039290,2018-03-05,8300,8420,8240,8240,32823
039290,2018-03-06,8200,8370,8190,8250,33645
039290,2018-03-07,8350,8350,8150,8200,29826
039290,2018-03-08,8200,8310,8180,8260,26070
039290,2018-03-09,8340,8390,8210,8380,33240
039290,2018-03-12,8440,8660,8430,8590,51141
039290,2018-03-13,8680,8780,8590,8750,34464
039290,2018-03-14,8690,8690,8550,8640,24208
039290,2018-03-15,8640,8700,8600,8650,18084
039290,2018-03-16,8710,8710,8590,8670,18877
039290,2018-03-19,8690,8690,8490,8520,21553
039290,2018-03-20,8550,8560,8320,8370,49246
039290,2018-03-21,8350,8410,8250,8280,44347
039290,2018-03-22,8280,8300,8150,8200,46342
039290,2018-03-23,8000,8130,7690,7690,86924
039290,2018-03-26,7690,7880,7660,7820,30930
039290,2018-03-27,7850,8180,7850,8030,16094
039290,2018-03-28,8060,8070,7710,7880,39544
039290,2018-03-29,7820,8030,7760,7950,23565
039290,2018-03-30,7960,8130,7900,8060,17742
039290,2018-04-02,8130,8130,7850,7870,16675
039290,2018-04-03,7740,7910,7700,7910,22078
039290,2018-04-04,7990,7990,7670,7690,33419
039290,2018-04-05,7690,8020,7630,7810,57049
039290,2018-04-06,7820,7960,7640,7840,34935
039290,2018-04-09,7780,7900,7710,7810,23790
039290,2018-04-10,7920,7930,7670,7780,37535
039290,2018-04-11,7860,8000,7720,7860,39155
039290,2018-04-12,7940,7940,7820,7900,37402
039290,2018-04-13,7980,8000,7860,7960,33570
039290,2018-04-16,8030,8030,7900,7960,27668
039290,2018-04-17,7930,8130,7910,8100,45969
039290,2018-04-18,8070,8150,8020,8050,24615
039290,2018-04-19,8110,8110,7920,8010,38976
039290,2018-04-20,8050,8050,7840,7960,54638
039290,2018-04-23,8250,8250,7950,8030,50750
039290,2018-04-24,8010,8090,7950,7960,19196
039290,2018-04-25,7880,8030,7860,7860,30528
039290,2018-04-26,7980,7980,7700,7900,29066
039290,2018-04-27,7990,8230,7900,8140,92346
039290,2018-04-30,8200,8200,7750,7860,84165
039290,2018-05-02,7860,7860,7600,7800,59091
039290,2018-05-03,7780,7930,7760,7900,34305
039290,2018-05-04,7910,7940,7710,7780,43685
039290,2018-05-08,7770,8010,7610,7720,42595
039290,2018-05-09,7640,7730,7420,7680,56476
039290,2018-05-10,7550,7690,7540,7570,29235
039290,2018-05-11,7580,7800,7580,7730,35347
039290,2018-05-14,7730,7810,7600,7680,32735
039290,2018-05-15,7680,7820,7650,7730,15747
039290,2018-05-16,7730,7730,7520,7590,50524
039290,2018-05-17,7540,7640,7470,7480,49996
039290,2018-05-18,7560,7670,7440,7640,39522
039290,2018-05-21,7590,7740,7570,7680,23424
039290,2018-05-23,7650,7780,7620,7740,25484
039290,2018-05-24,7770,7780,7580,7630,25470
039290,2018-05-25,7600,7600,7520,7590,18897
039290,2018-05-28,7530,7600,7490,7530,41274
039290,2018-05-29,7600,7600,7490,7530,20951
039290,2018-05-30,7560,7560,7340,7340,38888
039290,2018-05-31,7340,7490,7200,7240,37353
039290,2018-06-01,7240,7360,7190,7320,22567
039290,2018-06-04,7330,7530,7330,7520,28341
039290,2018-06-05,7510,7600,7450,7560,21619
039290,2018-06-07,7610,7720,7580,7650,43687
039290,2018-06-08,7650,7710,7600,7610,31781
039290,2018-06-11,7690,7700,7600,7670,25806
039290,2018-06-12,7680,7740,7620,7630,27894
039290,2018-06-14,7580,7690,7580,7640,24168
039290,2018-06-15,7750,7750,7450,7460,26685
039290,2018-06-18,7370,7520,7270,7300,35853
039290,2018-06-19,7180,7470,7060,7060,32031
039290,2018-06-20,7240,7300,7040,7230,25129
039290,2018-06-21,7180,7330,7100,7190,20792
039290,2018-06-22,7230,7230,6900,7000,49298
039290,2018-06-25,7010,7080,6860,7000,8851
039290,2018-06-26,6860,7050,6860,7000,12157
039290,2018-06-27,7100,7100,6880,6930,27900
039290,2018-06-28,7030,7030,6600,6690,30138
039290,2018-06-29,6880,6880,6490,6600,38875
039290,2018-07-02,6600,6690,6350,6490,20829
039290,2018-07-03,6510,6640,6250,6390,29667
039290,2018-07-04,6360,6490,6330,6400,16382
039290,2018-07-05,6500,6500,6110,6220,35045
039290,2018-07-06,6310,6310,6130,6210,24743
039290,2018-07-09,6260,6300,6190,6250,14335
039290,2018-07-10,6300,6550,6260,6480,30433
039290,2018-07-11,6600,7780,6600,6940,588446
039290,2018-07-12,6990,7000,6710,6820,68318
039290,2018-07-13,6820,7050,6810,6970,65405
039290,2018-07-16,6920,7050,6790,6930,40451
039290,2018-07-17,6900,7040,6880,6990,23838
039290,2018-07-18,7050,7280,6990,7000,79329
039290,2018-07-19,6970,7080,6920,6930,17319
039290,2018-07-20,6860,7000,6780,6790,19160
039290,2018-07-23,6650,6790,6350,6350,59188
039290,2018-07-24,6270,6500,6270,6410,14142
039290,2018-07-25,6410,6540,6150,6320,50035
039290,2018-07-26,6330,6450,6300,6440,25618
039290,2018-07-27,6400,6580,6400,6550,14886
039290,2018-07-30,6550,6610,6480,6580,10950
039290,2018-07-31,6600,6670,6550,6650,15418
039290,2018-08-01,6720,6720,6600,6660,12667
039290,2018-08-02,6630,6770,6630,6770,31430
039290,2018-08-03,6770,6880,6750,6870,25924
039290,2018-08-06,6900,7200,6900,7030,52260
039290,2018-08-07,7000,7070,6880,7070,30202
039290,2018-08-08,7170,9190,7080,9190,2779488
039290,2018-08-09,9830,11000,9780,10100,8932586
039290,2018-08-10,9840,9980,9330,9630,1722160
039290,2018-08-13,9520,9770,9160,9270,1246331
039290,2018-08-14,9080,9480,8800,8820,1297632
039290,2018-08-16,8830,9150,8660,9060,839445
039290,2018-08-17,9140,9260,8870,9000,857087
039290,2018-08-20,8900,9100,8790,9100,363869
039290,2018-08-21,9160,9170,8870,9070,437678
039290,2018-08-22,9060,9380,8910,8910,966750
039290,2018-08-23,8930,9090,8850,8900,249013
039290,2018-08-24,8930,9600,8930,9200,2256481
039290,2018-08-27,9250,9430,9050,9410,625218
039290,2018-08-28,9510,9540,9170,9200,349103
039290,2018-08-29,9230,9380,9040,9380,237024
039290,2018-08-30,9470,9470,9090,9090,329600
039290,2018-08-31,9030,9280,9000,9090,184130
039290,2018-09-03,9150,9240,9040,9240,173537
039290,2018-09-04,9330,9360,9160,9290,223488
039290,2018-09-05,9310,9310,9010,9010,180671
039290,2018-09-06,9020,9070,8600,8650,298937
039290,2018-09-07,8620,8730,8150,8690,116951
039290,2018-09-10,8700,8700,8530,8610,96836
039290,2018-09-11,8600,8840,8570,8720,76269
039290,2018-09-12,8780,8790,8440,8500,72990
039290,2018-09-13,8450,8630,8440,8540,56585
039290,2018-09-14,8500,8660,8500,8550,60694
039290,2018-09-17,8550,8700,8470,8560,48946
039290,2018-09-18,8500,8600,8270,8320,75513
039290,2018-09-19,8290,8390,8180,8210,50640
039290,2018-09-20,8130,8260,8030,8260,98192
039290,2018-09-21,8250,8480,8180,8350,45400
039290,2018-09-27,8350,8350,8240,8290,39241
039290,2018-09-28,8230,8280,8020,8100,56147
039290,2018-10-01,8100,8340,8100,8200,38086
039290,2018-10-02,8190,8290,7940,7960,52294
039290,2018-10-04,7880,8040,7690,7690,55797
039290,2018-10-05,7610,7850,7270,7520,57029
039290,2018-10-08,7470,7620,7440,7460,30738
039290,2018-10-10,7340,7440,7040,7120,72214
039290,2018-10-11,6710,7090,6700,6700,110034
039290,2018-10-12,6540,6870,6540,6730,121261
039290,2018-10-15,6740,7060,6740,6800,61344
039290,2018-10-16,6810,7340,6810,7190,116979
039290,2018-10-17,7190,7390,7100,7230,47138
039290,2018-10-18,7210,7570,7130,7180,80896
039290,2018-10-19,7170,7350,6860,7350,63999
039290,2018-10-22,7550,9200,7540,8270,5286465
039290,2018-10-23,8180,8490,8100,8410,1146079
039290,2018-10-24,8410,8740,8120,8300,1453781
039290,2018-10-25,8150,8960,7670,7760,2224744
039290,2018-10-26,7990,8000,7030,7050,597239
039290,2018-10-29,6970,7300,6170,6170,409901
039290,2018-10-30,5770,6340,5770,6250,371259
039290,2018-10-31,6250,6590,6170,6420,214667
039290,2018-11-01,6510,6940,6480,6620,223555
039290,2018-11-02,6680,6880,6660,6800,293332
039290,2018-11-05,6800,6880,6660,6770,107885
039290,2018-11-06,6860,6860,6630,6740,124862
039290,2018-11-07,6770,6950,6440,6560,189961
039290,2018-11-08,6700,7550,6660,7000,1353767
039290,2018-11-09,6960,7430,6900,7100,512886
039290,2018-11-12,6950,7280,6500,6950,196830
039290,2018-11-13,6740,6860,6450,6840,141104
039290,2018-11-14,6790,7190,6750,6910,195902
039290,2018-11-15,7000,7000,6650,6750,106056
039290,2018-11-16,6830,7300,6770,7230,238391
039290,2018-11-19,7300,7620,7060,7170,281903
039290,2018-11-20,7000,7470,6990,7200,279838
039290,2018-11-21,7070,7180,7030,7170,117321
039290,2018-11-22,7170,7310,7020,7030,267936
039290,2018-11-23,6950,7040,6730,6730,121205
039290,2018-11-26,6760,7330,6760,7090,354691
039290,2018-11-27,7090,7200,7050,7180,152381
039290,2018-11-28,7180,7350,7110,7130,149019
039290,2018-11-29,7170,7370,7130,7150,135509
039290,2018-11-30,7150,7440,7100,7370,252567
039290,2018-12-03,7560,7870,7420,7630,657342
039290,2018-12-04,7600,8010,7600,7770,339280
039290,2018-12-05,7640,8030,7580,7990,255998
039290,2018-12-06,8200,8200,7370,7520,372703
039290,2018-12-07,7640,7970,7470,7520,244635
039290,2018-12-10,7390,7530,7260,7530,125109
039290,2018-12-11,7540,7920,7430,7700,407699
039290,2018-12-12,7660,7910,7660,7850,168076
039290,2018-12-13,7870,7940,7780,7870,169507
039290,2018-12-14,7940,7940,7690,7790,124192
039290,2018-12-17,7790,8040,7730,7950,157072
039290,2018-12-18,7720,7950,7630,7700,120538
039290,2018-12-19,7700,8350,7690,8050,475234
039290,2018-12-20,8040,8100,7640,7660,188498
039290,2018-12-21,7500,7740,7500,7550,98282
039290,2018-12-24,7600,7600,7210,7260,116178
039290,2018-12-26,7150,7150,6900,7040,84549
039290,2018-12-27,7330,7330,7020,7040,43863
039290,2018-12-28,7040,7220,7040,7210,53642
039290,2019-01-02,7330,7550,7130,7510,114527
039290,2019-01-03,7520,7680,7400,7420,72033
039290,2019-01-04,7360,7850,7330,7810,82724
039290,2019-01-07,7940,7960,7730,7900,86554
039290,2019-01-08,8070,8420,7710,7740,285324
039290,2019-01-09,7760,7900,7670,7740,43366
039290,2019-01-10,7750,7900,7720,7860,60894
039290,2019-01-11,7980,8040,7800,7850,71927
039290,2019-01-14,8350,8850,7940,7980,453244
039290,2019-01-15,7940,8060,7880,8030,119910
039290,2019-01-16,8100,8100,7890,7950,75021
039290,2019-01-17,8020,8020,7670,7750,77763
039290,2019-01-18,7960,8400,7900,8240,410396
039290,2019-01-21,8250,8400,8100,8260,161804
039290,2019-01-22,8350,8380,8110,8110,100376
039290,2019-01-23,8110,8280,7870,8030,114044
039290,2019-01-24,8030,8080,7870,7900,78378
039290,2019-01-25,7960,8180,7930,8130,114954
039290,2019-01-28,8130,8160,7990,8070,62793
039290,2019-01-29,8070,8640,7940,8180,406455
039290,2019-01-30,8290,8290,8060,8100,102040
039290,2019-01-31,8160,8310,8000,8180,73418
039290,2019-02-01,8180,8280,7880,8050,116358
039290,2019-02-07,8030,8050,7880,7970,52278
039290,2019-02-08,7970,8130,7900,8040,61047
039290,2019-02-11,8130,8130,8030,8090,44985
039290,2019-02-12,8090,8300,8040,8290,112209
039290,2019-02-13,8290,8560,8160,8470,236717
039290,2019-02-14,8480,8580,8360,8490,125671
039290,2019-02-15,8490,8540,8250,8370,81835
039290,2019-02-18,8390,8430,8300,8360,46682
039290,2019-02-19,8360,8470,8200,8380,95318
039290,2019-02-20,8380,8390,8230,8250,56605
039290,2019-02-21,8280,8280,8070,8120,68594
039290,2019-02-22,8120,8120,7920,7920,81324
039290,2019-02-25,7880,8090,7880,8040,46157
039290,2019-02-26,7980,8090,7940,7980,32247
039290,2019-02-27,8000,8150,8000,8120,42114
039290,2019-02-28,8040,8430,7800,7910,282659
039290,2019-03-04,8000,8250,8000,8150,68889
039290,2019-03-05,8150,8350,8100,8150,52627
039290,2019-03-06,8150,8290,8040,8270,90344
039290,2019-03-07,8270,8540,8070,8190,253965
039290,2019-03-08,8240,8330,8020,8040,69664
039290,2019-03-11,8040,8040,7750,7820,103131
039290,2019-03-12,7880,7990,7850,7950,30785
039290,2019-03-13,7920,7970,7830,7860,29301
039290,2019-03-14,7870,8080,7850,8040,41743
039290,2019-03-15,8130,8130,7810,7890,63741
039290,2019-03-18,7730,7890,7730,7820,67192
039290,2019-03-19,7980,7980,7690,7760,69611
039290,2019-03-20,7730,7880,7720,7820,31248
039290,2019-03-21,7830,8050,7830,7930,48871
039290,2019-03-22,7870,8070,7840,7900,34282
039290,2019-03-25,7740,7850,7730,7820,39711
039290,2019-03-26,7880,7880,7750,7840,19857
039290,2019-03-27,7840,7880,7780,7780,33925
039290,2019-03-28,7810,8300,7750,7920,178271
039290,2019-03-29,7960,8100,7760,7900,75431
039290,2019-04-01,7940,8150,7910,8090,67232
039290,2019-04-02,8140,8740,8140,8530,733648
039290,2019-04-03,8530,8640,8420,8580,224406
039290,2019-04-04,8650,8750,8400,8570,171499
039290,2019-04-05,8590,8590,8430,8590,81426
039290,2019-04-08,8750,9050,8400,8430,437310
039290,2019-04-09,8420,8730,8390,8440,213526
039290,2019-04-10,8440,8630,8440,8560,74162
039290,2019-04-11,8580,8790,8510,8650,114447
039290,2019-04-12,8630,8670,8480,8590,87558
039290,2019-04-15,8700,8700,8500,8550,65473
039290,2019-04-16,8560,8850,8450,8610,119127
039290,2019-04-17,8620,8800,8580,8720,72615
039290,2019-04-18,8750,8840,8460,8600,141814
039290,2019-04-19,8650,8690,8580,8690,46937
039290,2019-04-22,8790,8940,8620,8650,128786
039290,2019-04-23,8570,8630,8470,8520,70451
039290,2019-04-24,8560,8660,8400,8630,93110
039290,2019-04-25,8600,8750,8520,8520,54882
039290,2019-04-26,8520,8520,8150,8290,87651
039290,2019-04-29,8320,8380,8150,8280,33543
039290,2019-04-30,8280,8430,8100,8430,54203
039290,2019-05-02,8420,8500,8360,8500,33205
039290,2019-05-03,8540,9220,8340,8700,833927
039290,2019-05-07,8520,8630,8420,8550,122307
039290,2019-05-08,8480,9150,8450,9020,708685
039290,2019-05-09,8980,8980,8330,8420,307367
039290,2019-05-10,8600,8660,8030,8040,338742
039290,2019-05-13,8130,8250,7870,7870,161882
039290,2019-05-14,7650,7970,7560,7820,92731
039290,2019-05-15,7830,8200,7830,8180,104511
039290,2019-05-16,8080,8290,7980,8120,105570
039290,2019-05-17,8120,8340,7970,8020,116587
039290,2019-05-20,7970,8060,7630,7630,93860
039290,2019-05-21,7560,7780,7560,7630,36192
039290,2019-05-22,7630,7720,7570,7600,34781
039290,2019-05-23,7560,7730,7520,7590,40353
039290,2019-05-24,7500,7610,7330,7510,75934
039290,2019-05-27,7450,7550,7350,7400,25766
039290,2019-05-28,7350,7550,7350,7530,18789
039290,2019-05-29,7500,7500,7340,7390,26504
039290,2019-05-30,7610,7750,7340,7520,60376
039290,2019-05-31,7410,7520,7350,7420,23731
039290,2019-06-03,7340,7440,7320,7430,32586
039290,2019-06-04,7460,7530,7390,7510,31392
039290,2019-06-05,7630,7630,7510,7520,21636
039290,2019-06-07,7520,7680,7520,7650,32121
039290,2019-06-10,7830,7830,7670,7780,27518
039290,2019-06-11,7820,7970,7700,7920,40340
039290,2019-06-12,7830,7910,7780,7900,25780
039290,2019-06-13,7900,8070,7830,8020,37605
039290,2019-06-14,8020,8030,7860,7920,18548
039290,2019-06-17,7920,8010,7710,8010,33253
039290,2019-06-18,8010,8080,7940,8010,35611
039290,2019-06-19,8060,8110,7980,8060,38781
039290,2019-06-20,8070,8180,8000,8150,39514
039290,2019-06-21,8150,8150,7600,7960,40900
039290,2019-06-24,8000,8000,7780,7810,39243
039290,2019-06-25,7770,8150,7770,7880,61619
039290,2019-06-26,7900,8010,7820,7920,34096
039290,2019-06-27,7920,8000,7790,7930,26105
039290,2019-06-28,7940,7990,7710,7860,29811
039290,2019-07-01,7860,7880,7740,7790,18514
039290,2019-07-02,7740,7910,7700,7770,23512
039290,2019-07-03,7770,7850,7600,7680,22094
039290,2019-07-04,7620,7720,7510,7620,27623
039290,2019-07-05,7550,7660,7540,7580,17182
039290,2019-07-08,7640,7640,7060,7150,94141
039290,2019-07-09,7230,7230,6850,6900,53571
039290,2019-07-10,6830,7040,6830,7010,23658
039290,2019-07-11,7010,7040,6950,7040,18308
039290,2019-07-12,7080,7080,6990,7080,12433
039290,2019-07-15,7110,7110,6890,6920,18641
039290,2019-07-16,6850,6990,6850,6960,14965
039290,2019-07-17,6850,7020,6770,6810,29544
039290,2019-07-18,6800,6920,6740,6750,30644
039290,2019-07-19,6750,7300,6750,7150,52913
039290,2019-07-22,7190,7220,6950,7100,18804
039290,2019-07-23,7080,7100,6500,6980,44751
039290,2019-07-24,6840,7120,6810,6980,42863
039290,2019-07-25,6890,6960,6570,6640,37953
039290,2019-07-26,6570,6680,6390,6550,45023
039290,2019-07-29,6550,6560,6000,6000,66710
039290,2019-07-30,6000,6180,5970,6160,40326
039290,2019-07-31,6090,6300,5990,6180,11893
039290,2019-08-01,6170,6380,6110,6200,15505
039290,2019-08-02,6200,6200,6000,6130,27286
039290,2019-08-05,6030,6130,5490,5490,76658
039290,2019-08-06,5170,5620,5150,5150,93521
039290,2019-08-07,5000,5470,5000,5400,63647
039290,2019-08-08,5410,5850,5410,5760,20306
039290,2019-08-09,5760,5890,5540,5780,11054
039290,2019-08-12,5560,5870,5560,5810,18672
039290,2019-08-13,5810,5940,5790,5870,15899
039290,2019-08-14,5900,5980,5840,5860,8890
039290,2019-08-16,5770,5790,5580,5620,26694
039290,2019-08-19,5510,5740,5510,5670,33367
039290,2019-08-20,5700,5880,5570,5800,29253
039290,2019-08-21,5890,6090,5790,6050,32306
039290,2019-08-22,6090,6300,5830,5880,33992
039290,2019-08-23,5780,5910,5780,5830,11088
039290,2019-08-26,5620,5790,5520,5530,28663
039290,2019-08-27,5560,5770,5560,5660,14635
039290,2019-08-28,5570,5740,5570,5710,11077
039290,2019-08-29,5710,5950,5700,5760,35621
039290,2019-08-30,5730,5940,5730,5890,16875
039290,2019-09-02,5890,5980,5870,5970,7505
039290,2019-09-03,6000,6000,5870,5920,12796
039290,2019-09-04,5920,6070,5900,6030,16446
039290,2019-09-05,6030,6110,5930,6050,28235
039290,2019-09-06,6050,6090,5970,6010,8630
039290,2019-09-09,5940,6160,5940,5960,14652
039290,2019-09-10,5890,5990,5890,5900,19781
039290,2019-09-11,5930,6050,5860,6050,18798
039290,2019-09-16,6070,6080,5950,6000,26571
039290,2019-09-17,6000,6110,5980,6080,19185
039290,2019-09-18,6050,6230,6050,6180,25346
039290,2019-09-19,6180,6260,6180,6220,19080
039290,2019-09-20,6300,6300,6110,6200,15139
039290,2019-09-23,6200,6200,6000,6080,35216
039290,2019-09-24,6590,7240,6280,6670,751523
039290,2019-09-25,6610,6660,6310,6330,134188
039290,2019-09-26,6330,6440,6130,6260,58110
039290,2019-09-27,6300,6350,6210,6220,18503
039290,2019-09-30,6220,6220,5880,5980,62654
039290,2019-10-01,5980,6050,5910,6030,16751
039290,2019-10-02,6140,6190,5930,6150,34423
039290,2019-10-04,6060,6190,5990,5990,24165
039290,2019-10-07,5940,6200,5830,5940,26653
039290,2019-10-08,5850,6040,5850,5970,20305
039290,2019-10-10,5970,6110,5930,6090,9604
039290,2019-10-11,6090,6200,6030,6030,14604
039290,2019-10-14,6050,6170,6030,6160,14099
039290,2019-10-15,6170,6300,6170,6280,31537
039290,2019-10-16,6360,6410,6220,6240,38167
039290,2019-10-17,6330,6330,6080,6150,27977
039290,2019-10-18,6250,6250,6110,6160,15245
039290,2019-10-21,6250,6250,6050,6170,11171
039290,2019-10-22,6170,6400,6150,6200,16854
039290,2019-10-23,6200,6270,6160,6200,19860
039290,2019-10-24,6200,6200,6090,6100,19319
039290,2019-10-25,6100,6220,6010,6060,23661
039290,2019-10-28,6060,6230,6060,6180,13562
039290,2019-10-29,6150,6350,6150,6330,26005
039290,2019-10-30,6390,6390,6230,6260,6668
039290,2019-10-31,6240,6300,6060,6210,25809
039290,2019-11-01,6210,6250,6140,6170,6218
039290,2019-11-04,6210,6240,6170,6220,8976
039290,2019-11-05,6230,6280,6170,6220,10566
039290,2019-11-06,6220,6330,6190,6280,21474
039290,2019-11-07,6260,6340,6210,6310,19322
039290,2019-11-08,6310,6400,6270,6330,22046
039290,2019-11-11,6330,6420,6060,6300,20898
039290,2019-11-12,6420,6420,6190,6340,20046
039290,2019-11-13,6390,6390,6240,6290,9134
039290,2019-11-14,6290,6360,6220,6300,19828
039290,2019-11-15,6300,6500,6300,6430,33002
039290,2019-11-18,6470,6490,6400,6460,25890
039290,2019-11-19,6400,6500,6300,6320,24370
039290,2019-11-20,6320,6340,6000,6050,47254
039290,2019-11-21,6060,6120,5920,5920,34085
039290,2019-11-22,5920,6200,5850,5940,19798
039290,2019-11-25,5970,6140,5950,6020,10744
039290,2019-11-26,6110,6110,6010,6110,10767
039290,2019-11-27,6110,6190,5800,6070,8928
039290,2019-11-28,6050,6150,5990,6000,6711
039290,2019-11-29,6060,6100,5920,5970,15921
039290,2019-12-02,6000,6000,5790,5900,24785
039290,2019-12-03,6140,6140,5880,5930,15841
039290,2019-12-04,5940,5950,5850,5900,21644
039290,2019-12-05,6000,6000,5810,5820,10431
039290,2019-12-06,5780,5900,5780,5840,11812
039290,2019-12-09,5840,5900,5750,5900,27431
039290,2019-12-10,5810,5980,5810,5980,11991
039290,2019-12-11,5990,5990,5880,5940,14744
039290,2019-12-12,5980,6020,5940,6000,15717
039290,2019-12-13,6000,6080,5990,6080,14088
039290,2019-12-16,6030,6140,6010,6040,12842
039290,2019-12-17,6040,6110,6010,6080,13036
039290,2019-12-18,6090,6110,6000,6080,5714
039290,2019-12-19,6080,6080,5940,5980,20983
039290,2019-12-20,5990,6020,5940,6010,11416
039290,2019-12-23,5960,6080,5960,5990,9165
039290,2019-12-24,5990,6020,5900,5960,12800
039290,2019-12-26,5960,6030,5920,5970,6115
039290,2019-12-27,5950,5980,5870,5970,5453
039290,2019-12-30,5970,6180,5930,6180,13270
039290,2020-01-02,6190,6280,6070,6200,14841
039290,2020-01-03,6140,6270,6130,6270,25893
039290,2020-01-06,6270,6330,6130,6330,27594
039290,2020-01-07,6330,6490,6300,6490,58220
039290,2020-01-08,6480,6480,6230,6230,38078
039290,2020-01-09,6300,6450,6300,6420,21327
039290,2020-01-10,6430,6500,6410,6470,21587
039290,2020-01-13,6470,6520,6400,6470,15804
039290,2020-01-14,6470,6500,6340,6470,24810
039290,2020-01-15,6480,6600,6380,6570,43798
039290,2020-01-16,6600,6650,6480,6590,26560
039290,2020-01-17,6590,6670,6410,6490,16492
039290,2020-01-20,6490,6530,6390,6410,10721
039290,2020-01-21,6400,6420,6290,6350,26518
039290,2020-01-22,6350,6350,6250,6340,32190
039290,2020-01-23,6340,6400,6300,6350,22950
039290,2020-01-28,6210,6260,6150,6210,27744
039290,2020-01-29,6210,6300,6170,6180,9763
039290,2020-01-30,6150,6270,6090,6090,17144
039290,2020-01-31,6080,6190,5960,5960,21596
039290,2020-02-03,5900,6000,5720,5950,28844
039290,2020-02-04,5950,6050,5950,6050,10736
039290,2020-02-05,6080,6200,6020,6070,13291
039290,2020-02-06,6070,6220,5960,6160,9703
039290,2020-02-07,6200,6250,6120,6230,15471
039290,2020-02-10,6300,7100,6300,6790,838162
039290,2020-02-11,6750,6840,6660,6770,114421
039290,2020-02-12,6910,7000,6640,6990,176771
039290,2020-02-13,6920,6920,6700,6740,94296
039290,2020-02-14,6740,6830,6620,6720,69836
039290,2020-02-17,6750,6850,6610,6830,49253
039290,2020-02-18,6810,7100,6770,6820,111932
039290,2020-02-19,6820,7000,6500,6880,48071
039290,2020-02-20,6920,6990,6720,6820,44372
039290,2020-02-21,6730,7690,6720,7220,699638
039290,2020-02-24,7230,8890,7120,7440,3316328
039290,2020-02-25,7300,8130,7160,8040,948124
039290,2020-02-26,7800,8300,7690,8080,607563
039290,2020-02-27,8030,8300,7550,7890,377459
039290,2020-02-28,7660,7670,7030,7130,277571
039290,2020-03-02,7150,7360,6900,7270,187672
039290,2020-03-03,7490,7500,7220,7400,137424
039290,2020-03-04,7300,7790,7300,7680,199442
039290,2020-03-05,7820,7890,7430,7480,144800
039290,2020-03-06,7480,7590,7270,7370,128323
039290,2020-03-09,7240,7240,6760,6790,166128
039290,2020-03-10,6600,7040,6550,7000,102663
039290,2020-03-11,7150,8050,7040,7470,1400323
039290,2020-03-12,7730,7870,6310,6360,746151
039290,2020-03-13,5730,5800,4920,5400,442598
039290,2020-03-16,5410,5700,4720,4720,372496
039290,2020-03-17,4250,4910,4250,4840,199034
039290,2020-03-18,4890,5010,4400,4400,149869
039290,2020-03-19,4470,4600,3570,3670,216494
039290,2020-03-20,3700,4100,3700,4090,167165
039290,2020-03-23,3710,3980,3710,3880,45624
039290,2020-03-24,4000,4185,3880,4125,111367
039290,2020-03-25,4250,4485,4155,4440,203383
039290,2020-03-26,4530,4850,4300,4685,204095
039290,2020-03-27,5050,5260,4710,5060,210088
039290,2020-03-30,5060,6570,5060,6500,586649
039290,2020-03-31,6750,6870,6120,6370,359802
039290,2020-04-01,6310,6800,6170,6600,378612
039290,2020-04-02,7180,7280,6550,6760,404717
039290,2020-04-03,6670,6750,6030,6270,274252
039290,2020-04-06,6270,6440,5950,6430,269467
039290,2020-04-07,6640,6650,6290,6400,148469
039290,2020-04-08,6380,6530,6230,6450,187784
039290,2020-04-09,6510,6700,6330,6700,302474
039290,2020-04-10,6840,6840,5900,6200,293468
039290,2020-04-13,6200,6200,5600,5780,222381
039290,2020-04-14,5780,5900,5700,5860,80945
039290,2020-04-16,5860,5970,5610,5970,69283
039290,2020-04-17,6020,6190,5800,6180,122544
039290,2020-04-20,6180,6340,6150,6160,94102
039290,2020-04-21,6160,6230,5550,6020,85602
039290,2020-04-22,6180,6230,5890,6230,59393
039290,2020-04-23,6300,6680,6230,6650,320470
039290,2020-04-24,6700,6740,6370,6370,249564
039290,2020-04-27,6490,6770,6430,6570,392100
039290,2020-04-28,6590,6680,6160,6420,159234
039290,2020-04-29,6530,6580,6390,6450,75833
039290,2020-05-04,6370,6550,6310,6530,63694
039290,2020-05-06,6570,7130,6530,7070,764320
039290,2020-05-07,7250,7310,7070,7150,510430
039290,2020-05-08,7150,7190,7050,7050,136125
039290,2020-05-11,7050,7500,6900,7380,392261
039290,2020-05-12,7510,7560,7200,7500,438837
039290,2020-05-13,7370,7470,7230,7290,208167
039290,2020-05-14,7250,7350,6980,7040,160975
039290,2020-05-15,7040,7230,6880,7120,104891
039290,2020-05-18,7120,7180,6950,7100,84259
039290,2020-05-19,7110,7300,7020,7200,105466
039290,2020-05-20,7200,7390,7200,7320,129307
039290,2020-05-21,7300,7590,7230,7490,230344
039290,2020-05-22,7470,7570,7100,7170,177145
039290,2020-05-25,7250,7320,7160,7300,76710
039290,2020-05-26,7420,7600,7340,7530,258385
039290,2020-05-27,7580,7580,7280,7350,104726
039290,2020-05-28,7350,7370,6750,6930,183527
039290,2020-05-29,6900,7020,6700,6740,76991
039290,2020-06-01,6850,7000,6750,6940,68305
039290,2020-06-02,7030,7210,6850,7050,95134
039290,2020-06-03,7230,7270,6950,6990,66474
039290,2020-06-04,6990,7150,6930,6990,48562
039290,2020-06-05,7000,7060,6890,6910,47461
039290,2020-06-08,6950,7170,6880,7040,66040
039290,2020-06-09,7100,7100,6960,7090,49229
039290,2020-06-10,7090,7300,7010,7050,97789
039290,2020-06-11,7050,7300,6900,7030,100611
039290,2020-06-12,6470,6800,6470,6760,100292
039290,2020-06-15,6760,6940,6130,6130,179468
039290,2020-06-16,6300,6580,6250,6450,68406
039290,2020-06-17,6540,6740,6250,6490,52293
039290,2020-06-18,6490,6730,6260,6670,52764
039290,2020-06-19,6670,6840,6570,6690,50779
039290,2020-06-22,6690,6760,6590,6600,55451
039290,2020-06-23,6600,6960,6600,6760,111383
039290,2020-06-24,6890,6890,6660,6700,53651
039290,2020-06-25,6510,6720,6470,6620,32699
039290,2020-06-26,6620,6740,6510,6540,23834
039290,2020-06-29,6500,6710,6280,6320,39149
039290,2020-06-30,6430,6490,6280,6350,33397
039290,2020-07-01,6420,6830,6330,6490,113048
039290,2020-07-02,6500,6700,6410,6680,32536
039290,2020-07-03,6800,6880,6680,6720,55562
039290,2020-07-06,6740,6840,6600,6700,36392
039290,2020-07-07,6770,6930,6600,6690,38941
039290,2020-07-08,6780,6870,6700,6810,75193
039290,2020-07-09,6770,6850,6710,6730,44268
039290,2020-07-10,6730,6900,6680,6750,35380
039290,2020-07-13,6810,7230,6740,7220,331142
039290,2020-07-14,7280,7430,7140,7210,320231
039290,2020-07-15,7300,7390,7110,7130,119806
039290,2020-07-16,7200,7470,7110,7150,398009
039290,2020-07-17,7150,7250,7080,7130,101132
039290,2020-07-20,7200,7300,7070,7260,178952
039290,2020-07-21,7300,7390,7030,7110,188349
039290,2020-07-22,7110,7200,6940,7150,101417
039290,2020-07-23,7130,7150,6940,7000,81279
039290,2020-07-24,6920,6980,6680,6750,80070
039290,2020-07-27,6750,6830,6640,6650,72855
039290,2020-07-28,6670,6850,6650,6700,84176
039290,2020-07-29,6830,6890,6670,6860,50511
039290,2020-07-30,6940,7020,6740,6910,73057
039290,2020-07-31,6910,7180,6850,7040,153356
039290,2020-08-03,7090,7100,6900,7040,82090
039290,2020-08-04,7230,7250,6990,7010,62222
039290,2020-08-05,7000,7010,6880,7000,52917
039290,2020-08-06,7000,7050,6860,6990,55279
039290,2020-08-07,7000,7140,6890,7000,58827
039290,2020-08-10,7050,7080,6590,6890,74287
039290,2020-08-11,7010,8160,6990,7220,1000417
039290,2020-08-12,7190,7250,6870,6930,224509
039290,2020-08-13,6940,7150,6940,7020,115518
039290,2020-08-14,7010,7100,6790,6840,89120
039290,2020-08-18,6800,6800,6430,6480,114336
039290,2020-08-19,6360,6600,6360,6450,36679
039290,2020-08-20,6390,6540,6060,6110,113226
039290,2020-08-21,6170,6170,5980,6010,50072
039290,2020-08-24,6130,6200,5900,6190,34939
039290,2020-08-25,6240,7070,6140,6650,690592
039290,2020-08-26,6600,6700,6500,6700,79819
039290,2020-08-27,6730,6740,6530,6570,104606
039290,2020-08-28,6620,6850,6600,6840,87332
039290,2020-08-31,7020,7310,7000,7090,393174
039290,2020-09-01,7170,7250,7090,7160,154564
039290,2020-09-02,7280,7300,7170,7260,219945
039290,2020-09-03,7260,7500,7150,7190,275836
039290,2020-09-04,6950,7250,6800,7200,140722
039290,2020-09-07,7300,7360,7130,7270,164744
039290,2020-09-08,7300,7480,7220,7330,179236
039290,2020-09-09,7440,7850,7030,7040,648301
039290,2020-09-10,7100,7770,7050,7740,1004774
039290,2020-09-11,7590,7620,7280,7360,348752
039290,2020-09-14,7500,7540,7220,7540,185188
039290,2020-09-15,7530,9240,7430,8150,7408545
039290,2020-09-16,8180,8290,7810,7880,643819
039290,2020-09-17,7880,7940,7710,7760,318509
039290,2020-09-18,7740,7860,7550,7600,195767
039290,2020-09-21,7620,7970,7430,7590,354246
039290,2020-09-22,7590,7660,7110,7490,183278
039290,2020-09-23,7810,8590,7550,7850,3150836
039290,2020-09-24,7630,8460,7610,8070,1659337
039290,2020-09-25,8070,8570,7950,7980,1048792
039290,2020-09-28,8190,9680,8140,8910,5695089
039290,2020-09-29,8850,10250,8740,9380,6180115
039290,2020-10-05,9240,9540,9050,9280,906584
039290,2020-10-06,9250,9360,8710,8800,545026
039290,2020-10-07,8620,8950,8590,8680,352418
039290,2020-10-08,8740,8880,8570,8800,293029
039290,2020-10-12,8800,8850,8390,8720,392112
039290,2020-10-13,8820,9680,8820,9380,2815138
039290,2020-10-14,9350,9380,8980,9100,406255
039290,2020-10-15,9100,9100,8430,8650,286350
039290,2020-10-16,8690,8700,8310,8470,138457
039290,2020-10-19,8400,8500,8010,8070,150743
039290,2020-10-20,8000,8300,7750,8300,154659
039290,2020-10-21,8370,8370,8050,8190,95252
039290,2020-10-22,8090,8090,7800,7800,109862
039290,2020-10-23,7830,7950,7730,7760,46806
039290,2020-10-26,8080,8080,7290,7340,175015
039290,2020-10-27,7340,7640,7110,7480,107987
039290,2020-10-28,7570,7650,7410,7650,70296
039290,2020-10-29,7420,7600,7350,7580,83190
039290,2020-10-30,7610,8060,7470,7760,250531
039290,2020-11-02,7710,8000,7680,7700,88149
039290,2020-11-03,7710,7840,7610,7700,132945
039290,2020-11-04,7840,8250,7710,8050,582831
039290,2020-11-05,7670,7900,7580,7900,270272
039290,2020-11-06,7920,7920,7670,7710,118877
039290,2020-11-09,7740,7880,7690,7840,80112
039290,2020-11-10,7880,8220,7770,8180,328790
039290,2020-11-11,8360,8360,7990,8040,234832
039290,2020-11-12,8050,8110,7970,7980,70144
039290,2020-11-13,8000,8040,7830,7910,64133
039290,2020-11-16,7910,7940,7770,7870,75304
039290,2020-11-17,7870,7990,7770,7880,106477
039290,2020-11-18,7920,7980,7800,7880,50887
039290,2020-11-19,7870,8000,7750,7820,101381
039290,2020-11-20,7860,7980,7800,7950,72238
039290,2020-11-23,7950,8020,7820,7970,92066
039290,2020-11-24,7950,8090,7930,8020,122829
039290,2020-11-24,7950,8090,7930,8040,125944
039290,2020-11-24,7950,8090,7930,8040,126787
039290,2020-11-25,8100,8140,7830,7860,157205
039290,2020-11-26,7940,7950,7800,7800,51324
039290,2020-11-27,7800,7850,7500,7780,109417
039290,2020-11-30,7780,7900,7750,7860,64700
039290,2020-12-01,7860,7890,7650,7690,85641
039290,2020-12-02,7770,7890,7700,7880,102558
039290,2020-12-03,7880,7880,7700,7800,67995
039290,2020-12-04,7800,7860,7700,7740,65883
039290,2020-12-07,7580,7740,7460,7460,78691
039290,2020-12-08,7470,7700,7470,7530,46272
039290,2020-12-09,7550,7850,7550,7730,77559
039290,2020-12-10,7680,7880,7650,7740,54709
039290,2020-12-11,7870,7900,7730,7790,52623
039290,2020-12-14,7790,7790,7590,7640,51070
039290,2020-12-15,7650,7740,7470,7600,56948
039290,2020-12-16,7600,7640,7470,7520,69268
039290,2020-12-17,7580,7590,7480,7480,52600
039290,2020-12-18,7490,7860,7490,7560,72457
039290,2020-12-21,7590,7740,7500,7530,43705
039290,2020-12-22,7540,9780,7500,9780,9226048
039290,2020-12-23,10850,12700,10400,12700,3230233
039290,2020-12-24,13500,13850,9480,10000,7300439
039290,2020-12-24,13500,13850,9480,10000,7349376
039290,2020-12-28,9830,12250,9700,11000,10908746
039290,2020-12-28,9830,12250,9700,11000,10971954
039290,2020-12-29,11000,11600,10750,11100,2689003
039290,2020-12-30,11050,11400,10350,11150,1830988
039290,2020-12-30,11050,11400,10350,11150,1891670
039290,2021-01-04,11550,14450,11350,14450,4970095
039290,2021-01-05,14950,18250,14900,15850,16991637
